#Nsample
#ln(Lhood)
#O1 : emass
#O1 : theta (deg)
#O1 : rc (arcsec)
#O1 : sigma (km/s)
#O2 : rc (arcsec)
#O2 : sigma (km/s)
#O3 : emass
#O3 : theta (deg)
#O3 : rc (arcsec)
#O3 : sigma (km/s)
#Pot0 rcut (arcsec)
#Pot0 sigma (km/s)
#Chi2
1 -1311.391798 0.600406 79.999398 0.760058 946.510921 0.974146 232.887991 0.569763 73.127204 20.367627 101.312863 0.482466 86.093072 2627.851009
1 -1311.085220 0.600027 79.966378 0.755269 957.747650 7.662741 148.650156 0.207420 73.343444 21.916633 106.447068 0.494580 88.465899 2627.077635
1 -1311.647682 0.600568 79.993777 0.756950 953.581794 15.372117 109.884006 0.572522 71.035350 19.744190 112.716720 0.463169 88.350172 2628.279018
1 -1313.551518 0.600583 79.997689 0.760709 960.223266 18.354308 105.417672 0.388557 77.962027 19.539714 101.851099 0.500660 84.791368 2632.009624
1 -1311.094418 0.600658 79.965995 0.755186 956.633909 21.198210 153.384719 0.339192 72.564885 21.976403 105.084462 0.479014 86.554321 2627.124255
1 -1311.528579 0.600994 79.959622 0.755854 947.952492 4.335558 216.450702 0.417952 64.529717 20.364664 100.712843 0.461774 85.156854 2628.109131
1 -1311.138258 0.600538 79.956138 0.756789 949.905385 6.272835 232.022645 0.032937 68.048754 21.691766 100.055640 0.475402 87.560709 2627.294852
1 -1311.233796 0.600450 79.990091 0.755496 958.005905 20.967039 125.423709 0.353052 75.002105 21.286925 113.275381 0.459608 86.549978 2627.396818
1 -1310.769602 0.600015 79.984455 0.757482 955.329646 12.397221 149.901441 0.208146 72.908040 22.317015 110.652072 0.474546 88.862329 2626.497721
1 -1309.329759 0.601086 79.998206 0.757366 954.398428 3.246817 153.296359 0.201715 67.867304 22.484668 101.908607 0.456700 88.245098 2623.628242
2 -1308.840558 0.601005 79.978088 0.755584 951.776840 4.652421 161.303924 0.049850 73.623857 22.275655 100.673598 0.488721 85.155332 2622.685316
2 -1310.044853 0.601214 79.960373 0.755114 950.526090 6.864702 211.489130 0.030472 62.666700 22.160098 100.741095 0.462098 86.031381 2625.106894
2 -1312.305198 0.600078 79.984030 0.755330 951.536005 15.436626 127.540096 0.357681 70.635237 18.172553 117.097782 0.480247 87.587548 2629.626209
2 -1310.076887 0.600808 79.991556 0.756217 947.790310 14.512858 204.465329 0.006738 73.888674 21.647252 100.907026 0.493936 85.148009 2625.218865
2 -1310.995612 0.600860 79.964502 0.757048 954.092589 11.297183 163.937596 0.414988 68.623348 22.254733 100.140328 0.480875 86.490668 2626.959999
2 -1311.623964 0.600541 79.997992 0.758468 950.504985 14.224517 158.778237 0.110837 71.656050 19.018820 109.614689 0.479161 85.953429 2628.293830
2 -1311.142163 0.600409 79.987198 0.756318 951.740285 1.273640 170.386366 0.400158 69.294164 19.192732 111.507642 0.478888 85.668612 2627.290578
2 -1311.128665 0.600657 79.978812 0.758047 948.605971 3.703188 252.190158 0.271586 67.366044 22.282716 104.804660 0.458321 87.103379 2627.295339
2 -1309.539234 0.600618 79.989951 0.755142 946.974929 2.111472 248.351743 0.530869 71.237906 20.377937 102.239549 0.457087 86.243939 2624.126942
2 -1309.231287 0.601024 79.990104 0.755140 957.234216 6.199791 104.216918 0.256226 67.876910 22.245066 100.949330 0.459724 88.680519 2623.386277
3 -1310.063138 0.600864 79.987225 0.755615 945.933094 2.188511 250.362970 0.506666 76.039085 21.349223 105.086786 0.480152 84.593275 2625.190871
3 -1310.655179 0.600171 79.981784 0.756795 952.501223 3.582544 119.642395 0.235959 53.217456 20.983055 106.109976 0.521733 85.175970 2626.308198
3 -1311.283759 0.600476 79.974362 0.755823 956.496892 12.964978 108.789314 0.036199 71.560797 21.736551 112.471396 0.471932 88.880963 2627.512325
3 -1309.260392 0.600372 79.993937 0.755078 946.168683 12.978781 222.947485 0.323183 78.768046 20.600403 102.188015 0.478603 85.017962 2623.602972
3 -1309.484258 0.600121 79.971204 0.755693 951.094662 8.951528 142.561221 0.270442 67.340113 21.402854 103.137477 0.499772 85.889185 2623.981429
3 -1310.600327 0.601237 79.992066 0.755370 952.800016 10.318623 123.257337 0.354499 66.453912 20.162255 108.883064 0.474226 85.545661 2626.198879
3 -1309.722285 0.600630 79.983417 0.755972 958.090909 4.939498 107.451984 0.570707 77.492724 22.337236 102.086703 0.501854 86.692559 2624.346653
3 -1311.121190 0.600451 79.982252 0.759052 951.859982 2.313929 171.321733 0.050957 60.233346 22.645797 106.714334 0.529907 85.110085 2627.246848
3 -1311.556666 0.600215 79.989725 0.756961 949.504257 13.251305 200.011312 0.087852 72.371553 18.788245 108.327730 0.467366 87.891618 2628.159338
3 -1313.328773 0.600096 79.945067 0.759847 953.918637 8.316929 138.181031 0.040084 58.066294 20.689568 106.477913 0.475084 88.919495 2631.646195
4 -1311.449750 0.600917 79.972770 0.756611 946.377186 7.696025 236.528195 0.065030 55.232865 21.622152 103.691337 0.463277 85.460294 2627.982636
4 -1309.409296 0.600514 79.977297 0.755821 951.885705 7.674071 109.083845 0.015190 68.295516 21.337804 106.784913 0.481545 86.747924 2623.831955
4 -1310.957412 0.600209 79.963555 0.756184 956.445423 13.040020 116.297007 0.004399 71.515767 22.524695 110.507488 0.457518 89.602653 2626.862082
4 -1309.574837 0.600029 79.978844 0.757724 953.997912 15.236834 177.980980 0.017165 65.720176 21.640045 102.079926 0.459364 85.626084 2624.143887
4 -1309.987689 0.600772 79.995577 0.755952 954.442151 13.602924 165.145956 0.054111 68.791738 20.224104 108.060452 0.456140 85.002182 2624.963392
4 -1309.796152 0.600467 79.978839 0.755441 953.092927 9.743772 127.986840 0.442830 61.014511 20.745560 104.356394 0.467065 84.653403 2624.589162
4 -1309.119570 0.600249 79.955733 0.756281 955.561357 9.037311 114.465264 0.588953 77.182427 22.006325 100.394240 0.456895 86.775427 2623.191980
4 -1310.582136 0.600168 79.947034 0.756026 955.714455 1.829132 127.812816 0.072629 63.008428 22.512170 106.254882 0.497355 84.751141 2626.119943
4 -1312.771482 0.600182 79.950066 0.756855 947.799494 18.252418 101.354180 0.441815 65.627753 22.074594 110.942735 0.461958 89.120856 2630.611548
4 -1313.456735 0.600923 79.967395 0.755272 950.681521 21.707155 124.188987 0.211013 54.556304 21.585845 113.502840 0.484459 91.351188 2631.924136
5 -1309.755539 0.601178 79.998056 0.755357 951.824325 7.151413 219.824190 0.063411 57.715980 22.032232 102.353930 0.461021 89.981514 2624.494990
5 -1310.297409 0.601035 79.977146 0.755644 950.357321 3.328833 165.506768 0.528423 62.739279 22.026318 100.309202 0.465144 87.296604 2625.608156
5 -1309.215470 0.600146 79.991279 0.755189 954.605004 13.768724 109.944373 0.195745 73.309174 22.287592 111.563933 0.459519 91.351412 2623.391514
5 -1309.884178 0.600127 79.976859 0.755297 956.101969 13.684711 137.952684 0.405013 70.719786 21.020206 105.826075 0.475869 85.008036 2624.718393
5 -1310.645662 0.600377 79.973526 0.756177 955.579222 8.620910 112.440916 0.265561 71.592279 22.279152 111.760465 0.470130 87.947835 2626.247581
5 -1313.697661 0.600800 79.970079 0.759522 948.058008 4.446630 191.598598 0.378905 66.185650 21.386569 115.028828 0.455056 85.987451 2632.469686
5 -1311.083302 0.600255 79.957845 0.756377 952.443919 13.651478 112.933504 0.479621 55.094399 22.638318 106.839543 0.463981 85.399843 2627.176895
5 -1311.994933 0.600154 79.977796 0.758279 954.580443 20.717122 130.875739 0.011454 50.817764 22.561318 115.851207 0.506279 86.108863 2628.974628
5 -1313.766334 0.601312 79.925748 0.758356 950.584598 5.943823 189.577963 0.272142 77.237626 21.818622 102.079726 0.496040 86.035849 2632.548863
5 -1311.638470 0.600092 79.964343 0.756825 945.940414 12.320756 124.467194 0.134629 53.369418 22.103717 111.411155 0.453147 87.435428 2628.388105
6 -1311.186569 0.600981 79.993084 0.755388 951.969798 2.867995 206.982957 0.545588 59.506742 22.156872 103.161314 0.483916 89.116034 2627.341282
6 -1308.345701 0.601103 79.992146 0.755823 951.460951 2.233090 164.799105 0.080038 60.586167 21.542547 100.660057 0.460949 85.763535 2621.705276
6 -1308.747979 0.600800 79.998989 0.755287 954.180436 15.583690 125.006526 0.056302 75.250450 21.987246 104.639850 0.464388 89.843633 2622.464967
6 -1310.513948 0.600379 79.960039 0.758717 954.682292 14.884560 125.811616 0.517487 78.354584 21.272755 101.007117 0.481102 85.016197 2626.004404
6 -1312.401827 0.600365 79.971677 0.756795 959.154904 7.674232 113.770686 0.049110 73.774258 21.564111 110.237701 0.462511 87.360465 2629.719939
6 -1314.875788 0.601123 79.971371 0.755911 948.251964 1.758158 331.674493 0.033556 71.502736 21.173787 120.115185 0.517958 86.346521 2634.754746
6 -1310.625623 0.601267 79.986284 0.758155 949.864619 21.472305 108.857017 0.533711 66.957076 21.425176 100.897992 0.461118 85.137677 2626.302315
6 -1311.760244 0.600618 79.991074 0.756360 950.881731 14.359391 188.874762 0.090697 75.821626 22.325514 109.609451 0.538214 88.057100 2628.520045
6 -1315.082889 0.601488 79.917840 0.760557 950.093976 3.729445 172.894036 0.365015 75.308527 22.548907 105.033154 0.483859 85.971668 2635.200421
6 -1313.591163 0.600084 79.974919 0.759303 948.282450 12.977213 164.574264 0.483876 74.219898 21.710542 121.353695 0.472468 88.369192 2632.247762
7 -1317.528147 0.600965 79.954750 0.757014 945.773524 5.845074 289.321584 0.207011 60.232026 22.157444 107.057601 0.593778 86.289364 2640.089760
7 -1313.480450 0.600784 79.961632 0.756607 952.655711 13.635442 157.676507 0.349187 77.349792 22.463099 109.935668 0.587042 87.160675 2631.921572
7 -1311.613161 0.600673 79.989648 0.756626 949.951779 13.556899 131.126964 0.435141 73.740004 22.166450 123.345223 0.461792 88.097305 2628.267394
7 -1308.533519 0.600031 79.999390 0.757910 953.987242 13.068232 104.896736 0.096239 77.277627 21.147043 104.115858 0.469312 86.929115 2622.060520
7 -1314.398253 0.600960 79.867714 0.755833 956.156405 3.596548 128.636156 0.110393 72.220645 22.419397 105.093649 0.465405 85.014384 2633.749164
7 -1314.546022 0.600613 79.988516 0.761717 949.172397 4.135174 291.098079 0.377340 64.870204 20.275431 110.172772 0.462178 85.914439 2634.129134
7 -1311.105385 0.601482 79.980605 0.757379 950.365943 2.148418 143.045154 0.020514 67.219409 21.472107 107.219313 0.476070 86.218707 2627.246930
7 -1311.496202 0.600524 79.996871 0.756079 953.513102 19.667315 184.564790 0.194506 78.412450 22.376746 107.320350 0.600832 85.507661 2627.946938
7 -1313.704228 0.601161 79.883126 0.755457 952.749172 15.904335 125.092358 0.101868 75.745766 22.636583 104.214069 0.487127 86.275787 2632.401245
7 -1311.715535 0.600322 79.963711 0.755609 952.394803 2.467136 191.766555 0.408195 77.573784 22.349651 122.269818 0.454671 90.431541 2628.411537
8 -1312.086467 0.602243 79.988112 0.755846 951.656794 22.274393 152.646415 0.272643 74.789984 22.110675 111.445662 0.483448 86.873178 2629.181450
8 -1312.904008 0.600142 79.938078 0.755343 954.795373 13.663590 162.059887 0.202990 77.641091 22.246736 105.539706 0.584755 87.302677 2630.735498
8 -1314.783699 0.600561 79.970853 0.758496 950.034055 12.590094 221.107720 0.478330 68.042776 21.032476 119.830891 0.475014 85.320121 2634.606877
8 -1309.272545 0.600584 79.987732 0.757307 950.570623 7.605025 114.035133 0.091395 72.367835 21.169279 101.289336 0.501895 85.186173 2623.578327
8 -1313.039552 0.600768 79.965600 0.759978 957.102068 6.642314 130.512682 0.095857 67.963666 22.199824 103.445511 0.511144 85.998801 2631.018229
8 -1311.964693 0.600003 79.997340 0.758793 951.944226 4.813503 285.704821 0.275140 66.562869 19.922967 102.625540 0.527323 84.805637 2628.904910
8 -1312.198181 0.601951 79.989429 0.755053 945.658065 8.233449 126.446315 0.052150 63.279741 21.628617 105.465313 0.479692 87.326192 2629.490393
8 -1312.073168 0.601598 79.955238 0.755528 949.089426 2.215108 145.566981 0.528914 69.703952 22.498297 102.939295 0.508176 85.445577 2629.173019
8 -1311.690611 0.600219 79.996636 0.762090 955.598156 19.749701 123.520232 0.110473 79.842151 22.067158 103.219300 0.518400 86.077952 2628.353011
8 -1315.997208 0.600771 79.948402 0.763865 955.949723 3.794841 142.844522 0.002837 74.552023 22.589290 111.002930 0.453720 91.395511 2636.962459
9 -1310.918053 0.602016 79.995500 0.757549 951.520662 0.800974 153.034703 0.156093 72.254739 21.639379 109.983478 0.453782 86.176538 2626.858078
9 -1312.927912 0.600078 79.932253 0.755246 955.371811 12.466963 150.071038 0.271282 79.826147 22.642354 109.105842 0.585816 86.643047 2630.778134
9 -1313.318580 0.600135 79.990340 0.759525 947.123098 20.335158 174.764815 0.364321 72.816007 20.852878 120.113264 0.473953 85.751379 2631.737582
9 -1310.978347 0.601636 79.994414 0.755050 949.916978 13.879280 101.344579 0.508777 68.212352 21.628883 108.636828 0.471602 88.289918 2626.981915
9 -1315.869638 0.601358 79.903215 0.758637 953.789217 15.928293 151.726117 0.013265 59.936812 22.611539 104.928913 0.513666 87.344112 2636.715456
9 -1313.297533 0.600560 79.995890 0.758779 945.128900 6.486749 267.137559 0.098344 75.283672 19.425718 104.723052 0.463007 88.762807 2631.684923
9 -1315.409671 0.601324 79.948702 0.755167 946.278947 4.903721 175.283565 0.297941 61.858419 20.827010 109.909183 0.460278 91.598403 2635.883586
9 -1310.082956 0.601045 79.993379 0.758708 949.204838 6.922619 133.196627 0.585614 78.020081 22.564014 108.615864 0.491530 84.624697 2625.215916
9 -1310.189582 0.600105 79.985950 0.759247 954.070981 18.960742 115.288419 0.098311 75.190973 21.842208 101.732437 0.521003 85.573211 2625.364362
9 -1313.850175 0.600236 79.912552 0.756566 955.215203 2.079803 137.383703 0.120700 69.933421 21.492483 101.673960 0.480504 95.188876 2632.622116
10 -1314.936126 0.601270 79.971386 0.756483 952.136020 21.412042 201.481975 0.278467 52.594329 22.226630 111.347795 0.556882 84.821875 2634.862967
10 -1315.620068 0.600169 79.961516 0.763479 952.515806 16.245180 164.728459 0.269975 74.942117 22.132221 110.239474 0.566110 85.643188 2636.244238
10 -1313.107569 0.600307 79.988402 0.760429 948.339684 11.030167 112.306459 0.210906 59.049805 21.777382 121.337921 0.473638 84.982981 2631.311189
10 -1310.037060 0.601550 79.987632 0.755235 950.854590 20.180895 121.085656 0.486918 73.209407 21.348254 108.288982 0.457129 86.601532 2625.097909
10 -1313.857702 0.601619 79.922747 0.756321 950.587153 17.509377 123.637564 0.048048 78.887973 21.820084 104.613372 0.461372 90.510919 2632.736108
10 -1311.582807 0.601193 79.977947 0.756869 950.441408 14.181904 233.529315 0.162221 65.853365 21.070771 102.635140 0.469689 85.024284 2628.194677
10 -1318.554835 0.601111 79.962431 0.758514 946.166301 20.481269 238.117748 0.054271 50.470556 20.421605 107.996964 0.520299 90.850902 2642.177989
10 -1310.578307 0.601390 79.966596 0.757039 950.469182 4.570332 145.543113 0.008900 56.652846 22.246394 102.497691 0.488231 84.642578 2626.190309
10 -1310.381257 0.600098 79.997175 0.761663 950.706050 19.302618 134.886917 0.019253 67.522563 20.964746 101.992848 0.470938 86.134993 2625.819194
10 -1312.301484 0.600389 79.971345 0.757605 957.134763 1.524427 145.913773 0.100490 58.331211 22.259858 101.973357 0.522538 91.270559 2629.502881
11 -1312.134585 0.601588 79.968895 0.756563 953.922313 5.084501 173.038174 0.168220 72.844007 22.155661 101.755469 0.524997 87.596868 2629.219737
11 -1317.021253 0.600500 79.937681 0.758336 950.805044 2.072655 236.123381 0.357200 57.497069 21.568713 115.964662 0.559640 85.468473 2639.033136
11 -1310.617893 0.600028 79.998898 0.755487 949.420919 15.388977 131.732967 0.158882 68.626996 21.870563 123.859862 0.503765 85.560741 2626.289666
11 -1311.668254 0.602073 79.970012 0.755153 952.110082 0.793398 244.994871 0.133839 74.419054 20.519212 100.751109 0.481036 87.169689 2628.302615
11 -1314.499697 0.600519 79.997760 0.755990 950.199526 14.176850 263.489786 0.419510 67.956406 21.044602 110.261050 0.546387 90.113823 2633.978128
11 -1311.905820 0.600336 79.991964 0.755504 949.226055 21.092642 273.965382 0.274797 61.114902 19.993009 104.109524 0.483718 84.594964 2628.855038
11 -1315.600517 0.600727 79.954990 0.755833 948.100854 16.523909 247.772491 0.581052 79.968463 20.144424 109.167258 0.493545 94.031210 2636.208884
11 -1310.473079 0.601611 79.981716 0.757238 952.973251 17.466258 114.063270 0.005683 76.506523 22.594505 100.868353 0.482995 87.658368 2625.939773
11 -1307.953171 0.600108 79.999411 0.755545 950.484370 18.199344 108.658517 0.116277 70.245348 20.930120 105.743716 0.467021 87.505634 2620.942293
11 -1313.872424 0.600567 79.934847 0.755158 955.123502 20.643079 131.551335 0.155419 63.591923 21.444413 101.375965 0.481871 98.073201 2632.655829
12 -1310.297842 0.601421 79.999374 0.755558 952.463982 0.846082 226.946872 0.255759 79.727021 21.516182 103.271283 0.548272 85.602761 2625.550071
12 -1314.728888 0.600685 79.965706 0.758213 952.331288 10.812444 111.782722 0.140240 56.118305 22.632405 122.494742 0.546218 86.350156 2634.460888
12 -1312.033949 0.600261 79.983812 0.755212 950.159180 20.153905 105.333394 0.054452 69.037302 22.589235 130.336613 0.519043 85.876982 2629.112262
12 -1311.186927 0.600552 79.981708 0.755623 949.090193 1.780312 220.212554 0.250834 67.278069 20.029027 114.555946 0.468580 84.879660 2627.415694
12 -1311.649324 0.600154 79.995256 0.755817 953.586607 1.415980 125.650594 0.360778 77.631656 21.483881 115.268950 0.554457 91.259575 2628.237852
12 -1309.836239 0.600100 79.997794 0.756462 949.379859 1.377560 266.692127 0.331668 61.907732 19.903420 101.914581 0.489301 85.185465 2624.685459
12 -1318.811473 0.600209 79.896252 0.757797 943.304672 16.738628 276.532772 0.028398 53.780966 20.932897 117.901513 0.463726 85.212228 2642.769269
12 -1309.645797 0.601237 79.975243 0.755078 949.713480 10.807723 176.825711 0.021261 75.098451 21.593755 100.969896 0.468854 86.212743 2624.327703
12 -1307.930401 0.600263 79.989625 0.757306 948.577348 2.350616 114.586037 0.502118 77.880651 21.137178 102.681663 0.464972 85.191133 2620.924974
12 -1313.232880 0.601859 79.996554 0.755735 957.500129 5.124499 105.939438 0.579891 67.406227 22.255780 102.038244 0.496804 97.248522 2631.329012
13 -1311.782810 0.601256 79.955044 0.756838 948.811174 4.370281 148.283652 0.415032 71.247142 22.165130 101.752216 0.456811 89.069162 2628.606265
13 -1314.321729 0.601653 79.961446 0.757588 951.487744 6.571077 273.658799 0.351928 75.691285 21.384932 106.290174 0.503717 86.819831 2633.619791
13 -1313.152821 0.600908 79.981457 0.757096 954.029001 4.000589 142.999855 0.543482 75.815590 22.454900 126.808899 0.502517 86.461738 2631.274224
13 -1313.536336 0.601102 79.987121 0.755242 948.764807 12.591387 106.913950 0.153646 54.960030 21.266447 122.434237 0.453380 92.334127 2632.123608
13 -1318.646944 0.600058 79.967433 0.764314 951.899273 22.515961 112.766783 0.425676 72.769398 21.952339 124.995350 0.572696 89.101563 2642.300252
13 -1313.018301 0.600363 79.998676 0.755681 953.645925 7.777081 172.674108 0.189176 60.104546 21.350631 125.851750 0.508250 87.024769 2631.014855
13 -1314.654094 0.600308 79.989913 0.757591 943.936149 3.072860 235.395629 0.528084 78.738355 21.797190 128.461123 0.509935 86.872890 2634.405186
13 -1309.716618 0.601305 79.985360 0.755589 949.569251 12.111443 160.116291 0.025881 74.119807 21.727681 101.449554 0.478098 86.464470 2624.472465
13 -1307.388910 0.600214 79.990129 0.756729 949.221653 3.033923 109.207934 0.518697 78.448557 20.843475 103.294026 0.457408 85.288264 2619.833396
13 -1313.146064 0.601316 79.999262 0.757848 952.336604 20.481353 147.678206 0.123843 72.129683 21.956795 109.366259 0.479284 95.078110 2631.269490
14 -1312.226376 0.600944 79.961128 0.756023 950.051067 4.523830 116.072411 0.307541 64.526959 22.068828 108.289184 0.508021 87.306307 2629.474545
14 -1311.860440 0.600511 79.991914 0.758057 949.653502 3.069153 284.496335 0.060998 50.936180 21.531890 105.727864 0.516391 86.154957 2628.725248
14 -1314.851734 0.601391 79.966665 0.758547 956.942021 7.937270 163.877603 0.356556 79.236419 22.308123 116.150884 0.525014 86.452067 2634.628218
14 -1314.755203 0.600659 79.998798 0.755698 946.906782 10.059370 168.987700 0.117895 50.246611 21.056043 127.779607 0.469106 91.695870 2634.585580
14 -1317.521659 0.600604 79.918553 0.758517 951.159394 0.927313 219.472977 0.420143 50.681135 21.432709 100.351560 0.573595 88.625962 2640.006815
14 -1311.833292 0.600521 79.972926 0.755214 958.111362 12.285347 153.860911 0.049093 68.523135 21.752155 104.457107 0.511371 89.188488 2628.562748
14 -1314.111179 0.601106 79.986706 0.755920 945.290129 6.013420 227.608766 0.297964 75.171602 22.324209 123.485418 0.507843 86.064550 2633.306599
14 -1308.998451 0.601045 79.996976 0.757239 949.887004 8.344632 143.716694 0.167580 78.498193 20.614925 101.051315 0.467894 85.406683 2623.043758
14 -1307.980856 0.600060 79.986865 0.757557 948.578192 2.814713 145.652030 0.542120 77.971377 20.709362 102.455677 0.454274 85.560127 2621.023587
14 -1310.978662 0.600200 79.978569 0.756473 953.702888 15.043831 145.082862 0.323588 76.280188 21.697028 102.509080 0.481628 95.115347 2626.902087
15 -1313.305751 0.600575 79.960218 0.758323 946.515428 19.834094 160.186320 0.388547 69.542895 22.198316 100.770025 0.511570 86.119916 2631.693487
15 -1311.728209 0.600352 79.996698 0.759619 950.357095 3.254686 298.086312 0.487306 79.021967 20.574168 100.769965 0.499126 89.194390 2628.433363
15 -1311.086810 0.601179 79.972196 0.755884 956.502153 9.890796 100.192760 0.386388 68.078608 22.429696 106.212910 0.494704 84.915696 2627.114320
15 -1316.742571 0.601694 79.991164 0.755681 947.776604 11.973007 121.707026 0.144148 65.533401 21.493916 138.862881 0.483711 89.749504 2638.559022
15 -1321.406728 0.600452 79.916706 0.757431 953.111450 17.055874 169.515618 0.444373 60.432521 20.743311 124.889837 0.486662 98.296850 2647.760021
15 -1314.030023 0.601073 79.996542 0.755213 951.975118 11.832774 240.224650 0.517101 54.388816 21.508636 102.288284 0.572704 87.166514 2633.013020
15 -1309.017663 0.600058 79.989216 0.755724 955.031798 6.329847 108.937915 0.016466 55.186006 20.877550 103.258585 0.474734 90.525695 2622.989015
15 -1309.415298 0.600940 79.987433 0.755207 949.253627 2.567172 136.741763 0.182469 53.694282 20.579926 102.246233 0.469082 86.132645 2623.876643
15 -1311.368674 0.600106 79.979591 0.759604 948.042688 3.486836 138.200145 0.503593 75.226164 21.042173 107.120272 0.453840 89.806096 2627.801634
15 -1310.505692 0.600586 79.994673 0.756739 948.565963 12.115392 129.307977 0.365556 79.750296 22.226147 109.096262 0.480661 90.889292 2626.051745
16 -1313.602533 0.600895 79.998235 0.756825 944.642838 4.090392 195.799487 0.137998 52.737860 20.688576 105.216232 0.516764 86.944265 2632.299219
16 -1314.088381 0.600033 79.971111 0.761497 947.416204 0.789411 275.277460 0.495513 74.013400 20.009199 100.330705 0.471421 91.917352 2633.204296
16 -1313.760217 0.601106 79.897747 0.756589 954.347876 2.379094 217.240955 0.453196 78.426626 22.282449 102.343610 0.504531 84.702970 2632.465135
16 -1317.383119 0.601282 79.986078 0.757938 949.248057 3.460276 265.220869 0.300097 67.296058 19.678659 127.636484 0.485162 88.827089 2639.787093
16 -1318.542200 0.601252 79.837686 0.755517 955.920685 2.406584 105.794021 0.049385 73.403882 21.753453 115.026848 0.501028 88.959613 2642.021234
16 -1309.369264 0.600671 79.992665 0.755329 953.112743 8.525023 158.383326 0.557352 77.285121 21.467846 106.543075 0.532413 85.060016 2623.705189
16 -1310.630683 0.600352 79.959467 0.757198 949.871530 1.388351 128.410763 0.028170 50.165190 20.815882 102.793691 0.458695 89.054327 2626.300957
16 -1310.572291 0.601054 79.996814 0.755276 948.865264 21.973439 169.159004 0.242021 58.101576 19.923456 103.811290 0.470333 85.698043 2626.202450
16 -1310.593326 0.600749 79.988601 0.757793 948.350262 5.108529 125.090242 0.416103 68.218246 22.224057 105.815361 0.480005 86.276143 2626.248310
16 -1311.870600 0.600443 79.964875 0.755239 950.527009 16.563012 118.475062 0.328873 73.956508 22.476156 104.910768 0.506103 93.405246 2628.728788
17 -1311.019027 0.600093 79.994126 0.755840 960.597123 7.945379 129.341608 0.448035 78.348043 22.562513 103.631735 0.557716 86.190980 2626.893156
17 -1315.099675 0.600151 79.973240 0.763500 948.164510 6.236739 260.946576 0.122576 70.587561 20.497007 101.710600 0.462100 91.801324 2635.247977
17 -1315.105467 0.600787 79.878588 0.756382 954.768894 1.672313 266.025442 0.032861 51.205985 22.445026 103.533258 0.457506 87.517475 2635.147063
17 -1317.981497 0.601783 79.937254 0.755250 953.108941 8.757433 198.836574 0.409773 68.469742 20.605680 129.658728 0.479292 86.389349 2640.945489
17 -1319.964635 0.601369 79.881799 0.761777 953.552301 20.579015 100.179210 0.095192 65.291982 21.387088 116.520617 0.518658 86.760443 2644.931330
17 -1308.726311 0.600242 79.978740 0.755018 954.833869 1.953255 171.122413 0.482329 78.854113 21.834671 103.734754 0.526525 84.866556 2622.391569
17 -1308.123011 0.600483 79.998787 0.755000 948.105452 1.062390 157.340546 0.167746 72.481706 19.997595 101.479220 0.467384 86.625733 2621.303038
17 -1310.715091 0.601081 79.994913 0.756155 947.747386 20.219159 158.662612 0.234815 56.488623 20.021242 100.558961 0.476974 84.995725 2626.506869
17 -1308.663467 0.600334 79.998815 0.758063 950.873051 2.593016 192.291050 0.026393 69.259714 22.445710 101.763876 0.500967 84.779458 2622.346285
17 -1308.900309 0.600122 79.998658 0.754995 951.328116 7.546006 142.828231 0.469875 79.102346 22.468207 104.538557 0.503564 92.989826 2622.770948
18 -1310.909202 0.600187 79.994099 0.755981 958.754681 16.099385 138.956246 0.442810 72.352714 22.250122 102.891331 0.548482 86.161691 2626.704693
18 -1314.032725 0.600424 79.986056 0.757121 942.654686 13.844665 319.715666 0.041699 79.474004 19.367301 103.211483 0.464508 85.165254 2633.199339
18 -1314.906534 0.600877 79.870533 0.756165 954.725241 1.854689 265.088676 0.022025 79.662030 22.459781 100.363000 0.459891 87.260454 2634.747798
18 -1314.929723 0.601798 79.995683 0.755756 951.439658 7.388495 190.322398 0.346630 76.618732 19.444169 130.190685 0.492492 84.960977 2634.874859
18 -1314.142401 0.600508 79.902037 0.755519 948.513774 16.041088 109.591760 0.010091 57.888675 20.301608 104.878690 0.456258 91.325194 2633.336741
18 -1313.233596 0.600186 79.928333 0.756906 951.586411 8.175524 190.533208 0.363416 76.353241 21.261482 114.023437 0.494804 85.388626 2631.474419
18 -1309.203668 0.600976 79.998248 0.755025 951.249449 0.781181 129.064695 0.314095 70.359484 18.897509 104.918622 0.482432 84.695354 2623.424561
18 -1310.146978 0.600495 79.996657 0.756194 952.178830 12.724368 175.438655 0.558068 68.447865 19.081450 100.028813 0.492795 85.190363 2625.288421
18 -1310.942516 0.600944 79.975698 0.756572 950.920992 11.475202 161.980991 0.124638 63.280248 22.548600 104.906579 0.496232 87.177690 2626.899087
18 -1309.471416 0.600036 79.995181 0.756711 950.423604 2.484090 157.549631 0.253012 75.725956 22.455728 100.873569 0.486944 93.359585 2623.935386
19 -1313.335388 0.601403 79.975693 0.756361 955.415712 12.978768 117.017815 0.062350 71.192323 21.343589 113.978618 0.516423 88.196322 2631.619688
19 -1316.629513 0.600665 79.951547 0.762622 947.197278 0.882830 366.034964 0.223766 78.904804 22.371592 103.723196 0.474063 93.020903 2638.255958
19 -1315.779168 0.601146 79.880376 0.757602 951.899803 1.194079 295.997497 0.560761 75.352323 21.073380 106.697966 0.454798 84.593821 2636.529877
19 -1316.867937 0.601522 79.992662 0.757079 953.355788 18.486442 131.052025 0.378012 72.448428 19.503947 135.256567 0.500028 84.895693 2638.741083
19 -1313.171707 0.600024 79.918839 0.755538 953.405293 16.790828 102.852536 0.554147 61.913516 22.176533 100.214304 0.466171 94.507698 2631.295108
19 -1309.615499 0.600207 79.978983 0.756283 953.999321 4.363253 115.768089 0.587830 78.380401 19.950627 109.703675 0.492247 84.784468 2624.206900
19 -1309.567368 0.600540 79.972817 0.755642 950.712418 19.954432 112.343507 0.174082 73.187982 18.538065 100.147522 0.456669 86.840261 2624.170097
19 -1310.786196 0.600225 79.981065 0.756385 955.994993 11.182533 212.727404 0.048144 65.050980 22.138102 101.160736 0.511127 86.289943 2626.505363
19 -1314.338925 0.600646 79.973209 0.756890 946.380410 17.504453 154.825501 0.424398 68.585005 21.027159 111.351712 0.511958 87.261012 2633.755668
19 -1311.391227 0.600460 79.940248 0.755571 953.952573 2.319931 124.892258 0.447829 74.500527 22.464826 101.359659 0.459698 95.558896 2627.719320
20 -1315.181303 0.601137 79.984466 0.756444 945.422174 19.515745 147.346381 0.091302 71.388256 21.649186 110.412926 0.494204 92.065862 2635.445673
20 -1314.674962 0.600329 79.997560 0.758227 946.122221 8.732626 311.209604 0.353821 78.404086 22.060135 118.080719 0.464053 93.467907 2634.393785
20 -1315.659705 0.601033 79.866399 0.757564 952.232638 1.004642 214.952593 0.581444 73.467322 20.810751 101.558783 0.482714 84.854846 2636.299734
20 -1317.105189 0.601816 79.974990 0.756950 952.486307 20.290012 165.437248 0.458277 75.871520 19.491208 135.401087 0.457320 84.993577 2639.233381
20 -1312.070125 0.600937 79.995060 0.755826 953.314139 8.870548 112.664569 0.256258 64.039287 20.206887 112.715472 0.477372 91.255754 2629.114523
20 -1310.015504 0.600160 79.982050 0.757874 953.980181 20.875282 121.732474 0.474003 79.940466 20.505032 100.159241 0.487163 90.304769 2624.995469
20 -1311.419784 0.600566 79.996121 0.755946 945.513487 3.368252 116.231779 0.118462 74.413605 18.338819 102.244604 0.476817 88.509750 2627.937909
20 -1315.070775 0.600641 79.990009 0.757469 963.409327 4.110447 138.925442 0.376693 77.777057 21.439026 106.551673 0.508746 84.946473 2634.981723
20 -1312.579973 0.600585 79.998950 0.755189 946.760072 17.640498 155.139772 0.027594 72.080905 22.013409 111.254976 0.550491 88.122646 2630.219993
20 -1312.065458 0.600472 79.965663 0.755591 951.282444 20.884241 103.065559 0.342414 75.417774 22.161557 107.313090 0.458857 98.092062 2629.108264
21 -1310.941053 0.601076 79.999246 0.755126 948.895805 14.764658 144.796652 0.037503 67.159393 21.675580 101.381882 0.512288 90.541797 2626.905180
21 -1314.227869 0.600465 79.997020 0.756606 947.618011 4.384093 306.358084 0.403818 77.902704 21.423410 134.564592 0.462906 88.652400 2633.491362
21 -1314.230620 0.602039 79.981183 0.756417 948.158921 6.640319 239.964042 0.455703 65.620269 22.333463 110.403125 0.501338 85.818485 2633.493780
21 -1314.948847 0.600785 79.984982 0.755068 947.752097 2.115920 118.162240 0.070240 75.458544 19.527659 139.783340 0.477609 85.260631 2634.995433
21 -1315.589103 0.600828 79.980030 0.757325 955.111552 15.489457 102.622880 0.361065 69.326645 20.443627 125.959250 0.458207 93.517518 2636.134447
21 -1313.566298 0.601200 79.979923 0.760680 956.577865 2.960571 178.562387 0.210360 79.403505 21.379525 107.102046 0.490425 86.050606 2632.077350
21 -1312.421744 0.600545 79.998153 0.755325 943.481319 6.230098 109.537354 0.056887 70.881291 18.066810 100.885489 0.475576 88.773515 2629.971671
21 -1312.191477 0.600363 79.989851 0.757417 960.795353 2.092229 104.919066 0.336049 79.317410 20.830315 103.683724 0.516573 86.114246 2629.257548
21 -1313.183521 0.602379 79.979965 0.756172 948.360509 15.666722 197.044118 0.420578 62.783535 19.868430 101.649934 0.455272 84.972758 2631.427857
21 -1311.451038 0.601173 79.994896 0.755052 950.369893 16.836864 120.824148 0.441195 75.202677 21.824037 104.113624 0.468545 96.847015 2627.886064
22 -1314.537126 0.600302 79.988504 0.758512 955.676863 13.786202 183.758063 0.073530 70.977541 21.686724 119.647843 0.540110 87.539453 2634.021623
22 -1315.496646 0.601047 79.987660 0.756968 950.395522 11.014570 306.222234 0.444045 78.264840 21.827480 131.120748 0.462143 87.778834 2636.001081
22 -1314.299784 0.601103 79.975816 0.758131 950.025700 22.497013 147.983685 0.045024 61.572670 20.988450 115.095805 0.514678 87.046833 2633.641185
22 -1320.383740 0.600584 79.887420 0.759920 951.806479 5.260452 102.665575 0.010571 68.872600 18.945239 135.224253 0.455277 84.618999 2645.833076
22 -1312.968978 0.600959 79.978393 0.755747 951.909638 5.744388 113.289358 0.166354 75.220213 21.444658 116.115079 0.462676 96.385213 2630.916888
22 -1310.190088 0.600359 79.999459 0.758266 948.062097 4.073987 177.893083 0.005433 56.570490 18.329966 100.786234 0.460726 86.892868 2625.452593
22 -1316.542870 0.600546 79.968498 0.755578 942.385391 21.564731 137.991678 0.585608 71.061700 17.547243 117.010294 0.465600 85.506959 2638.241860
22 -1312.056471 0.600620 79.987286 0.756950 959.393675 12.728038 107.783929 0.240558 77.186523 21.355708 105.574102 0.541631 84.643950 2629.008987
22 -1312.328060 0.601510 79.977733 0.756530 951.521763 13.288277 178.441870 0.431174 58.584429 19.979119 101.110948 0.469186 85.471198 2629.668973
22 -1312.040388 0.600994 79.996842 0.758352 951.852790 12.284756 134.760055 0.354161 77.921492 22.618391 104.563006 0.503260 93.847461 2629.054773
23 -1314.513715 0.600657 79.982180 0.756369 949.163991 11.569860 114.503796 0.400674 79.124708 20.962354 127.865565 0.556259 87.534110 2634.057720
23 -1314.404396 0.600873 79.995318 0.756772 948.406891 8.956790 316.432269 0.542514 79.568631 22.187452 130.552474 0.462543 89.480309 2633.827114
23 -1310.223833 0.600335 79.995878 0.758371 953.846238 4.097527 185.636135 0.085641 71.980890 22.505728 108.288453 0.506168 85.276625 2625.426169
23 -1321.769886 0.601528 79.914154 0.760474 950.777058 5.761929 100.294634 0.175182 69.535693 20.211120 139.559677 0.482062 87.549304 2648.596761
23 -1311.666456 0.600729 79.994396 0.756837 953.922208 5.940303 134.837026 0.113097 73.595116 22.470517 109.243983 0.464314 97.854629 2628.274329
23 -1312.244499 0.600369 79.977461 0.758859 946.329160 2.420695 198.925882 0.182945 53.881809 18.037764 100.962224 0.462289 84.681294 2629.588913
23 -1311.353794 0.600617 79.991377 0.755110 945.702657 4.687104 105.756951 0.532830 69.939938 18.940684 101.979250 0.496802 86.317040 2627.794067
23 -1311.438297 0.600238 79.991332 0.755320 960.208655 13.264682 107.212176 0.120369 78.128046 22.015039 107.473832 0.532008 86.973021 2627.752066
23 -1311.261797 0.601506 79.998518 0.755066 953.148020 14.791229 196.895023 0.406942 67.702360 22.330846 107.574380 0.494568 87.363500 2627.491369
23 -1311.827977 0.600563 79.955697 0.757717 954.917645 14.118007 113.096176 0.380811 75.666024 22.470017 105.501562 0.544257 84.846606 2628.612561
24 -1315.102666 0.600140 79.979918 0.757966 946.998109 13.026544 126.125544 0.086797 57.604320 22.160686 124.082068 0.537390 88.120556 2635.283668
24 -1312.785484 0.600187 79.983469 0.757864 947.213359 2.729340 344.924509 0.224109 78.735977 22.209782 126.598635 0.457153 84.620039 2630.617912
24 -1310.782119 0.600655 79.997775 0.756359 956.147910 18.775561 196.385342 0.009587 74.749063 20.842724 103.633230 0.476454 85.665583 2626.518023
24 -1320.507046 0.601519 79.914704 0.756732 951.313177 11.455827 140.844465 0.399147 53.440722 18.948183 127.071238 0.453514 86.877971 2646.049044
24 -1311.299749 0.601049 79.991136 0.755454 952.477591 13.981063 107.655332 0.410703 74.167555 22.089132 104.789440 0.455483 98.939963 2627.551596
24 -1310.861709 0.600027 79.994911 0.758026 947.590223 7.012057 201.367971 0.294426 56.244359 19.055315 100.028513 0.476342 85.503470 2626.795699
24 -1309.731546 0.600362 79.994124 0.756948 947.075318 4.863120 102.163344 0.520586 74.803939 20.177307 101.925469 0.495163 85.803500 2624.538545
24 -1311.414650 0.600032 79.993731 0.761057 947.884347 14.555421 180.025052 0.435587 68.841243 22.194420 105.716696 0.469551 85.994105 2627.911922
24 -1310.064538 0.601484 79.990386 0.755293 955.068495 3.718818 123.477330 0.415407 62.962872 22.146946 100.258185 0.517497 84.827031 2625.075451
24 -1309.796562 0.600055 79.977621 0.757868 952.427389 2.259821 156.091749 0.027711 68.055729 20.728274 100.641126 0.522471 84.693562 2624.591476
25 -1316.214562 0.600153 79.978478 0.758123 946.533725 10.845404 103.619775 0.109469 56.923770 21.914048 124.586699 0.546709 88.879686 2637.510120
25 -1312.558101 0.600232 79.967157 0.755350 945.299669 2.300772 334.933374 0.293740 79.290514 22.380627 127.480397 0.456717 85.701555 2630.178940
25 -1312.746940 0.600839 79.980808 0.757268 955.513201 21.012959 135.145395 0.000382 74.911678 22.023531 115.559463 0.495106 87.879298 2630.456496
25 -1315.575826 0.601379 79.942993 0.755005 950.948689 22.464695 152.816253 0.369011 78.132612 18.631453 123.085544 0.475454 86.525465 2636.179099
25 -1311.425230 0.601091 79.998493 0.755235 952.482571 15.054839 105.185768 0.343203 70.037104 22.452458 106.192660 0.459688 99.159909 2627.801586
25 -1311.234025 0.600232 79.991914 0.757250 948.395473 1.262805 230.744865 0.480796 65.698305 17.463316 101.363420 0.465541 85.729931 2627.511283
25 -1309.312045 0.600758 79.987641 0.756805 952.949654 14.189372 122.659852 0.177669 78.416952 21.981637 102.550208 0.492646 86.987862 2623.615096
25 -1307.813139 0.600140 79.989783 0.755493 950.542868 19.013291 117.020913 0.386221 65.489300 21.258362 100.402133 0.474973 84.858723 2620.660444
25 -1311.955864 0.601532 79.971501 0.755142 949.768706 6.043861 115.373198 0.207821 64.708957 20.853186 106.755804 0.496894 87.280093 2628.939903
25 -1310.179453 0.600264 79.991804 0.756498 954.634868 9.649478 126.657453 0.491326 68.362255 22.611957 106.688608 0.531121 85.950055 2625.311101
26 -1317.963510 0.601116 79.974241 0.760761 953.306481 2.183356 131.431638 0.353692 61.756400 20.896902 121.833817 0.524146 90.271674 2640.903950
26 -1313.770609 0.600228 79.989925 0.757708 946.837419 2.721952 307.345790 0.410781 77.382522 22.055958 127.253250 0.505528 86.513992 2632.579555
26 -1314.375029 0.600727 79.985245 0.755947 960.680611 22.135296 105.488763 0.109094 78.565375 21.215342 114.922368 0.480275 92.479286 2633.619718
26 -1312.983642 0.600370 79.948303 0.755611 954.196468 20.149614 139.089949 0.013429 78.983541 16.534581 107.203540 0.456453 85.180958 2630.965955
26 -1313.088486 0.601048 79.996668 0.755047 950.143235 16.425373 115.347502 0.436106 64.600364 22.214049 107.280876 0.469412 98.575156 2631.158759
26 -1310.239884 0.600401 79.992042 0.756707 949.408952 4.712730 254.025676 0.024284 64.134936 21.858833 106.491968 0.488691 86.616622 2625.501752
26 -1312.565204 0.601903 79.970720 0.759371 950.881797 14.581893 120.426433 0.231997 73.791411 22.544563 105.837347 0.453657 88.480505 2630.164119
26 -1309.554320 0.600055 79.989742 0.755810 948.186799 3.068025 102.666136 0.446371 58.857739 21.235700 102.429980 0.490227 85.850313 2624.168405
26 -1315.617872 0.601332 79.965743 0.755834 943.986929 10.810114 140.296254 0.183242 58.258579 21.222799 109.790353 0.492330 87.744620 2636.352465
26 -1313.436267 0.600957 79.981857 0.757196 955.352439 1.084241 158.978497 0.591124 68.840813 22.632621 114.118070 0.524367 87.980743 2631.799023
27 -1315.228004 0.601252 79.995446 0.763388 948.095899 8.512528 125.499810 0.549881 73.269428 21.041025 102.575012 0.563889 85.009407 2635.517498
27 -1315.154584 0.600742 79.968989 0.758870 948.134456 7.543283 242.431609 0.532497 77.300043 22.036088 124.964860 0.519352 85.139897 2635.353840
27 -1313.091795 0.600594 79.999320 0.755732 956.266011 3.150933 137.159064 0.106686 51.349546 21.925969 117.531142 0.486079 96.877488 2631.088477
27 -1314.183930 0.600391 79.951032 0.756661 956.622046 20.774382 104.346837 0.020328 79.250384 16.889917 108.277396 0.461170 87.604025 2633.326803
27 -1314.521221 0.601531 79.985792 0.757236 949.135318 20.034938 113.504718 0.011337 65.501583 21.470305 104.843750 0.473320 97.410862 2634.057925
27 -1309.050805 0.600135 79.993131 0.755671 950.160593 4.412220 248.098945 0.067850 62.798186 22.548182 110.899782 0.481700 84.792538 2623.121246
27 -1312.355982 0.601390 79.967668 0.755075 955.981244 8.129483 112.126292 0.323687 72.194748 20.803209 109.834084 0.457193 91.536631 2629.644777
27 -1308.528510 0.600058 79.986510 0.755064 949.495882 1.274814 112.302701 0.054897 58.293763 21.592347 106.967314 0.483381 87.592051 2622.097220
27 -1311.982917 0.600325 79.995711 0.757203 951.830299 5.266923 178.915328 0.443474 77.176442 19.269969 114.428844 0.459033 92.435936 2628.954079
27 -1313.796060 0.600301 79.988293 0.758826 953.155072 8.237745 167.224337 0.036580 71.060190 21.376585 126.488994 0.478000 87.994729 2632.598876
28 -1315.061032 0.600323 79.993297 0.763268 957.049220 10.994155 125.240796 0.473419 67.912224 20.074802 112.025240 0.466661 84.912710 2635.091777
28 -1318.782514 0.600542 79.993693 0.759856 952.848955 5.875920 261.486794 0.095256 70.161493 21.569653 145.960432 0.490413 86.138917 2642.572919
28 -1311.092754 0.600183 79.976476 0.755091 955.387249 5.836502 151.109811 0.533009 79.892760 22.158438 115.152864 0.457667 97.002499 2627.096343
28 -1310.559370 0.600421 79.973581 0.755123 954.363505 3.414099 153.351773 0.029216 50.350766 16.745109 101.308547 0.471921 84.775182 2626.098087
28 -1315.160666 0.601650 79.989465 0.760954 950.512353 16.224411 117.536530 0.062133 66.091164 20.711847 104.020591 0.473623 94.990292 2635.338109
28 -1311.264631 0.600452 79.997356 0.755734 947.679905 3.145945 271.787356 0.108867 71.206744 21.279630 114.315333 0.454380 90.411414 2627.564474
28 -1311.983456 0.600957 79.962541 0.755120 958.335633 4.058747 118.099607 0.134199 74.182788 20.409955 103.238134 0.494933 87.511004 2628.870593
28 -1309.300019 0.600044 79.994491 0.759245 949.223546 20.626210 122.595406 0.041008 57.668718 21.335268 100.903621 0.478398 85.879335 2623.668758
28 -1316.548641 0.601456 79.987573 0.766273 949.599446 3.760893 182.282310 0.527432 77.359930 20.296803 102.745507 0.551350 85.701672 2638.136511
28 -1310.788748 0.600397 79.999002 0.759443 949.213586 8.239363 154.410584 0.052094 72.655676 20.525574 106.929841 0.471826 87.186085 2626.639347
29 -1309.436733 0.600203 79.994379 0.756699 953.818432 14.232139 128.049169 0.044154 67.547472 18.651176 100.339182 0.472370 87.678413 2623.860319
29 -1317.928527 0.600382 79.957942 0.755580 949.826824 10.672110 243.060786 0.007895 65.603417 20.953775 135.496271 0.568616 86.425153 2640.875644
29 -1310.806923 0.600347 79.979274 0.756790 955.575677 5.529635 120.177056 0.559048 79.117880 21.928079 107.040894 0.456154 96.847330 2626.529495
29 -1313.085838 0.600119 79.958197 0.756287 955.309634 10.604810 153.367477 0.262114 69.167883 15.623227 101.833838 0.466383 85.961192 2631.139154
29 -1315.508349 0.602519 79.972695 0.758874 954.452138 14.628927 112.748437 0.328989 68.831414 19.588772 107.944766 0.461454 90.712855 2635.986029
29 -1312.273314 0.600394 79.996167 0.756223 946.269012 6.123487 253.130864 0.593480 68.272461 19.236620 104.246994 0.458760 89.118720 2629.602185
29 -1309.837144 0.601422 79.996583 0.756274 955.768289 5.733972 141.199727 0.464912 75.788529 21.871479 107.582010 0.453772 86.108983 2624.627189
29 -1310.671516 0.600826 79.988214 0.757607 949.423175 16.386098 139.359628 0.312709 61.832486 22.484130 106.330001 0.457634 87.431528 2626.395858
29 -1313.303486 0.601695 79.993657 0.759428 951.717626 1.930281 178.476364 0.048374 79.456648 21.853606 103.368186 0.558736 87.221349 2631.591460
29 -1308.603488 0.600551 79.992904 0.755319 950.830862 7.302988 153.513533 0.087095 70.883595 18.729928 101.226697 0.467607 85.278710 2622.236476
30 -1309.138829 0.600445 79.998827 0.757036 952.900044 16.519742 135.006242 0.003119 63.892021 20.221342 103.725407 0.488233 84.753148 2623.286664
30 -1318.641019 0.600468 79.999841 0.759215 946.845096 9.165052 255.769999 0.446131 66.476870 22.555707 130.415334 0.592279 86.556051 2642.325737
30 -1310.438273 0.600108 79.985396 0.757859 954.223822 8.094721 120.414558 0.541048 75.795486 21.768847 100.540026 0.456070 97.170809 2625.813993
30 -1312.689769 0.600093 79.964633 0.756720 952.127231 10.762032 180.502749 0.012121 66.190561 14.792500 100.533167 0.483779 85.112770 2630.394081
30 -1313.979555 0.601320 79.955310 0.755241 956.294188 9.338684 123.100476 0.113152 75.029469 19.849142 111.817991 0.530276 86.004753 2632.894021
30 -1313.986630 0.601718 79.979215 0.755742 949.218779 2.050112 255.806417 0.511478 75.489656 19.380489 107.487635 0.518066 88.403717 2632.961067
30 -1310.820494 0.602151 79.986906 0.756181 955.597107 2.343987 135.719190 0.465196 79.699392 22.154478 110.459246 0.475080 85.061500 2626.592060
30 -1308.833023 0.600565 79.992025 0.755179 949.219192 18.130490 142.750045 0.227583 59.970733 22.012837 101.445341 0.465278 87.785734 2622.710542
30 -1311.925536 0.600818 79.998955 0.755816 947.870774 3.709380 200.328183 0.066080 75.478215 22.469642 102.941418 0.559224 88.886870 2628.869184
30 -1308.828310 0.600259 79.994609 0.755364 948.724724 0.904357 202.141803 0.354457 75.317665 19.044318 102.010096 0.464043 87.887073 2622.689172
31 -1308.382674 0.600697 79.995247 0.755333 952.729272 12.268710 122.384840 0.146396 64.904001 22.298712 105.268105 0.480979 86.300976 2621.762474
31 -1316.980473 0.600700 79.990856 0.756190 948.619114 10.318631 259.538680 0.297867 70.179689 21.370196 131.583930 0.566746 86.667791 2638.981959
31 -1310.854910 0.600012 79.999905 0.759596 954.905095 10.640057 109.094043 0.010213 75.194946 22.251308 103.510116 0.459711 96.976545 2626.657570
31 -1314.418021 0.600081 79.987440 0.759814 957.115400 13.069318 141.800452 0.596646 77.590547 20.754459 113.156087 0.495227 95.700875 2633.732851
31 -1318.357564 0.600624 79.957328 0.758426 955.999318 7.156453 135.605267 0.392592 55.574597 20.877016 119.202374 0.585642 87.523298 2641.640166
31 -1312.733838 0.601989 79.992743 0.756224 952.770991 7.719324 206.499694 0.578271 72.776747 22.177368 104.213555 0.488962 92.195092 2630.412005
31 -1312.708131 0.600160 79.973768 0.756449 950.410537 9.312378 113.673297 0.348297 60.538705 21.876782 105.302835 0.592296 86.427476 2630.415607
31 -1311.078067 0.600401 79.969666 0.755103 954.285568 4.024631 105.746097 0.089774 54.759920 17.565934 102.697282 0.490687 87.021784 2627.128135
31 -1315.499682 0.601914 79.978448 0.755601 954.708144 12.955572 200.016210 0.524448 62.867183 21.245836 113.316291 0.521146 85.965515 2635.941844
31 -1307.880003 0.600226 79.992140 0.755216 949.895025 5.764037 154.997175 0.382900 75.382205 21.293467 101.770508 0.469818 88.103816 2620.782723
32 -1312.927006 0.600937 79.990612 0.756881 953.239767 9.150806 192.435845 0.439650 68.140809 22.535703 114.423469 0.519111 87.668400 2630.817469
32 -1316.168378 0.600351 79.975115 0.755870 946.576985 6.663078 279.789490 0.071169 55.535434 22.305764 123.610255 0.604331 84.833023 2637.376332
32 -1311.305914 0.600042 79.999858 0.760140 955.907909 11.087617 101.647699 0.044125 74.885228 22.330343 103.140887 0.456001 98.116788 2627.543371
32 -1309.666922 0.600246 79.998772 0.757350 951.728599 11.197066 128.975688 0.002785 60.872929 19.975981 107.718744 0.491587 85.452084 2624.359141
32 -1314.568640 0.600646 79.991768 0.756070 953.209597 3.653775 233.519050 0.128808 79.702071 14.689760 111.238507 0.453044 89.498077 2634.113397
32 -1312.972130 0.601969 79.984111 0.756585 955.795687 3.687964 164.510430 0.459838 73.239745 20.925716 101.983097 0.465650 95.152289 2630.850032
32 -1310.968634 0.600790 79.986806 0.756238 950.323386 11.096877 163.758970 0.122340 79.780366 21.443037 102.301862 0.539880 87.291344 2626.944701
32 -1312.161091 0.600201 79.967558 0.755941 954.915054 3.892575 127.580632 0.060915 57.228764 17.469116 105.829905 0.484524 88.029534 2629.285804
32 -1314.335772 0.602628 79.982255 0.756577 956.169554 20.746135 166.625557 0.336250 77.432227 18.506024 101.179983 0.493623 88.386641 2633.602162
32 -1308.396219 0.600004 79.991590 0.755506 948.378734 5.619582 159.484433 0.286657 73.389813 22.071867 102.862949 0.492310 87.178256 2621.836906
33 -1312.308364 0.600035 79.996480 0.756786 953.259852 5.898541 218.373026 0.596550 70.051554 21.939784 116.811017 0.456896 93.027175 2629.567895
33 -1315.872582 0.602473 79.996331 0.755902 949.625942 5.132929 202.936059 0.384812 62.197493 19.847890 105.260984 0.594683 85.910228 2636.735538
33 -1309.827969 0.600350 79.997752 0.755715 954.918961 10.859175 100.798875 0.001077 73.943239 22.280327 101.454065 0.478065 97.634698 2624.578792
33 -1307.661763 0.600108 79.997937 0.755461 951.944884 9.895378 111.749548 0.132714 63.640283 22.630845 105.242422 0.472482 88.515114 2620.328162
33 -1315.107677 0.601108 79.987403 0.755481 952.859440 8.021768 229.843399 0.449280 78.194410 14.714408 110.893195 0.499808 86.167403 2635.188293
33 -1310.487522 0.601533 79.993138 0.755121 953.990734 4.869360 178.268668 0.457973 77.700737 21.427187 100.967927 0.454033 95.755216 2625.902300
33 -1315.204951 0.600071 79.928262 0.760144 950.631310 8.733265 126.520656 0.110417 56.604411 20.419459 103.416517 0.562186 85.883456 2635.432665
33 -1312.476228 0.600655 79.954998 0.756690 952.339921 4.809876 125.015581 0.099113 56.999911 18.805551 101.568312 0.497226 88.613557 2629.944514
33 -1312.971994 0.601931 79.998922 0.759184 955.288230 2.467908 127.015795 0.597683 72.351173 19.440105 102.747841 0.506923 86.058994 2630.893943
33 -1311.441441 0.600065 79.986808 0.755951 947.726245 6.067546 221.379852 0.473698 72.864562 22.144512 109.138723 0.518664 88.233730 2627.911668
34 -1312.215951 0.600802 79.993146 0.756558 954.684699 3.036982 158.151711 0.336010 72.069670 21.827600 108.655844 0.514710 93.267284 2629.353143
34 -1313.757762 0.602250 79.993269 0.755696 951.931362 4.514475 147.300740 0.366250 70.384383 20.242543 102.233276 0.574511 88.506089 2632.473426
34 -1308.839779 0.600122 79.992444 0.755211 954.879956 10.909948 115.267052 0.583287 79.182979 20.248489 101.154194 0.455203 96.018921 2622.604885
34 -1307.468743 0.600079 79.996166 0.756044 951.243546 9.733882 103.565378 0.023526 60.993446 21.494504 104.427463 0.472647 86.054130 2619.967329
34 -1315.721235 0.600970 79.998002 0.759585 953.157714 10.045118 215.515712 0.071530 78.806517 15.306210 109.161582 0.488112 85.984242 2636.443723
34 -1314.947868 0.601317 79.939264 0.757284 954.240475 1.491303 183.053120 0.362632 70.474735 21.738678 103.142882 0.466630 97.261493 2634.814786
34 -1316.668847 0.600352 79.982679 0.768287 949.611723 8.807771 108.630379 0.148126 78.633461 21.397119 102.814997 0.601356 84.593908 2638.398739
34 -1312.111403 0.600257 79.955301 0.757527 952.284615 7.820080 124.894224 0.507935 78.781234 16.793623 101.160790 0.490310 87.618277 2629.218339
34 -1312.202846 0.600934 79.975959 0.757971 954.462609 3.048888 122.153199 0.558572 70.560455 18.857928 102.520470 0.489691 85.962440 2629.373325
34 -1313.370205 0.600470 79.957621 0.755086 946.212982 4.928990 269.981046 0.589009 74.355034 19.560182 107.625461 0.503918 86.288874 2631.783307
35 -1310.696096 0.600251 79.999460 0.756497 955.928418 4.810665 114.921126 0.279787 71.637633 21.558823 108.790723 0.502646 91.676361 2626.316736
35 -1313.204881 0.602162 79.999004 0.755969 951.470712 1.844777 167.315159 0.247842 72.689462 19.855030 104.195464 0.556781 88.086513 2631.381704
35 -1311.109228 0.600358 79.997113 0.756143 958.738336 8.687859 122.679658 0.047939 78.758994 20.745394 101.698923 0.464735 96.616746 2627.095517
35 -1314.072535 0.600939 79.996639 0.758542 953.173752 16.804605 209.015071 0.206130 66.759905 21.409146 113.072701 0.506903 88.868271 2633.124064
35 -1318.450623 0.601343 79.988132 0.757931 956.709593 8.027501 132.533380 0.548805 52.463286 17.032486 109.963889 0.540805 86.087789 2641.830660
35 -1315.826009 0.600254 79.922571 0.756844 950.236858 2.021277 283.318090 0.223613 61.865318 21.188165 108.163252 0.460956 95.689072 2636.617938
35 -1316.679894 0.600452 79.971279 0.761405 950.415203 13.934221 161.808940 0.065625 79.523032 21.616648 107.872776 0.622599 87.822980 2638.363266
35 -1313.626739 0.601179 79.985218 0.755343 952.956608 10.689527 152.888770 0.290863 66.030665 14.655846 103.052716 0.491711 85.767228 2632.244236
35 -1313.152318 0.600768 79.929364 0.757656 950.351909 1.082690 123.391734 0.092084 67.131635 20.061205 100.930736 0.519972 85.303460 2631.332572
35 -1313.411938 0.600108 79.960099 0.757132 948.323928 7.878326 267.305139 0.527221 77.135246 17.112875 105.253313 0.462590 88.086098 2631.857759
36 -1311.436625 0.600932 79.989161 0.757760 950.994871 20.818353 103.656155 0.402221 60.555706 22.091645 107.251452 0.473893 87.628366 2627.899843
36 -1314.157045 0.601342 79.948000 0.756948 950.189380 19.223182 209.584711 0.233505 78.490714 20.876097 101.920928 0.471118 91.149985 2633.326806
36 -1313.386880 0.600024 79.982376 0.760030 957.936929 7.655091 178.435322 0.556702 77.669620 20.722563 101.737242 0.462691 97.593185 2631.653769
36 -1313.005934 0.601433 79.977569 0.758081 952.901376 3.259665 204.611340 0.512126 76.032415 18.308319 108.339697 0.453160 86.101138 2631.000710
36 -1309.877875 0.600844 79.982389 0.755815 949.405159 10.547502 124.642039 0.206655 57.290207 21.267175 105.658361 0.455227 86.716022 2624.808680
36 -1316.151487 0.600409 79.960175 0.759783 946.742788 2.924712 292.378612 0.194310 55.154284 22.309194 107.548869 0.466371 94.190484 2637.333199
36 -1314.024346 0.600236 79.988875 0.758192 950.610265 6.638105 166.951705 0.230018 78.888459 20.629018 109.304642 0.618155 87.703597 2633.034305
36 -1313.038001 0.600378 79.959749 0.755370 954.882448 8.954415 132.995046 0.219734 67.920363 16.550095 104.209125 0.482136 88.605426 2631.033531
36 -1311.769819 0.600489 79.945384 0.756879 949.446983 6.025723 127.797524 0.015235 52.225245 19.384658 100.718799 0.499362 85.496774 2628.587281
36 -1314.596880 0.600637 79.947233 0.756271 953.997888 5.358323 207.763979 0.594089 79.708311 15.199795 100.049732 0.523104 88.852081 2634.126959
37 -1310.309610 0.601159 79.983359 0.758870 950.596911 15.851314 108.913435 0.240858 72.999028 22.587716 100.746209 0.477738 86.546839 2625.656041
37 -1311.829988 0.600547 79.994609 0.756480 955.145574 13.972005 114.762042 0.304913 79.242596 15.517671 100.721035 0.532560 85.574278 2628.615310
37 -1318.728230 0.601245 79.944238 0.756182 946.207445 5.270549 241.661325 0.570139 53.059009 17.686312 109.884302 0.475875 85.584818 2642.529100
37 -1311.180119 0.600839 79.989240 0.755744 956.483892 11.023187 107.820621 0.055256 54.623325 17.127129 103.066885 0.461105 85.148256 2627.321039
37 -1310.355940 0.600536 79.975703 0.755035 950.247022 13.180168 108.821973 0.147627 61.151391 21.318816 103.407374 0.511347 88.020309 2625.729207
37 -1316.002929 0.600144 79.956345 0.760892 954.497668 1.660208 267.506723 0.073115 78.261610 21.750964 109.084376 0.488461 96.007716 2636.920834
37 -1314.831236 0.600495 79.965500 0.756557 955.931246 9.236590 124.673452 0.174414 72.947467 21.889889 105.209291 0.619321 92.969822 2634.542025
37 -1311.348047 0.600339 79.957090 0.755417 946.962266 10.933820 141.978091 0.181860 75.812880 21.335133 105.249902 0.466431 89.573678 2627.766954
37 -1310.932599 0.600372 79.976089 0.757788 947.330750 1.340673 107.817675 0.583338 62.876931 22.258250 101.473008 0.475447 85.442914 2626.943327
37 -1313.755071 0.600105 79.952950 0.757081 949.434075 3.385189 240.769533 0.395290 77.488685 16.071316 103.088657 0.494541 87.455136 2632.524658
38 -1312.003157 0.601383 79.963161 0.759962 953.910542 17.018373 100.172475 0.140716 59.126160 22.618570 103.122255 0.470292 84.689827 2629.011597
38 -1313.059875 0.601002 79.990620 0.756068 954.409577 7.666913 114.751358 0.194406 76.549990 16.577724 101.574441 0.581278 86.798705 2631.063940
38 -1315.577007 0.601193 79.928416 0.758347 947.747431 9.339085 221.240380 0.562423 79.025914 21.917720 109.950931 0.503682 87.245451 2636.196892
38 -1310.588365 0.600233 79.989600 0.755479 953.546107 10.542134 149.627587 0.033291 50.304031 16.133774 104.112025 0.459696 85.345898 2626.177706
38 -1313.210859 0.600787 79.982441 0.758212 954.203724 16.710532 111.402443 0.447749 72.569197 19.851629 103.216666 0.574651 87.223575 2631.371115
38 -1310.341344 0.600178 79.971564 0.755343 952.662103 5.202645 194.668766 0.160720 77.570354 21.715880 104.636319 0.470264 92.957705 2625.643530
38 -1313.539580 0.600784 79.983998 0.755077 956.435902 0.839254 164.365723 0.002973 58.041212 20.257080 106.712355 0.590361 91.677096 2631.957757
38 -1311.169413 0.600154 79.966162 0.756550 946.455762 12.321126 163.588789 0.170404 78.100373 22.561360 106.398107 0.456593 90.280642 2627.419978
38 -1311.268494 0.600505 79.972444 0.757750 949.164011 21.876700 109.895968 0.520541 63.314583 21.824030 103.436581 0.470602 86.177153 2627.593083
38 -1314.079755 0.600250 79.942174 0.756395 948.275444 1.530349 306.661354 0.467073 78.843703 14.728386 104.401747 0.454205 85.776595 2633.182626
39 -1312.468365 0.601025 79.971498 0.759854 954.891086 18.329719 122.114864 0.235955 71.509726 21.096397 102.376686 0.484361 86.763515 2629.913484
39 -1312.632232 0.601494 79.992013 0.755672 954.295145 5.305008 132.353211 0.313749 77.427418 18.668699 102.580163 0.593781 86.582308 2630.198283
39 -1311.978566 0.601520 79.993823 0.755518 949.083623 4.688707 238.815983 0.059302 77.707347 20.676079 108.638589 0.518755 85.610270 2628.977766
39 -1311.641139 0.600760 79.981399 0.758325 953.307905 15.232544 120.982148 0.010234 54.021871 18.165485 104.691829 0.470593 85.154999 2628.295684
39 -1310.932418 0.600295 79.991190 0.758074 953.033512 2.985510 107.586828 0.574504 78.734410 18.768933 100.808036 0.557576 87.330595 2626.830036
39 -1314.436025 0.600150 79.996197 0.755380 954.748187 15.182528 245.194069 0.550692 76.552459 15.829804 106.424280 0.497551 92.005729 2633.794098
39 -1316.216970 0.601637 79.988426 0.755010 954.954333 21.209029 262.982019 0.144303 70.004115 21.676542 112.003887 0.546640 91.325881 2637.347334
39 -1310.185956 0.600083 79.983356 0.755265 946.460383 9.976680 140.128697 0.171032 73.728911 22.340601 107.550845 0.475351 89.658363 2625.447881
39 -1309.583201 0.600240 79.979415 0.755779 948.345897 12.522796 160.247993 0.502796 72.443765 19.344131 100.290958 0.474034 85.570146 2624.222703
39 -1315.829615 0.600370 79.938468 0.755569 949.164207 3.927584 318.953306 0.423758 69.415163 14.535281 102.367730 0.477138 85.418988 2636.662380
40 -1310.467941 0.601410 79.998579 0.756802 950.859581 20.079847 108.316256 0.464741 54.776991 22.244853 101.643687 0.455979 87.151623 2625.964878
40 -1312.541698 0.601507 79.989478 0.755252 954.369419 6.893706 121.861329 0.208497 76.509543 18.709745 103.461219 0.585064 86.445020 2630.022338
40 -1312.353301 0.600571 79.938206 0.756204 946.671985 3.823547 185.795717 0.059096 76.146869 22.017451 107.381120 0.467684 87.301031 2629.784333
40 -1309.750402 0.600368 79.992366 0.756416 952.069672 13.457271 107.511242 0.142047 52.437239 18.649704 104.797023 0.472826 84.661418 2624.526473
40 -1311.547610 0.600175 79.959045 0.755553 953.574368 6.054917 150.886558 0.566996 77.151466 18.366031 102.584502 0.537348 86.858757 2628.047693
40 -1311.535834 0.600124 79.992027 0.755915 953.694736 18.617533 165.567880 0.119497 74.069240 17.902043 106.645808 0.462403 91.448722 2628.046992
40 -1316.573433 0.601796 79.985928 0.759608 955.169451 10.317398 188.509758 0.538845 76.627228 22.189375 114.991512 0.607567 87.298114 2638.063962
40 -1309.323462 0.600446 79.998893 0.755272 947.815242 9.596021 112.778609 0.232821 71.266017 21.929594 104.452302 0.488948 88.870234 2623.701662
40 -1313.382828 0.601495 79.935399 0.761225 951.353818 18.823378 136.994124 0.518086 79.982102 21.516172 100.185057 0.456036 86.367258 2631.798454
40 -1315.269546 0.600281 79.953376 0.755192 949.270743 4.780560 332.591233 0.529676 63.495409 16.477938 106.260547 0.458146 85.282528 2635.540981
41 -1309.205930 0.601830 79.999921 0.757945 952.103458 1.887965 107.116283 0.518028 76.687366 22.318537 101.345832 0.459837 86.926380 2623.417288
41 -1311.363235 0.602033 79.998114 0.755702 951.201050 9.073400 116.774642 0.270267 66.104515 20.863603 102.180350 0.544118 84.994143 2627.727865
41 -1310.695854 0.600750 79.981028 0.758921 950.005298 10.047403 166.799230 0.217297 79.654194 22.641530 101.925807 0.483641 87.771048 2626.424423
41 -1309.117012 0.600017 79.995761 0.756058 952.655420 17.249109 101.424475 0.134423 57.982197 18.034896 104.677194 0.453841 85.941079 2623.253039
41 -1311.968152 0.600226 79.989302 0.755485 956.641122 10.053996 153.955225 0.034508 77.080062 18.724739 103.587738 0.547083 89.031187 2628.846554
41 -1311.244937 0.600341 79.998383 0.755353 954.094259 20.616582 175.393612 0.170576 76.709062 18.204846 106.246665 0.462930 91.580830 2627.454745
41 -1317.803073 0.602292 79.999983 0.756216 958.410912 19.292443 183.507478 0.163787 52.099321 21.156605 114.923762 0.607678 88.762653 2640.476260
41 -1311.513866 0.600100 79.941331 0.758155 947.194052 1.805058 170.001098 0.134873 75.059976 20.967493 104.580996 0.455150 86.186284 2628.113715
41 -1313.746023 0.601392 79.951975 0.759742 953.011727 14.151598 103.101632 0.364678 75.566185 19.516770 100.784016 0.503711 86.488657 2632.487542
41 -1317.338510 0.601304 79.922978 0.756201 952.298097 14.477941 287.812749 0.084811 65.594175 16.757306 104.921820 0.458288 84.997465 2639.676599
42 -1316.003354 0.601568 79.993746 0.764879 950.468904 1.102352 139.510447 0.523774 51.028188 20.943054 100.600184 0.468421 88.150878 2637.052893
42 -1314.453028 0.602711 79.954146 0.756223 953.909447 5.808552 104.815240 0.356382 67.331546 21.812138 103.490108 0.540343 86.958357 2633.858207
42 -1310.113350 0.600003 79.977760 0.756453 953.132179 13.293577 141.404195 0.186564 73.473749 20.575509 103.386791 0.473813 90.702420 2625.205600
42 -1314.342187 0.600585 79.979636 0.755455 955.591035 11.876924 147.139513 0.131861 54.301297 16.813814 113.106701 0.485251 86.344955 2633.647652
42 -1309.990745 0.601245 79.997881 0.756164 953.007404 18.729299 127.001929 0.199474 66.179502 21.143079 101.255464 0.481607 88.682767 2624.965776
42 -1319.533037 0.604269 79.979868 0.755425 959.294120 9.094610 178.539974 0.552451 57.893204 17.195685 101.511310 0.468749 90.891980 2643.932768
42 -1314.536974 0.601236 79.988334 0.759953 957.257413 7.772507 160.277245 0.124343 73.354874 22.566067 111.125070 0.512107 90.426112 2633.990317
42 -1312.797141 0.600359 79.992935 0.760675 957.382761 14.732585 151.096617 0.039051 61.148684 22.450438 101.132152 0.578982 85.322082 2630.517366
42 -1313.149495 0.600795 79.973601 0.759047 950.343492 8.779183 152.316133 0.096332 66.374682 19.916824 102.619018 0.536241 86.111419 2631.324438
42 -1315.477227 0.601610 79.947671 0.755333 952.764624 10.157081 283.613082 0.279841 66.900862 19.589649 106.697201 0.502671 84.683782 2635.920385
43 -1311.160411 0.600222 79.938549 0.755100 949.972793 8.994208 136.053795 0.095951 61.463780 21.685981 100.596309 0.475325 90.975213 2627.336852
43 -1310.904426 0.602519 79.991759 0.755273 955.163277 9.321688 128.077026 0.585304 77.091889 21.875974 101.381006 0.497036 88.790143 2626.737611
43 -1312.427704 0.600930 79.999656 0.759875 956.814423 13.217550 182.785178 0.388554 78.249591 21.096704 100.911241 0.477179 90.924795 2629.778726
43 -1314.150924 0.600391 79.980249 0.756968 953.689760 7.321395 134.428274 0.123606 57.170726 16.599546 113.975400 0.487196 85.824918 2633.300344
43 -1312.789424 0.600005 79.966568 0.759070 946.930129 14.296300 156.999118 0.128612 76.443638 22.392066 102.898849 0.550517 85.454395 2630.654222
43 -1312.549202 0.602088 79.977364 0.755553 952.015449 1.294597 213.449242 0.301330 78.174422 15.663742 100.636565 0.459153 85.479190 2630.090818
43 -1310.383412 0.600842 79.992778 0.757950 950.125840 13.995679 160.088784 0.372256 79.277415 21.039197 100.924334 0.479331 89.032722 2625.790895
43 -1312.638164 0.601344 79.959396 0.755223 952.992273 2.992646 132.760599 0.082908 59.645583 19.413913 102.272027 0.455193 94.616767 2630.239790
43 -1313.633182 0.600149 79.967502 0.757571 956.799443 2.776359 173.859030 0.455964 77.438837 20.361837 111.798186 0.503051 91.269200 2632.170740
43 -1312.005012 0.600699 79.972533 0.755141 950.040819 16.678050 218.522051 0.039042 54.014358 21.297570 105.778982 0.507600 87.532262 2629.026679
44 -1312.536764 0.600375 79.972870 0.756232 955.045311 22.338433 108.202643 0.258162 50.464275 17.819831 100.208640 0.474721 90.746476 2630.028789
44 -1313.999315 0.602285 79.965468 0.760777 951.835684 3.463317 137.744226 0.066473 79.184572 22.625686 102.913415 0.487363 88.102325 2633.009164
44 -1311.951878 0.600317 79.968216 0.755599 955.980389 12.769219 208.189791 0.337486 67.630584 21.900126 101.992131 0.488976 90.327231 2628.820815
44 -1316.602166 0.600657 79.987763 0.759116 949.524516 3.121913 147.519157 0.034246 69.841742 13.499181 114.553532 0.483309 84.735071 2638.277855
44 -1314.264716 0.600397 79.952416 0.756773 948.230544 19.454828 110.663657 0.487772 77.330859 15.897310 104.538290 0.539523 84.634146 2633.586083
44 -1316.170484 0.601147 79.967630 0.755998 952.591902 4.728071 174.845023 0.194889 74.283557 12.112622 104.146973 0.492950 85.127519 2637.339642
44 -1310.686439 0.600700 79.984583 0.756393 948.278165 10.202684 136.425609 0.406897 77.230942 19.344583 101.770978 0.464693 89.857237 2626.422097
44 -1314.418659 0.600698 79.971669 0.756005 944.549805 16.799470 180.055631 0.172017 73.400709 17.987037 103.681824 0.476292 88.627220 2633.946809
44 -1314.973486 0.601552 79.989451 0.758839 955.101855 15.021973 211.790916 0.160629 54.857569 21.502125 107.941032 0.501951 89.072688 2634.895618
44 -1314.370260 0.600206 79.943868 0.755743 945.091193 3.355796 148.780233 0.035172 72.622379 20.488203 108.746180 0.504379 88.606609 2633.833438
45 -1313.012204 0.600873 79.976742 0.756004 957.743269 2.947311 113.167948 0.304071 69.992124 17.204168 100.056281 0.459047 93.686912 2630.924837
45 -1311.264635 0.602214 79.992045 0.758140 951.583925 4.489607 123.826808 0.125715 71.888845 22.582482 102.776793 0.458982 89.677135 2627.539042
45 -1311.098862 0.600281 79.990064 0.757914 953.566773 15.077442 178.254266 0.300554 68.733489 22.409490 103.745351 0.509715 88.584800 2627.165557
45 -1316.418354 0.600290 79.938770 0.756286 943.249277 9.890237 121.068973 0.109523 63.376381 17.073034 115.588960 0.453539 85.719924 2637.998913
45 -1315.043750 0.600935 79.966693 0.759359 949.433102 12.981815 101.166318 0.381149 78.166502 14.998711 102.892541 0.522519 84.884585 2635.140831
45 -1314.444225 0.603291 79.995558 0.759130 954.700360 14.699465 154.319949 0.120684 70.272734 19.693971 101.599432 0.508533 84.913561 2633.860096
45 -1309.842133 0.600307 79.988888 0.755549 952.867413 17.174494 123.705701 0.479116 67.814567 20.986194 100.375382 0.473985 92.001938 2624.652744
45 -1315.035347 0.601393 79.980643 0.755813 944.992200 21.191513 198.897951 0.268958 64.878789 18.732719 104.661969 0.462796 89.094499 2635.172823
45 -1311.719546 0.600321 79.980527 0.757732 953.424292 2.234439 134.914617 0.237162 60.195351 21.818494 108.930472 0.470285 91.998909 2628.411310
45 -1314.409628 0.601636 79.992653 0.762614 950.584968 12.820061 183.738601 0.588252 78.343911 22.499447 106.931325 0.496564 89.526905 2633.835197
46 -1314.331388 0.600633 79.955151 0.756371 956.197633 9.291453 123.870639 0.077482 68.126756 17.065800 104.002435 0.462999 94.043184 2633.591544
46 -1313.841541 0.601521 79.982807 0.759216 946.114077 7.005106 140.823672 0.529102 62.845681 21.649025 100.134009 0.483909 85.783797 2632.776418
46 -1312.398093 0.600888 79.969565 0.758532 949.737192 2.193735 179.697418 0.528504 69.381391 20.852165 103.461011 0.479702 87.173802 2629.822075
46 -1313.431562 0.600281 79.933226 0.757120 945.679528 6.234364 107.299091 0.211350 67.699570 20.235126 113.932051 0.453828 84.764683 2631.988725
46 -1312.222830 0.600445 79.992989 0.755108 950.114076 19.976191 134.011084 0.420291 51.981457 18.877422 103.718346 0.525113 86.249626 2629.468093
46 -1312.907196 0.601513 79.998050 0.755203 951.299346 8.911848 116.604316 0.204022 76.551048 14.823220 102.540143 0.540097 85.028699 2630.821565
46 -1309.948148 0.600052 79.991266 0.755837 948.473016 3.110769 114.052069 0.576085 63.030446 22.274470 103.128611 0.455120 91.321541 2624.935435
46 -1310.832838 0.600264 79.992457 0.756078 958.698954 12.691264 126.790122 0.085735 64.102594 22.583741 104.414069 0.465748 94.215995 2626.553176
46 -1310.517664 0.600274 79.992054 0.756175 955.196725 17.898053 128.923339 0.185080 64.836078 22.644118 110.671457 0.474472 91.206719 2625.985459
46 -1312.854698 0.601014 79.995634 0.758678 954.503608 13.193076 205.927312 0.060043 52.607375 21.248846 100.549604 0.462001 95.137911 2630.652693
47 -1312.079672 0.600895 79.999745 0.756296 956.544581 4.181822 108.525820 0.100958 60.380059 19.878006 102.405017 0.471816 98.556475 2629.056742
47 -1312.747714 0.601201 79.931712 0.756532 949.999419 3.598139 163.617194 0.362377 64.643199 22.253154 101.677675 0.458421 88.810628 2630.516321
47 -1311.903908 0.602025 79.992678 0.755570 947.868755 2.081630 162.730657 0.545476 71.969582 22.507212 102.310899 0.497128 88.702500 2628.838130
47 -1313.640881 0.600675 79.961170 0.758182 949.027289 5.951780 162.364071 0.267941 66.979961 19.171569 110.802566 0.484923 85.165780 2632.340957
47 -1310.517174 0.600193 79.998772 0.758619 946.045674 1.741974 204.249708 0.031722 52.545590 22.365872 106.384887 0.469096 87.762943 2626.123540
47 -1313.846796 0.600819 79.979997 0.756395 954.102861 12.121025 130.849439 0.219768 70.090111 15.059864 103.036456 0.526264 85.595343 2632.666535
47 -1309.272654 0.600349 79.981351 0.756033 948.169591 1.849968 104.892846 0.005183 68.641519 22.353320 102.596123 0.459994 90.514994 2623.602283
47 -1311.112222 0.600061 79.997253 0.757980 955.795409 10.192406 182.165591 0.088750 55.153773 21.968624 107.058774 0.472875 90.241499 2627.169320
47 -1312.215052 0.600851 79.986319 0.757090 946.584611 8.063725 125.239122 0.224891 60.286915 21.922495 105.331905 0.463040 90.526401 2629.509380
47 -1313.504763 0.601097 79.966880 0.755831 952.532951 13.877488 138.726314 0.076578 58.993279 17.536537 100.579014 0.475538 93.532840 2631.983860
48 -1312.450057 0.601035 79.987048 0.755665 954.266576 6.805050 122.559894 0.034489 57.555042 19.506590 108.254436 0.482111 93.785704 2629.848515
48 -1315.455572 0.601501 79.902978 0.759581 950.541834 6.343082 129.437599 0.343222 72.125787 20.780699 100.262002 0.457024 88.916468 2635.940446
48 -1312.332274 0.601401 79.989954 0.757413 953.307329 1.418090 239.420765 0.117975 68.871385 20.449458 100.450717 0.509452 89.370821 2629.607929
48 -1314.052333 0.600668 79.989337 0.756301 953.107847 11.240778 225.670924 0.594962 76.201889 16.552933 101.530553 0.488674 94.906410 2633.037856
48 -1318.792169 0.600495 79.934297 0.763833 948.021228 6.293945 253.125356 0.261544 59.498935 19.881436 103.895714 0.482324 90.326662 2642.635599
48 -1314.590173 0.600162 79.984278 0.755695 956.645758 13.098330 140.122573 0.100448 63.089004 14.441879 105.487140 0.528214 86.596121 2634.115381
48 -1311.131916 0.600207 79.985309 0.759170 951.188728 20.677925 135.418963 0.275485 59.328187 22.070411 101.810643 0.477442 89.364128 2627.284581
48 -1310.150332 0.600807 79.981351 0.756633 955.588499 7.837257 137.786210 0.029703 66.868473 21.839202 103.871133 0.492479 85.471809 2625.258877
48 -1312.533643 0.600949 79.995329 0.755262 942.609256 8.133369 102.888918 0.275120 68.625333 22.022666 103.787318 0.454309 89.761850 2630.205375
48 -1313.804107 0.601434 79.945311 0.755305 949.860840 17.035769 112.218812 0.072147 68.017412 18.400675 105.297392 0.480445 88.687641 2632.641809
49 -1311.382066 0.600160 79.967508 0.756259 952.010551 2.554041 123.900696 0.033663 58.971756 18.527036 108.179200 0.458303 89.877487 2627.772911
49 -1309.834224 0.600270 79.984756 0.755920 952.620212 13.315976 105.663788 0.208209 76.763381 21.753381 115.088064 0.460520 89.349347 2624.669825
49 -1312.738417 0.601617 79.977153 0.757126 952.119345 8.881630 165.471015 0.306707 71.179034 20.713675 101.098515 0.488285 90.893013 2630.454687
49 -1313.235221 0.600311 79.996751 0.756350 954.167470 15.128515 215.946907 0.027253 51.172066 17.612571 102.191335 0.492763 93.823601 2631.411303
49 -1316.825283 0.600039 79.930282 0.766065 946.735249 2.908888 236.051243 0.464972 67.635917 22.421964 102.082140 0.463732 87.804800 2638.737795
49 -1315.598911 0.600683 79.970546 0.756205 950.972030 2.185319 102.971394 0.463795 69.857671 15.586588 110.939923 0.490166 90.677904 2636.202670
49 -1309.681449 0.600082 79.992803 0.755911 951.380103 16.374826 154.053752 0.557090 76.285791 18.543513 101.165349 0.488982 88.798403 2624.359855
49 -1308.869511 0.600761 79.989588 0.755002 955.597315 14.589402 121.091029 0.030773 76.402792 20.965791 101.455945 0.497627 84.823170 2622.695971
49 -1309.415132 0.600753 79.998024 0.756089 944.562933 14.035703 101.738595 0.326099 76.023948 22.478134 101.172474 0.457956 86.896468 2623.951128
49 -1313.502391 0.600712 79.955232 0.759724 957.114572 15.979560 109.531811 0.498715 78.673124 20.846431 105.828324 0.476086 88.856279 2631.939142
50 -1311.654988 0.600855 79.949538 0.756522 950.298338 1.977808 104.284101 0.002624 60.619575 19.389374 104.098709 0.454410 88.519750 2628.348890
50 -1310.589292 0.600337 79.992605 0.756732 951.627159 11.655666 112.352397 0.063955 68.534269 22.245237 117.939994 0.459685 90.586025 2626.196465
50 -1311.599384 0.601883 79.994097 0.756009 952.283463 2.754652 173.600266 0.225386 61.520336 22.062796 101.368308 0.468655 93.345635 2628.162703
50 -1313.053993 0.600482 79.993141 0.757992 954.663407 12.796452 229.996552 0.508364 77.779363 18.862469 101.148554 0.493580 92.584452 2631.035170
50 -1316.423164 0.600368 79.993716 0.766523 945.442019 0.790849 239.555959 0.381849 68.936745 21.046676 104.687382 0.494577 87.968763 2637.944287
50 -1314.664369 0.600698 79.979687 0.755656 952.033610 10.320701 149.189617 0.538189 75.970481 18.022996 115.445945 0.484723 95.072698 2634.292556
50 -1307.607486 0.600176 79.990095 0.755109 951.200049 17.290296 114.637145 0.540154 78.000464 20.228059 101.259292 0.488307 86.187496 2620.225213
50 -1312.200036 0.601134 79.963381 0.755525 956.588308 6.051730 109.537572 0.527126 72.092611 19.398558 103.883277 0.497888 85.646135 2629.329878
50 -1310.435309 0.600448 79.995961 0.755564 943.900221 15.370424 113.733175 0.422739 78.776341 21.031421 103.225169 0.458830 88.906038 2625.991033
50 -1313.882585 0.600349 79.945567 0.759771 955.501140 11.666998 103.455867 0.454888 76.440342 20.222872 110.016787 0.485735 87.012370 2632.730845
51 -1310.372278 0.600615 79.957198 0.757183 948.885983 2.256664 102.718850 0.016075 62.585089 19.584816 100.046847 0.462293 85.480452 2625.814038
51 -1313.446138 0.600315 79.977499 0.756592 952.855152 8.538520 168.139471 0.481182 66.979284 20.063607 115.444677 0.453200 91.975396 2631.870100
51 -1314.831873 0.601077 79.940487 0.757002 947.938921 7.641799 108.233162 0.130666 67.038155 21.245873 104.348294 0.464455 93.990762 2634.709682
51 -1310.666775 0.600042 79.996385 0.755489 954.435659 16.616199 180.559035 0.216699 75.815981 17.855651 102.588543 0.477284 89.991665 2626.291056
51 -1313.325550 0.601267 79.981525 0.755390 953.997168 20.165470 266.708745 0.027042 71.966822 21.743270 108.238548 0.491325 85.803988 2631.620299
51 -1315.364953 0.600813 79.998106 0.757483 954.362064 13.422547 203.683210 0.512673 79.824198 17.931964 112.070383 0.505981 95.970534 2635.649002
51 -1311.223883 0.600319 79.986885 0.757202 949.940854 16.381883 107.585573 0.005734 76.314984 20.676383 106.302843 0.484729 91.335430 2627.477641
51 -1309.205106 0.601186 79.990516 0.755291 952.752361 7.407722 137.475172 0.086252 75.745025 19.533592 101.674664 0.469622 85.940582 2623.408634
51 -1311.202034 0.600109 79.996534 0.755748 943.453680 17.129252 138.923184 0.381881 79.263130 20.899599 102.866758 0.465653 90.146674 2627.524785
51 -1315.541283 0.600391 79.921216 0.759423 948.882395 7.253107 100.690456 0.026394 74.894220 20.428036 108.288570 0.499196 89.108621 2636.138567
52 -1311.939457 0.600669 79.980747 0.756081 948.507454 22.479768 155.668925 0.083121 64.932742 18.951992 105.176623 0.488736 87.056440 2628.939589
52 -1313.608114 0.600395 79.998822 0.755923 951.648453 13.054753 214.085659 0.521753 61.475097 19.233702 113.366651 0.453222 90.205613 2632.212421
52 -1318.309834 0.602199 79.964577 0.760966 950.478626 9.479471 185.692243 0.157440 74.176255 21.231186 106.782622 0.468000 98.139993 2641.611829
52 -1311.169005 0.600155 79.988775 0.755595 951.302502 14.456249 207.304174 0.318858 78.036761 18.042843 103.147060 0.490338 89.500400 2627.331635
52 -1314.536754 0.602088 79.968219 0.756470 952.486669 1.878587 255.577486 0.374529 71.904426 21.690523 110.529134 0.462218 92.885263 2634.018210
52 -1319.224856 0.600491 79.980138 0.758340 955.990181 2.609554 306.119701 0.066427 69.262256 18.226100 118.166265 0.541767 93.565263 2643.324907
52 -1311.227442 0.600911 79.983467 0.757452 952.601589 11.566477 141.767578 0.510669 71.785862 22.131401 103.317730 0.459115 92.767711 2627.430120
52 -1311.767606 0.600232 79.983019 0.755559 952.505845 4.543902 326.061384 0.093539 67.310485 20.930339 106.420363 0.487928 87.563763 2628.481763
52 -1312.449868 0.600098 79.968536 0.757720 957.544472 9.477617 172.108259 0.088049 61.468111 20.360097 103.536447 0.459050 88.722608 2629.828970
52 -1313.757029 0.600189 79.923156 0.757131 943.565983 7.492579 126.863325 0.147161 72.118259 22.351716 105.519321 0.482684 84.693957 2632.655998
53 -1311.630666 0.601082 79.966360 0.755948 949.752307 16.569343 108.022683 0.442827 73.510883 20.736871 100.235469 0.520623 87.184538 2628.281293
53 -1314.064294 0.600087 79.939028 0.757429 950.700669 17.505728 101.634757 0.532486 63.193943 18.418699 109.103442 0.470474 85.041502 2633.170011
53 -1315.945421 0.601465 79.993836 0.756371 953.174774 3.637618 185.484204 0.406849 67.551662 22.252924 111.288114 0.542881 97.730709 2636.794822
53 -1311.542609 0.600052 79.991182 0.755180 946.920209 14.493570 238.969278 0.342083 76.040779 20.657373 102.787370 0.509958 89.387808 2628.128286
53 -1313.619293 0.601517 79.998089 0.755038 953.015489 13.004716 198.113883 0.147489 72.033554 16.762453 110.880376 0.476365 87.374796 2632.225618
53 -1314.453282 0.600870 79.954333 0.758574 950.674107 8.884665 256.268334 0.520298 77.086524 20.024853 104.092226 0.535496 85.214298 2633.900619
53 -1309.443021 0.600984 79.999340 0.755454 952.849929 5.649646 166.093845 0.013685 72.232911 22.556877 105.259495 0.461202 92.484961 2623.856466
53 -1310.939996 0.600077 79.991775 0.757740 948.333585 12.521939 238.419759 0.167789 66.489650 22.130894 103.401211 0.476789 88.619377 2626.926225
53 -1314.064811 0.600474 79.946783 0.756454 956.218096 7.212908 223.297060 0.452111 70.753533 19.310722 101.003431 0.483632 89.680919 2633.040805
53 -1310.749482 0.600011 79.987442 0.759979 947.934081 2.969289 206.150874 0.096595 68.749142 21.062282 104.146384 0.481225 85.544640 2626.569568
54 -1314.027657 0.601403 79.976618 0.756366 950.755509 20.552861 155.838960 0.275290 72.546606 21.805911 103.756506 0.526801 92.619824 2633.037644
54 -1313.116229 0.600012 79.921030 0.755365 949.598532 13.530502 134.374013 0.453786 65.010929 19.661871 106.954158 0.477404 86.375756 2631.271740
54 -1315.862167 0.601335 79.941250 0.755220 956.949487 6.125870 152.371393 0.336457 75.338543 19.650420 110.779442 0.488130 95.233759 2636.612035
54 -1313.209944 0.600491 79.993148 0.755568 949.121884 5.443475 327.787742 0.252440 74.556602 21.700263 104.844337 0.523842 92.743153 2631.377396
54 -1312.984650 0.600752 79.977933 0.755103 952.690784 18.479891 252.841001 0.180761 74.516887 17.461732 105.458233 0.461856 85.499285 2630.966848
54 -1316.454692 0.600414 79.920194 0.761139 957.529222 4.480505 182.354568 0.565690 70.531195 22.314851 101.161753 0.492060 91.059257 2637.810288
54 -1308.237909 0.600081 79.964827 0.755355 949.263216 9.416521 149.655118 0.134170 72.910393 22.076434 100.547594 0.457294 86.836198 2621.523616
54 -1310.581913 0.601160 79.980617 0.756710 947.590990 6.649334 157.453910 0.053299 68.017140 21.261067 104.118054 0.479018 84.638760 2626.242205
54 -1315.120226 0.600801 79.996851 0.758719 955.652860 21.261436 233.401193 0.421929 65.809245 21.090758 102.413636 0.502317 93.412404 2635.157616
54 -1310.699154 0.600538 79.975189 0.756282 950.439844 4.568240 273.471763 0.596902 72.356649 21.543691 103.509468 0.461061 87.098194 2626.389378
55 -1314.872115 0.601244 79.999011 0.758797 947.062329 19.934889 203.658235 0.435446 68.823479 22.399508 101.646606 0.528837 89.548779 2634.794015
55 -1309.814827 0.600680 79.991749 0.757450 948.982488 8.685274 105.188903 0.041789 58.492394 21.642175 108.125056 0.463742 86.914271 2624.696708
55 -1316.907894 0.601118 79.953424 0.758430 955.088896 7.238829 200.571458 0.209570 75.327089 19.296406 109.757575 0.482857 95.870688 2638.737009
55 -1312.567021 0.600409 79.999471 0.756379 947.106048 3.394091 312.481956 0.486036 74.746512 21.803269 103.595627 0.517606 91.611409 2630.125855
55 -1311.524326 0.600456 79.996450 0.755274 955.599924 17.256980 102.379682 0.564721 69.001972 17.279295 105.150890 0.466885 88.868915 2627.995007
55 -1316.951659 0.601176 79.917021 0.759159 954.730414 11.874598 182.795144 0.096580 76.514401 21.753882 100.407961 0.556489 90.397795 2638.832626
55 -1308.166517 0.600039 79.954593 0.755124 949.991413 10.112761 106.662974 0.051909 70.551083 21.422524 101.294188 0.458217 85.631656 2621.380904
55 -1311.996380 0.601023 79.999800 0.757054 947.541674 0.828398 217.505574 0.596135 69.673036 22.222021 105.007423 0.470863 91.274098 2629.019400
55 -1311.843991 0.600642 79.999232 0.759720 951.662224 11.015373 212.488463 0.452705 63.958777 21.739458 100.118800 0.485837 87.686865 2628.688739
55 -1311.208034 0.600593 79.988930 0.755428 948.789330 13.695180 261.694763 0.597436 72.601536 20.710520 102.591644 0.489760 86.346179 2627.438537
56 -1312.235063 0.600977 79.959963 0.755724 955.027151 20.990438 163.716545 0.474080 65.144780 20.879855 100.814403 0.473343 87.297222 2629.424216
56 -1309.225512 0.600196 79.978090 0.756384 948.857556 3.455873 113.360299 0.057997 59.619097 22.047376 107.112573 0.474664 86.577696 2623.511559
56 -1317.675583 0.600192 79.975175 0.758172 958.607748 17.687476 109.687289 0.038340 69.587001 15.485028 112.552947 0.485006 93.651453 2640.258509
56 -1314.261555 0.600849 79.941906 0.756456 951.165625 10.882787 298.941162 0.531000 74.775271 22.468450 101.980360 0.466364 92.096047 2633.485707
56 -1311.554028 0.600713 79.989306 0.755941 951.305039 4.440724 163.180237 0.475814 68.225619 18.767144 104.239080 0.484167 89.095574 2628.101699
56 -1311.361109 0.600974 79.926709 0.756754 954.055354 5.133232 111.562780 0.123558 75.950792 22.204648 100.371518 0.459883 87.642167 2627.701393
56 -1307.583254 0.600051 79.980865 0.755748 950.300090 9.206903 111.969424 0.529657 70.476305 22.637331 101.922399 0.457976 86.377859 2620.198264
56 -1311.736111 0.601242 79.993641 0.756439 948.081037 1.607296 220.926746 0.084273 70.166034 21.568534 105.479116 0.465464 91.750335 2628.500931
56 -1312.683515 0.600161 79.968422 0.761065 952.972310 6.795209 150.633754 0.335560 68.945309 21.281965 100.168906 0.496168 89.706694 2630.351821
56 -1309.253712 0.600524 79.995980 0.756085 949.907302 15.172815 241.044991 0.071421 67.551672 22.303877 100.185914 0.489658 84.666127 2623.538147
57 -1310.427054 0.600328 79.997785 0.756301 945.949352 22.427530 222.982133 0.451148 74.588006 20.535252 101.653095 0.480870 84.882145 2625.948507
57 -1307.988951 0.600067 79.990220 0.756440 949.300439 2.252960 114.042767 0.054241 58.885497 22.025934 105.971352 0.468550 85.995476 2621.035888
57 -1314.215120 0.600006 79.999614 0.756056 956.109876 11.916308 241.632829 0.330451 75.030348 17.654648 108.925521 0.483394 94.120443 2633.334510
57 -1311.678334 0.600160 79.976663 0.757110 947.954638 5.513615 192.752410 0.420602 69.723637 20.592837 106.993998 0.462036 89.521745 2628.406128
57 -1309.501558 0.601067 79.994448 0.755507 946.499354 21.228351 146.692699 0.269330 65.667309 21.545611 100.051470 0.456793 85.736425 2624.097587
57 -1311.598683 0.600310 79.911903 0.755129 954.482506 5.777631 132.932803 0.198253 70.038160 22.512635 103.100471 0.479111 88.055321 2628.155440
57 -1309.693712 0.600269 79.995807 0.758115 953.274559 7.906819 172.009696 0.015873 74.931897 21.112614 101.438350 0.467020 89.481281 2624.372369
57 -1312.006001 0.601214 79.988431 0.756756 949.578765 3.515124 234.333846 0.068708 73.349142 21.932504 101.145038 0.488486 92.065876 2629.006954
57 -1315.944724 0.600085 79.981814 0.762396 957.637632 20.576962 104.523818 0.584751 64.279065 18.226797 100.945154 0.501788 89.692605 2636.815908
57 -1311.479313 0.600210 79.977729 0.755737 948.270435 12.490261 315.784751 0.261744 72.188271 21.429897 101.023700 0.494189 85.308151 2627.987303
58 -1308.700968 0.600182 79.996761 0.756327 947.210492 16.091801 219.931556 0.500779 79.547058 20.283529 102.092670 0.465430 84.650193 2622.478023
58 -1314.260810 0.600720 79.993392 0.755526 953.919552 7.994072 197.103567 0.356937 62.170111 19.197931 106.333353 0.494573 96.924365 2633.439152
58 -1315.026428 0.600184 79.965371 0.755498 956.903484 10.700434 175.531017 0.245116 72.420404 18.700191 109.384658 0.533509 93.103872 2634.940889
58 -1311.264271 0.600567 79.960316 0.757170 948.953607 16.182113 145.906464 0.128497 61.294576 21.979824 100.767202 0.501717 85.831914 2627.580191
58 -1310.660131 0.601221 79.996788 0.756093 951.581934 1.472446 192.465719 0.206898 65.353424 18.750721 100.963166 0.466039 88.770242 2626.313536
58 -1315.762049 0.600114 79.880705 0.755695 956.727026 0.847831 213.117212 0.278425 69.403008 20.113631 103.775748 0.465083 91.806728 2636.422968
58 -1308.422974 0.600147 79.972811 0.757449 952.082373 4.758832 145.268602 0.006305 73.355527 22.572906 100.538930 0.454991 87.072016 2621.860083
58 -1311.867731 0.600269 79.977882 0.758856 944.772005 11.655163 169.926099 0.405796 67.948128 21.529033 105.365530 0.454073 85.058998 2628.864629
58 -1315.903781 0.600581 79.994929 0.760988 959.491005 0.980368 129.454826 0.116559 66.363928 16.924231 100.567845 0.525541 91.212918 2636.691032
58 -1313.008888 0.600530 79.969504 0.755112 949.225308 10.968603 342.814145 0.237040 64.384779 19.958670 102.170098 0.463038 86.778300 2631.025570
59 -1309.014026 0.600012 79.971029 0.755454 947.547512 16.935897 210.799000 0.104940 79.784893 22.140099 100.741970 0.472455 85.052700 2623.101037
59 -1312.657193 0.600443 79.980362 0.756218 951.185145 16.215833 152.111894 0.111578 65.879951 22.286139 103.119449 0.489656 97.665632 2630.284032
59 -1310.465724 0.600321 79.996665 0.757250 954.218649 7.649365 122.436580 0.474780 77.738762 20.601411 106.796402 0.462290 94.573324 2625.879581
59 -1313.645631 0.600074 79.959199 0.755861 956.656219 21.367838 135.833867 0.361366 67.585639 21.030000 103.870654 0.572770 90.341295 2632.185615
59 -1312.779019 0.600881 79.982456 0.755822 949.812780 5.147166 263.730352 0.126667 62.421988 17.223751 108.133789 0.459591 85.455716 2630.584850
59 -1310.207694 0.600325 79.987663 0.756510 950.330031 20.128110 105.372956 0.537843 71.579732 19.904603 104.976643 0.512602 84.870442 2625.443762
59 -1308.383252 0.600374 79.979143 0.756308 951.978168 1.510437 203.169422 0.588501 76.039034 21.236899 102.348705 0.459665 85.030916 2621.759301
59 -1311.390702 0.600123 79.995367 0.759254 951.379527 18.084469 105.024110 0.595571 75.019056 19.825793 107.683621 0.494864 88.879871 2627.791957
59 -1318.430051 0.600194 79.979769 0.755627 945.385949 9.601380 447.299570 0.323487 68.569464 18.042695 116.974731 0.469887 88.599415 2641.884852
59 -1313.478718 0.600337 79.977023 0.757550 955.045366 3.053619 271.560113 0.592327 79.948867 17.479866 106.180181 0.515953 85.857157 2631.877454
60 -1310.725236 0.600003 79.964018 0.758070 947.349739 20.992206 216.001968 0.025735 75.113660 22.034219 100.213923 0.461954 85.228519 2626.541528
60 -1310.969933 0.600065 79.996823 0.755178 953.586600 5.862022 199.833807 0.070108 64.041024 20.116287 107.738749 0.462706 95.894570 2626.882541
60 -1311.474229 0.600508 79.984284 0.756585 954.259455 22.408824 122.935302 0.143760 66.432027 21.413349 101.657692 0.509785 92.853654 2627.892431
60 -1313.858248 0.600395 79.991398 0.759078 952.616255 10.337219 264.944755 0.561662 71.124593 21.634700 104.995607 0.545823 87.485137 2632.671241
60 -1312.028777 0.600898 79.985474 0.755801 954.166959 13.933724 125.888730 0.128514 55.994471 20.226281 103.726192 0.491247 93.273630 2629.004303
60 -1310.443596 0.600753 79.985866 0.756607 950.183639 14.386549 114.255944 0.098441 78.083923 20.903021 100.063634 0.525212 87.283742 2625.908556
60 -1309.919395 0.600279 79.989104 0.757286 951.610900 3.671804 171.004629 0.040203 76.736029 20.499798 105.639498 0.476126 87.901529 2624.848180
60 -1311.018773 0.600298 79.992717 0.755693 949.948575 21.161484 100.252038 0.072357 79.303858 18.385415 107.423310 0.533751 86.141491 2627.071800
60 -1318.518289 0.600048 79.991774 0.755088 942.627167 6.161752 511.633181 0.456559 54.282195 17.799246 115.705014 0.461642 84.677972 2642.071060
60 -1313.726459 0.600510 79.989559 0.759358 956.924167 10.967784 152.127392 0.119330 78.578340 18.243314 101.233757 0.563994 86.332196 2632.377448
61 -1309.679708 0.600141 79.986442 0.757682 947.085070 8.081979 205.635238 0.090931 71.131763 20.689980 103.545224 0.453108 85.331829 2624.448278
61 -1316.127645 0.601273 79.945537 0.756263 957.359541 17.779069 100.895475 0.195154 59.548834 20.300247 101.788881 0.521882 97.452104 2637.126019
61 -1308.568701 0.600179 79.980651 0.755359 949.188957 3.259776 168.994111 0.053662 71.726349 21.015377 102.387363 0.486273 85.777468 2622.178550
61 -1313.516981 0.600715 79.987969 0.757992 954.826246 17.675799 210.756225 0.516531 75.370268 21.265239 102.729318 0.559143 88.878744 2631.959064
61 -1311.092055 0.600681 79.991904 0.756585 952.526244 17.379716 124.638711 0.043351 52.199227 20.368211 104.550054 0.456123 94.366102 2627.168719
61 -1309.664145 0.600486 79.984163 0.755885 946.590318 6.797618 100.687155 0.439190 70.453135 19.934475 100.835460 0.470870 85.455985 2624.418094
61 -1311.057283 0.600203 79.949420 0.755800 952.063870 0.887598 100.434953 0.082553 60.206754 21.663042 100.445123 0.558703 86.641260 2627.097537
61 -1314.144967 0.600672 79.990094 0.755637 956.542439 2.508101 151.653756 0.191507 79.940465 18.642545 109.800994 0.587573 90.935447 2633.176479
61 -1315.096729 0.600099 79.992130 0.755866 944.638345 1.628840 521.642965 0.467766 78.933231 17.539037 117.641461 0.457248 89.096512 2635.149546
61 -1316.404995 0.600309 79.909880 0.755033 955.498223 4.127248 194.915289 0.105678 51.212289 18.314339 101.830927 0.618325 86.546959 2637.712632
62 -1310.376513 0.600740 79.999544 0.756612 950.946978 10.831189 143.561132 0.066493 73.679693 20.860711 105.885279 0.495061 88.946990 2625.765614
62 -1312.709527 0.601375 79.986788 0.755969 957.529721 17.669663 104.661037 0.110879 79.700149 21.660900 103.044378 0.462400 100.936060 2630.294509
62 -1312.028231 0.600343 79.990106 0.761707 951.435523 3.725583 257.103181 0.189350 71.544272 20.328366 104.106545 0.459507 85.443076 2629.074547
62 -1310.691840 0.600016 79.958153 0.759044 950.139674 2.132137 259.137702 0.572122 74.159525 20.956699 100.145326 0.463153 84.679952 2626.398835
62 -1310.045706 0.600178 79.987487 0.756057 951.256268 8.267784 139.143726 0.051105 54.689942 19.784628 103.271054 0.472355 90.879396 2625.097748
62 -1312.170711 0.600353 79.968957 0.757942 946.166081 2.164503 142.789985 0.308352 74.552379 19.468870 103.877091 0.481288 86.626157 2629.434395
62 -1313.959597 0.600300 79.998923 0.761280 951.845604 18.446181 222.227228 0.597146 70.974298 21.288665 105.437161 0.536412 86.248393 2632.916499
62 -1317.429003 0.600927 79.980200 0.755022 959.633701 3.807178 182.269945 0.141463 75.832931 18.138724 111.381082 0.574789 95.928239 2639.674598
62 -1316.924000 0.600437 79.969454 0.755517 947.696545 2.183765 439.046952 0.574134 72.027636 18.150815 115.343455 0.455108 93.483875 2638.786261
62 -1315.000403 0.600184 79.912346 0.757073 953.434303 1.275550 197.224781 0.279033 71.745527 18.964177 101.750929 0.552553 87.201599 2634.948412
63 -1312.405073 0.600799 79.990510 0.756596 950.130601 18.013429 174.211955 0.498330 73.475476 19.987887 107.775840 0.483013 90.587572 2629.822373
63 -1318.714294 0.601048 79.932904 0.756985 959.563624 20.716877 163.516418 0.367760 50.833023 20.668138 100.380281 0.500840 99.187054 2642.264952
63 -1308.988773 0.600333 79.992494 0.757016 951.603657 10.113450 213.309131 0.176212 72.219726 21.218060 102.846609 0.454570 85.334929 2622.995014
63 -1310.902148 0.600834 79.967323 0.756732 949.298731 3.381985 141.085287 0.509721 77.358072 21.191771 102.258692 0.510318 86.574354 2626.830984
63 -1307.372186 0.600021 79.998939 0.755676 947.812835 11.321474 109.981886 0.006955 57.332181 20.927592 101.721011 0.469612 85.655941 2619.825047
63 -1309.266900 0.600088 79.992572 0.756113 953.574648 11.923419 185.512306 0.230136 53.226353 22.426231 100.073628 0.478565 88.571613 2623.503844
63 -1312.554752 0.600313 79.982551 0.758675 949.952726 22.076126 202.933923 0.437569 65.918584 21.521447 102.781393 0.504453 86.587085 2630.141438
63 -1317.914323 0.600440 79.992812 0.757481 956.031447 10.127075 104.236396 0.440353 65.001080 16.531936 111.185427 0.590789 92.979658 2640.724188
63 -1315.662004 0.600161 79.986231 0.757723 946.981538 1.088015 437.526307 0.333570 72.627540 17.944525 114.796702 0.465664 90.096770 2636.295626
63 -1314.960111 0.600567 79.910652 0.756107 955.889414 3.673800 212.208079 0.062596 55.226492 18.497021 100.888652 0.517345 84.785828 2634.852177
64 -1312.474482 0.600754 79.984455 0.758767 946.930273 12.988064 169.569734 0.498566 70.642873 21.557818 104.846082 0.454695 89.292627 2630.026285
64 -1317.212623 0.600039 79.969918 0.755871 944.086985 13.850240 128.098167 0.016129 75.911607 21.652241 101.778438 0.476140 100.918066 2639.492376
64 -1309.105546 0.600108 79.991899 0.755098 949.300591 20.383303 151.883975 0.186278 79.754100 20.891017 104.043102 0.474036 90.023589 2623.245628
64 -1310.320021 0.600581 79.965477 0.755847 948.300303 4.764184 128.402435 0.437729 74.453096 21.536558 100.906223 0.509692 85.879802 2625.685535
64 -1312.533505 0.600309 79.954831 0.759528 949.880231 7.453503 160.788995 0.079600 53.373039 21.803463 102.125862 0.476492 89.360559 2630.103384
64 -1310.085050 0.600304 79.977265 0.756336 951.692719 6.593630 217.812809 0.060896 53.792673 22.060931 101.274050 0.458231 91.025836 2625.157209
64 -1309.331376 0.600034 79.994735 0.758078 950.094728 2.905858 162.910812 0.305960 64.573710 22.074813 101.183142 0.498682 86.503831 2623.689094
64 -1315.833543 0.600140 79.993616 0.755115 951.674758 16.681575 108.933341 0.437278 66.994209 14.988725 114.639884 0.593418 84.693234 2636.661876
64 -1315.687108 0.600603 79.990750 0.759746 944.859839 1.972549 422.242166 0.530537 79.588373 18.325537 115.023184 0.465714 88.552801 2636.393530
64 -1315.235879 0.600471 79.924486 0.755484 953.701015 8.692367 172.564661 0.071953 59.195133 18.734664 100.205134 0.535260 92.631107 2635.404059
65 -1309.267289 0.600609 79.988343 0.757105 948.681759 15.474651 117.156404 0.570344 76.583995 22.294517 100.218416 0.471274 88.749131 2623.579688
65 -1315.005825 0.600519 79.998512 0.759896 952.655767 1.884926 161.831798 0.505713 70.623927 21.484909 103.890605 0.513103 99.720629 2634.937781
65 -1310.368708 0.600070 79.970451 0.758388 955.514354 13.733840 158.337973 0.015085 56.086325 21.999481 100.629426 0.472339 86.003555 2625.706856
65 -1309.780754 0.600542 79.985646 0.757181 949.068556 7.528294 130.256100 0.392352 75.677395 21.199653 101.647110 0.506495 85.717087 2624.604763
65 -1313.220019 0.600950 79.950555 0.759278 953.808933 6.987799 189.123719 0.046005 53.096844 21.935660 101.145339 0.503782 86.588792 2631.414444
65 -1311.628124 0.600545 79.996746 0.758989 949.550173 3.475194 230.688690 0.041452 66.046498 20.978035 105.378532 0.473827 89.835659 2628.279971
65 -1313.016796 0.600490 79.994764 0.758567 956.490996 0.878390 107.386322 0.031244 52.832981 18.717221 102.277625 0.497757 95.046274 2630.947928
65 -1317.387862 0.600016 79.995404 0.758380 957.979951 1.663518 155.935458 0.582848 76.498091 14.280907 113.192725 0.553932 87.103268 2639.674421
65 -1316.287195 0.600662 79.982009 0.755483 944.128707 8.003672 402.917224 0.172207 53.870458 18.784395 114.011904 0.459063 86.333247 2637.642526
65 -1312.925048 0.600841 79.998324 0.757069 952.885617 7.866223 169.787212 0.083290 68.976322 20.127877 100.612873 0.524009 95.140690 2630.791016
66 -1309.398567 0.600729 79.998183 0.755917 949.667671 14.400908 124.744346 0.428576 77.919017 20.384171 103.359166 0.492924 87.871986 2623.825292
66 -1318.138209 0.600212 79.970627 0.764541 955.063452 14.922537 192.887199 0.174069 67.484884 22.413311 105.849554 0.503794 99.746881 2641.199111
66 -1309.002130 0.600079 79.993860 0.758045 953.068486 18.320319 149.696565 0.027357 52.801909 21.968777 102.018955 0.483209 85.912579 2623.008721
66 -1311.992394 0.600065 79.933721 0.755177 950.432201 21.371601 145.588081 0.561954 76.871078 20.649753 102.205452 0.526435 87.964737 2628.985036
66 -1309.388854 0.600481 79.992751 0.755990 951.781496 19.489475 176.716478 0.549181 70.882502 20.295867 101.778543 0.474068 84.605700 2623.788269
66 -1311.686351 0.600121 79.965769 0.758957 954.999637 20.241116 131.748565 0.213226 74.658058 21.615080 102.228597 0.481685 90.061524 2628.333927
66 -1313.756029 0.600934 79.999325 0.756693 953.595194 6.487555 223.721378 0.537907 66.099474 22.044140 100.884817 0.562597 92.810125 2632.417236
66 -1318.186744 0.600039 79.984112 0.758640 955.961592 12.019792 140.413067 0.213422 72.626695 13.979356 114.091140 0.528324 88.646064 2641.323026
66 -1315.282112 0.600654 79.989092 0.756959 942.752508 1.519055 442.959122 0.171527 53.604075 20.285186 112.714339 0.467447 87.883685 2635.602897
66 -1312.177235 0.600765 79.988807 0.755122 954.858102 11.869192 113.744185 0.166516 67.775558 18.875095 101.072301 0.524604 93.749213 2629.274469
67 -1313.671424 0.600482 79.968471 0.755803 945.150524 5.001039 246.383695 0.295134 69.308271 20.647267 104.962230 0.522685 86.592284 2632.410472
67 -1315.191475 0.601395 79.952753 0.755664 954.072366 11.424229 189.701365 0.214410 55.161544 21.242698 102.695804 0.504972 94.830292 2635.305745
67 -1309.393648 0.600179 79.995301 0.758662 955.386190 21.707089 104.703427 0.009193 60.987986 21.946119 101.436390 0.491342 86.421055 2623.759210
67 -1311.312799 0.600377 79.953333 0.755263 950.838287 16.531422 121.860153 0.573486 76.492777 21.892203 100.352429 0.534046 89.680850 2627.608536
67 -1309.312733 0.600615 79.984793 0.755240 954.425304 19.725815 131.202859 0.056163 50.573419 19.820965 101.389793 0.478731 84.869424 2623.607411
67 -1310.388317 0.600586 79.948641 0.756445 954.787835 15.937862 132.316106 0.098261 69.068168 22.401106 101.284498 0.478981 84.986177 2625.751852
67 -1311.973499 0.600765 79.988469 0.755075 952.835726 3.943610 267.538609 0.383997 62.990254 22.574087 100.492049 0.548778 89.647009 2628.866055
67 -1315.170793 0.600216 79.999228 0.755028 951.983605 13.285368 111.764192 0.110122 72.373906 12.647032 114.353687 0.517724 84.850304 2635.362727
67 -1314.426550 0.600366 79.996093 0.756199 943.479319 2.508622 447.925938 0.145170 65.134275 21.009554 108.122833 0.520487 87.829864 2633.861182
67 -1314.168467 0.600491 79.997542 0.756519 956.374563 7.084517 186.797854 0.342845 64.343673 18.964686 101.366677 0.548567 94.805448 2633.212724
68 -1315.855716 0.600082 79.980775 0.755192 940.262158 4.892748 248.459760 0.016205 65.015722 21.867170 105.932332 0.540473 86.670820 2636.849767
68 -1314.752427 0.600164 79.996131 0.757226 951.363494 14.950343 203.669509 0.376815 78.780028 19.111050 100.917745 0.618922 91.919524 2634.448721
68 -1309.541216 0.600275 79.993124 0.757077 958.793778 1.233112 118.694196 0.025911 56.970941 22.152574 101.335519 0.454661 86.476927 2624.003986
68 -1308.933455 0.600225 79.962510 0.755600 949.726208 13.718072 145.406409 0.452037 79.419856 21.741828 102.337337 0.469520 87.459539 2622.898599
68 -1308.719774 0.600366 79.978485 0.756681 950.291515 17.902711 169.021876 0.583644 78.151127 20.847320 101.751924 0.454059 85.734161 2622.474444
68 -1314.214470 0.600354 79.947623 0.755873 950.897001 15.975612 110.755916 0.078380 67.021069 18.644618 105.964443 0.562028 88.030931 2633.429438
68 -1315.333150 0.600882 79.970818 0.755121 958.197389 13.846368 272.354532 0.086779 61.246125 21.402242 100.917043 0.527997 91.953198 2635.523908
68 -1313.050548 0.600178 79.994531 0.755499 951.891646 14.168622 148.474061 0.066176 75.590470 14.713517 112.248834 0.494154 84.740419 2631.126255
68 -1311.437196 0.600402 79.978840 0.755718 950.748709 6.195764 344.688909 0.084383 71.295857 22.388315 100.529268 0.456547 91.692320 2627.833253
68 -1312.413817 0.600232 79.977042 0.756496 959.805881 7.818914 138.181907 0.395015 76.289096 22.198203 102.322711 0.601868 85.334750 2629.687159
69 -1313.308584 0.600537 79.999404 0.756564 945.048330 5.100127 342.793856 0.046756 58.664977 22.244899 102.007754 0.523210 89.136446 2631.650387
69 -1312.065083 0.600107 79.996909 0.756296 959.139852 7.531478 122.553741 0.465668 78.773312 20.081283 100.831309 0.619230 89.022930 2628.977310
69 -1308.201865 0.600212 79.983845 0.755899 953.681892 2.277207 112.008935 0.515273 77.706552 22.258357 101.572380 0.485650 89.563598 2621.363425
69 -1309.296916 0.600098 79.965489 0.756899 949.267204 14.443511 119.768888 0.310495 70.629711 21.930564 101.561197 0.462871 86.807880 2623.647303
69 -1312.008761 0.600518 79.995394 0.760952 954.623712 16.339272 110.619682 0.370193 64.892484 19.662702 101.141182 0.469920 87.596808 2629.003345
69 -1314.778797 0.600517 79.965366 0.757995 949.238684 17.178548 103.243136 0.551869 53.965880 22.312492 101.644573 0.525347 89.811286 2634.581129
69 -1311.581748 0.600421 79.957098 0.755186 956.291749 13.265029 219.691573 0.415184 77.038278 22.461183 100.416589 0.496915 88.785473 2628.073691
69 -1315.338680 0.600285 79.975853 0.755191 951.149066 15.438688 111.996296 0.569775 64.344878 15.584055 112.963042 0.491294 86.993992 2635.692587
69 -1317.477442 0.600324 79.995752 0.758485 949.539422 16.585225 364.634128 0.525927 67.549417 19.951052 101.533899 0.506347 93.162581 2639.930058
69 -1313.485943 0.600491 79.981335 0.755996 947.510404 13.317385 158.901459 0.107647 59.375777 21.216237 100.060673 0.516517 93.306394 2632.002241
70 -1311.727086 0.600540 79.993082 0.756006 951.229513 7.583044 331.393275 0.305156 71.710537 20.899933 103.275031 0.496937 85.971505 2628.422908
70 -1311.098372 0.600074 79.990165 0.755505 957.128480 19.697873 146.145037 0.003533 79.490418 20.047674 102.926214 0.562048 86.114150 2627.112818
70 -1309.066439 0.600443 79.991953 0.755674 951.645505 6.442077 121.318266 0.416886 77.956200 21.063058 104.521407 0.466879 91.936969 2623.121897
70 -1309.829511 0.600245 79.957308 0.756629 948.118724 17.619636 165.703984 0.421252 71.389812 22.558286 101.851144 0.461520 84.873308 2624.729954
70 -1312.301096 0.600621 79.911790 0.757350 950.132901 1.090559 166.590929 0.203110 59.139991 21.406149 101.291130 0.454618 85.235393 2629.641794
70 -1312.169101 0.600137 79.985404 0.757439 952.409331 19.268405 145.004319 0.058538 55.176337 21.564640 102.747603 0.618531 85.792763 2629.312514
70 -1311.116212 0.600646 79.995211 0.756839 952.157915 19.094255 142.941378 0.200172 68.046785 21.396645 100.978487 0.495937 92.788690 2627.209168
70 -1313.158625 0.600411 79.973048 0.755041 948.546079 21.653994 106.293880 0.061890 63.033661 16.382054 111.755454 0.484140 86.715570 2631.386865
70 -1310.750692 0.600102 79.967746 0.756342 956.065883 1.055353 140.384115 0.157904 75.178648 21.169847 100.651933 0.453952 96.247907 2626.415000
70 -1310.366897 0.600607 79.995555 0.756365 957.257521 14.652181 100.626853 0.231200 75.329549 21.183222 103.258013 0.470667 92.557462 2625.647363
71 -1315.878319 0.600238 79.944740 0.755093 949.424855 9.419263 312.753151 0.574103 71.744508 19.483218 103.341855 0.532694 90.644004 2636.720189
71 -1314.647997 0.600828 79.997648 0.760874 957.810027 18.670242 184.561932 0.032554 56.289848 18.894758 103.759742 0.466000 86.861099 2634.242842
71 -1308.368770 0.600560 79.997194 0.756846 952.647458 8.374573 110.931227 0.442494 75.481024 22.488167 103.050642 0.471351 88.811771 2621.726625
71 -1308.547903 0.600036 79.989380 0.756400 948.347188 13.038390 113.781121 0.405300 78.293649 21.313204 105.966532 0.477751 86.722281 2622.157420
71 -1312.277707 0.600428 79.912316 0.756579 947.529115 2.660703 144.059122 0.231957 67.927159 22.456113 100.615030 0.474670 86.313375 2629.623623
71 -1313.204543 0.600304 79.993499 0.755782 955.226314 12.479820 150.720199 0.164141 57.620827 21.433339 102.092840 0.631478 91.076851 2631.301304
71 -1311.158188 0.600929 79.975302 0.755813 952.799226 12.216492 127.985639 0.113369 71.824670 20.565630 101.846407 0.462616 93.726672 2627.288664
71 -1316.261220 0.600752 79.969075 0.756557 952.507726 8.112416 176.793967 0.080209 57.238360 14.650849 113.316494 0.476435 86.597848 2637.532784
71 -1311.158613 0.601380 79.979708 0.755952 949.893517 0.823750 281.725587 0.288154 56.676323 22.552292 102.541201 0.470057 86.696753 2627.311001
71 -1309.914126 0.600611 79.972229 0.757171 953.149729 10.568215 119.618555 0.203689 71.972747 22.524779 101.636611 0.473184 89.115196 2624.813156
72 -1317.022594 0.600685 79.939618 0.755787 952.086598 7.325132 401.172253 0.096864 73.400068 18.429991 104.777434 0.473072 87.388817 2638.983530
72 -1314.743986 0.600919 79.974829 0.760975 955.770308 13.184391 254.254059 0.108675 54.362970 21.466482 100.286304 0.473196 86.223762 2634.444667
72 -1308.738295 0.600609 79.993660 0.755372 950.400549 3.309968 139.339876 0.588976 76.684672 21.054430 105.430703 0.458740 90.205174 2622.483997
72 -1316.134745 0.600391 79.997323 0.766069 951.221453 18.097018 148.933435 0.272311 68.911245 19.698083 107.223066 0.566737 84.697147 2637.308838
72 -1311.388147 0.600310 79.958722 0.758371 945.410153 4.685590 111.942703 0.440973 78.847404 22.081749 102.172747 0.456459 88.157823 2627.883267
72 -1312.217739 0.600411 79.996474 0.755219 956.386478 12.113946 143.787794 0.157224 58.998553 21.955304 100.425991 0.644709 89.405433 2629.313039
72 -1311.781703 0.600829 79.985561 0.757057 954.803675 4.028551 184.138976 0.447814 77.945227 19.912957 107.752254 0.511231 86.676368 2628.508231
72 -1316.547469 0.600748 79.995637 0.756352 954.468074 3.830691 194.471411 0.258111 55.113941 14.742429 114.254850 0.463046 87.895772 2638.067166
72 -1311.553836 0.600432 79.983683 0.756638 951.504873 3.772259 287.913990 0.232587 51.861305 22.158000 103.605864 0.512830 85.640317 2628.079758
72 -1309.586019 0.600651 79.983015 0.756155 951.876426 6.526026 150.865662 0.202904 71.826034 21.697908 103.128790 0.456316 90.682139 2624.167381
73 -1316.806495 0.600812 79.938863 0.755120 952.489290 9.338689 375.998078 0.007508 68.852331 19.578293 100.089259 0.514517 90.197847 2638.531010
73 -1312.263787 0.600998 79.996508 0.758437 956.896423 15.625726 157.842339 0.102959 79.927423 20.333214 102.111193 0.504560 87.872188 2629.459559
73 -1312.376572 0.600206 79.987141 0.757761 950.796128 10.618976 227.877822 0.182136 56.299674 20.086694 102.767629 0.483106 90.372342 2629.755622
73 -1311.671101 0.601068 79.991657 0.757861 951.903275 21.764486 111.446301 0.189472 77.166758 21.934986 102.714165 0.571486 86.357084 2628.333214
73 -1307.842258 0.600235 79.994600 0.757395 951.946257 22.021805 125.662019 0.504315 79.312702 22.573104 100.882854 0.479542 87.171957 2620.690468
73 -1313.887473 0.600524 79.989431 0.756775 954.033867 15.805673 129.156689 0.220007 59.174778 21.584839 100.093476 0.648345 89.929278 2632.689393
73 -1311.636797 0.600123 79.978959 0.756031 956.191292 4.974573 212.407532 0.457972 77.900739 19.765600 106.537706 0.530698 85.228725 2628.191070
73 -1318.914514 0.600786 79.917666 0.759648 951.114200 1.427893 128.244664 0.017683 51.517364 15.295620 109.597080 0.505473 88.290165 2642.855315
73 -1310.499738 0.600537 79.979769 0.756160 948.961078 1.714097 244.283275 0.356183 75.602712 20.294016 110.001191 0.473970 84.892461 2626.030877
73 -1309.688658 0.600546 79.982927 0.755167 953.648114 9.126380 123.582764 0.022831 61.673793 22.418530 100.616286 0.532271 89.406524 2624.330284
74 -1313.394524 0.600154 79.961512 0.758606 949.280496 4.732600 364.734634 0.410829 73.000895 21.472702 103.110215 0.499613 85.236055 2631.775491
74 -1315.559975 0.600857 79.996164 0.755488 959.470982 14.225171 237.218885 0.518546 71.277773 18.125796 103.340481 0.498808 90.057217 2635.979514
74 -1312.628217 0.600227 79.977663 0.756024 950.039328 2.866523 195.680252 0.328610 77.127111 20.382339 100.436442 0.539453 93.399051 2630.225211
74 -1308.876157 0.600351 79.981206 0.755353 952.030719 3.096277 124.150382 0.078102 72.142202 20.369830 105.360000 0.492299 85.107974 2622.761437
74 -1309.901188 0.600156 79.922803 0.755924 951.996984 21.759155 137.173621 0.411202 78.983615 22.543091 100.383513 0.456097 86.822361 2624.811186
74 -1316.459177 0.600122 79.912670 0.760767 950.967461 4.292743 179.601379 0.228635 55.556188 22.249918 102.279715 0.592294 85.055238 2637.919315
74 -1310.554156 0.600004 79.986024 0.755493 953.821517 20.661197 200.128656 0.457570 77.392901 19.365099 106.189018 0.471459 87.897903 2626.079739
74 -1315.265721 0.600089 79.940156 0.756016 951.186137 20.172062 159.535070 0.182165 71.942533 15.627757 105.665975 0.455813 93.324784 2635.538895
74 -1310.290323 0.600618 79.976921 0.755612 949.738627 2.283403 221.430261 0.380785 79.798759 19.591099 109.854604 0.477789 84.978907 2625.604010
74 -1312.208283 0.600334 79.970217 0.755280 955.118019 10.913711 102.845222 0.553313 66.523228 20.340470 102.623661 0.542814 89.443887 2629.339183
75 -1310.703269 0.600312 79.994751 0.757499 948.937359 8.892029 313.388413 0.354528 76.830971 21.172457 102.190023 0.475895 85.563051 2626.428433
75 -1317.745670 0.600698 79.971372 0.755814 962.471526 4.608993 235.573544 0.524571 70.325039 18.368794 102.172627 0.493712 91.476854 2640.294172
75 -1312.904862 0.600147 79.956268 0.756355 951.810504 6.545871 101.985236 0.228713 74.566951 20.491276 100.262506 0.546121 92.841543 2630.772666
75 -1310.279627 0.600225 79.985463 0.756557 948.822267 19.473325 204.929640 0.020671 50.506000 20.291231 104.000285 0.474585 85.227137 2625.623344
75 -1309.407113 0.600189 79.928541 0.755903 953.364167 1.756732 149.977986 0.443827 79.767848 22.344770 100.252905 0.456150 87.114986 2623.792033
75 -1313.249495 0.600116 79.952314 0.759076 952.563257 9.746528 177.837944 0.073826 62.160734 22.057794 103.915270 0.564235 85.731720 2631.483258
75 -1310.061418 0.600034 79.968376 0.755142 956.058245 5.627631 199.036037 0.312097 76.547040 20.973702 105.555579 0.453212 86.886193 2625.061373
75 -1322.768012 0.600075 79.846088 0.761438 949.995001 3.200249 183.617107 0.135050 55.462916 19.808686 100.772224 0.592943 91.399031 2650.522497
75 -1310.502931 0.600672 79.992169 0.755236 950.350048 3.804962 214.452072 0.334658 78.603387 18.443485 111.336519 0.481394 84.638547 2626.025830
75 -1309.589816 0.600149 79.978661 0.755947 956.256204 10.469592 100.787418 0.024764 66.651586 22.271887 103.105825 0.535949 85.674391 2624.117641
76 -1309.008030 0.600072 79.988117 0.755645 949.528635 3.712010 174.176614 0.251255 56.361294 22.306898 104.860882 0.481408 86.766511 2623.047870
76 -1315.897901 0.600552 79.988781 0.755506 963.241836 7.319895 225.238246 0.463247 74.785785 19.480499 100.055144 0.491895 90.314618 2636.598022
76 -1312.220348 0.600389 79.989233 0.756583 949.071086 6.145602 126.759121 0.330265 75.850202 20.382503 101.632100 0.555405 90.155381 2629.449778
76 -1314.101614 0.600452 79.947158 0.758195 950.045837 13.989266 153.497887 0.263954 56.348638 20.274529 102.841547 0.533988 85.444140 2633.233660
76 -1310.823541 0.600296 79.915276 0.756318 949.991131 5.000165 118.809738 0.377355 77.192051 21.924097 104.501258 0.470161 84.881000 2626.688647
76 -1309.932092 0.600136 79.971075 0.757675 951.414916 19.912103 141.759294 0.264627 79.621977 21.181438 101.721601 0.484004 87.235655 2624.882090
76 -1309.597202 0.600231 79.991664 0.755682 955.936606 6.356067 154.247291 0.202881 72.547758 20.820672 108.423562 0.455675 86.672854 2624.149104
76 -1322.929099 0.600141 79.875343 0.758498 960.463469 16.707942 102.722884 0.125872 76.124092 17.060244 110.536349 0.587956 93.425236 2650.699181
76 -1313.995883 0.600623 79.976248 0.757311 953.535375 10.817276 142.621295 0.283742 71.049656 17.128473 113.313572 0.491004 84.632095 2632.991006
76 -1311.076835 0.600135 79.979337 0.756864 946.533059 4.871668 287.887106 0.585812 79.278933 20.434413 100.546645 0.459905 90.816700 2627.186951
77 -1310.385699 0.600207 79.969304 0.756203 951.503176 1.636526 181.763431 0.364844 55.582023 21.596699 105.025348 0.470283 85.730078 2625.778900
77 -1313.850539 0.600165 79.965070 0.756029 947.478383 4.626428 103.382023 0.299271 76.941182 17.653376 118.610339 0.504717 85.807654 2632.780494
77 -1312.546097 0.600101 79.989274 0.755373 944.408181 1.020714 238.176470 0.275619 57.369945 20.979447 103.015253 0.503142 88.909593 2630.164321
77 -1309.405709 0.600262 79.985169 0.755912 950.318587 11.053219 120.301657 0.318803 78.606547 21.698002 102.085086 0.556120 85.447583 2623.823093
77 -1315.987933 0.600386 79.870596 0.758444 956.224395 4.072316 108.956983 0.324364 70.988937 20.580540 107.610529 0.456402 85.404773 2636.940242
77 -1308.330004 0.600068 79.986875 0.755245 946.495234 15.399909 171.366567 0.277298 73.238538 21.763244 102.299685 0.452998 86.284697 2621.750542
77 -1309.798591 0.600120 79.994167 0.755508 951.532420 4.894310 178.848999 0.413683 78.006593 19.115546 112.671722 0.469311 87.272449 2624.601670
77 -1315.385423 0.600142 79.936589 0.755903 956.135141 4.659366 141.564159 0.286758 79.518416 18.394505 100.071523 0.598587 93.201595 2635.645123
77 -1315.722023 0.600168 79.998308 0.755568 959.192373 8.404605 147.811488 0.231103 68.829204 16.587401 116.976644 0.494656 85.920576 2636.354182
77 -1314.680514 0.600547 79.987545 0.757523 950.239414 2.154061 305.263838 0.576741 77.524940 16.278804 110.758768 0.477246 90.224686 2634.334073
78 -1311.760384 0.600058 79.990553 0.758992 955.458507 7.888562 199.337764 0.399069 55.459289 20.653019 101.923754 0.455843 85.305384 2628.487793
78 -1314.623216 0.600143 79.968518 0.756723 944.044275 20.029851 158.191660 0.411463 77.511957 18.572772 113.317242 0.490793 86.761623 2634.371710
78 -1314.821831 0.600866 79.988440 0.755419 945.185723 5.654746 242.222183 0.164203 59.808892 20.577858 100.820200 0.527399 91.082169 2634.690868
78 -1310.709459 0.600221 79.976346 0.755155 952.110205 8.684683 101.043696 0.297972 50.149352 21.131583 105.082962 0.545704 84.696352 2626.414004
78 -1316.086699 0.600473 79.993082 0.768297 955.448512 21.903492 120.623627 0.446910 73.586894 19.935545 103.834060 0.483823 88.940448 2637.162387
78 -1308.890203 0.600104 79.995749 0.758645 948.046856 13.405564 168.337882 0.346147 76.934377 21.543066 101.501978 0.460793 86.022262 2622.856178
78 -1312.174717 0.600237 79.972888 0.756544 952.315062 18.854575 130.639033 0.277224 79.577620 19.360047 115.049128 0.508981 86.252565 2629.354794
78 -1317.436269 0.600158 79.982904 0.761084 956.390154 1.942260 109.269694 0.170041 69.016223 18.545057 105.993645 0.630301 92.722389 2639.763768
78 -1312.299204 0.600544 79.967492 0.755419 954.714578 11.908556 123.361427 0.085670 74.666260 19.009885 109.356839 0.517602 86.801013 2629.559913
78 -1315.654030 0.600624 79.999014 0.759731 950.939735 3.681333 293.909242 0.554461 77.103891 16.244283 108.173513 0.481403 92.203997 2636.275775
79 -1310.745222 0.600099 79.998624 0.756337 956.112919 12.198649 199.497641 0.305317 62.118798 20.128716 104.707726 0.461186 84.691387 2626.445274
79 -1316.766827 0.600153 79.913614 0.757966 947.399622 11.163105 138.850893 0.463396 79.622184 18.356714 119.306463 0.518985 85.331148 2638.609747
79 -1310.280587 0.600467 79.981548 0.757115 949.693846 8.925016 167.619570 0.140303 76.784618 20.182514 105.207964 0.487567 85.079276 2625.606864
79 -1310.312333 0.600209 79.976287 0.755257 954.258880 15.348290 131.731074 0.318315 69.388723 21.436323 103.642688 0.550069 85.762231 2625.578254
79 -1317.751875 0.600765 79.989998 0.768589 955.408671 19.777166 159.994906 0.316251 75.303615 18.272599 106.022129 0.453813 89.240946 2640.504883
79 -1308.097314 0.600138 79.996734 0.757197 953.483196 12.543719 138.619123 0.347923 69.832705 21.277169 101.271573 0.458647 85.147144 2621.193061
79 -1314.187861 0.601084 79.963390 0.758366 951.963120 8.588944 271.210391 0.089255 74.038003 20.776848 101.620927 0.469739 91.339896 2633.349202
79 -1313.587707 0.600034 79.996087 0.755838 955.147359 1.866617 130.079234 0.019590 76.210843 19.074201 107.789321 0.621726 91.740580 2632.075082
79 -1311.868816 0.600735 79.966631 0.755165 955.799912 13.322591 177.678396 0.113138 75.909546 19.152673 107.505859 0.459273 84.613589 2628.701102
79 -1316.787547 0.601071 79.991853 0.755366 955.691888 7.751596 301.234873 0.428290 75.575271 16.082598 108.792475 0.484428 92.677697 2638.465156
80 -1310.533089 0.600046 79.993706 0.755000 956.487995 17.068021 198.500926 0.329568 60.752011 20.930868 103.435059 0.479294 85.017162 2626.006275
80 -1314.606308 0.600028 79.921903 0.755579 946.591117 8.026411 130.960567 0.397844 79.723043 19.340255 117.397753 0.528649 84.704775 2634.292800
80 -1309.881469 0.600580 79.987892 0.756267 952.309314 13.552477 165.535306 0.240239 72.346716 19.678235 103.233750 0.482387 85.176852 2624.768618
80 -1310.538372 0.600312 79.991843 0.757066 955.852298 12.585780 112.328955 0.211190 67.688687 20.978347 101.169639 0.568260 84.861860 2626.015080
80 -1310.286023 0.600212 79.952163 0.755463 951.808984 21.260727 144.800915 0.287413 71.876553 21.986044 103.573722 0.463111 89.368720 2625.574018
80 -1307.052098 0.600210 79.992388 0.755803 952.957361 13.582767 137.485075 0.356018 72.372503 21.727877 100.329833 0.456058 84.637685 2619.107264
80 -1312.002480 0.600817 79.958052 0.755815 950.667766 10.269843 262.909003 0.117499 71.262447 21.757917 100.779038 0.473127 88.783895 2629.000724
80 -1310.006038 0.600119 79.999669 0.755940 955.065741 4.704216 151.466592 0.005927 73.176529 20.078043 106.139982 0.523525 87.334729 2624.960325
80 -1310.625998 0.600623 79.991285 0.756792 955.369619 14.248686 111.309293 0.098690 50.726965 19.491952 104.975999 0.478698 85.254931 2626.226280
80 -1317.937603 0.600585 79.984804 0.757950 956.993076 10.221992 151.786097 0.532785 64.636693 16.781891 109.882364 0.538520 92.012100 2640.771262
81 -1311.837352 0.600277 79.954510 0.755832 950.936189 17.528472 211.225111 0.297954 66.475698 21.682101 107.176960 0.468123 87.051132 2628.692076
81 -1315.817212 0.600049 79.904259 0.755873 946.635575 15.483397 130.917095 0.404923 76.370003 19.329251 116.404399 0.505763 86.065760 2636.717212
81 -1307.160816 0.600328 79.994205 0.756534 951.276929 19.660076 106.553252 0.347124 78.359101 21.563711 100.650637 0.474070 84.766132 2619.349921
81 -1311.065344 0.600329 79.972269 0.755469 955.818216 16.563652 128.343931 0.188065 71.056450 20.185319 101.893915 0.554166 85.401052 2627.066091
81 -1308.693246 0.600115 79.962037 0.755699 951.065810 19.630390 105.616034 0.289639 74.256440 22.643988 101.725607 0.476642 87.462165 2622.404372
81 -1310.723783 0.600298 79.996884 0.756646 957.058785 17.500531 118.705890 0.323752 67.896334 19.057999 101.487477 0.466134 88.725942 2626.381545
81 -1306.971664 0.600442 79.998282 0.755802 950.266683 8.475145 170.268414 0.255089 77.817517 21.983200 101.229954 0.453357 85.660805 2618.978038
81 -1310.386928 0.600046 79.982201 0.756383 951.863716 5.369600 105.370886 0.013154 79.348078 20.119250 109.864211 0.533902 84.952555 2625.785519
81 -1308.767911 0.600322 79.976030 0.755046 949.288950 12.240631 141.079612 0.460531 71.293363 21.856093 101.864448 0.489003 85.323611 2622.574046
81 -1317.433131 0.601308 79.981811 0.758592 956.745747 0.843905 186.650467 0.357276 62.274671 18.449866 100.673298 0.597835 93.052009 2639.729386
82 -1313.267900 0.600406 79.951979 0.759085 950.989362 1.478484 200.879551 0.385650 68.227484 20.427984 109.192949 0.463501 86.909444 2631.553477
82 -1317.137671 0.600881 79.924424 0.758339 954.502333 10.626769 112.426304 0.210276 76.375302 17.131101 104.637403 0.563692 87.909668 2639.226907
82 -1313.463046 0.600289 79.997810 0.759533 951.383968 18.117748 223.507657 0.310438 65.597696 20.182427 107.993456 0.484280 88.565921 2631.940024
82 -1309.800592 0.600318 79.993579 0.755707 955.341933 10.492424 117.189894 0.169179 73.659336 20.567184 100.981088 0.554272 86.791834 2624.537334
82 -1314.980185 0.601376 79.935312 0.755260 957.615399 4.609100 102.040411 0.197443 79.534542 17.711241 100.093424 0.602979 84.763714 2634.855789
82 -1313.900442 0.600163 79.952375 0.757769 949.299531 7.170683 153.346531 0.295284 71.882927 22.166513 104.494222 0.564066 88.738611 2632.811994
82 -1310.581951 0.600573 79.994921 0.758638 949.642062 17.376769 188.939260 0.435105 77.065701 22.260483 101.003712 0.477498 89.235385 2626.194228
82 -1309.077830 0.600014 79.989655 0.757144 948.518755 1.310016 137.453398 0.047741 73.243277 22.183565 109.426087 0.500532 84.593856 2623.221535
82 -1311.538310 0.600158 79.988497 0.760774 951.017830 14.357884 109.559503 0.356775 76.781576 20.998006 102.407760 0.544409 86.039639 2628.097611
82 -1316.360211 0.600916 79.985303 0.758430 952.673821 16.881129 262.000001 0.067998 54.885813 19.331906 110.397355 0.489857 91.645865 2637.696580
83 -1311.709353 0.600920 79.962627 0.755176 950.225378 12.410307 206.799538 0.233213 66.327534 21.911828 108.688116 0.471020 87.098757 2628.440278
83 -1314.365214 0.600287 79.980961 0.764320 950.219529 15.868893 133.945879 0.449472 69.144745 19.539125 105.389520 0.475259 86.797725 2633.791333
83 -1311.960568 0.600229 79.958101 0.756773 949.587742 16.276406 211.830750 0.576650 75.419290 21.917549 106.051619 0.508066 86.123493 2628.943642
83 -1310.162210 0.600204 79.976871 0.756859 952.882278 19.039291 159.760251 0.106813 73.894292 20.866031 105.661991 0.457162 87.788126 2625.328160
83 -1315.746704 0.601299 79.992447 0.761674 953.570765 12.540761 130.445411 0.071567 77.369805 18.247069 102.531986 0.570565 88.349496 2636.465869
83 -1311.426623 0.600584 79.995439 0.755847 952.701446 0.774281 115.331980 0.198862 69.182130 21.345076 100.842747 0.636831 86.778456 2627.800544
83 -1309.142658 0.600566 79.991691 0.755827 951.750574 21.243555 190.388986 0.439964 78.005937 22.043908 100.062562 0.462883 90.201717 2623.277765
83 -1310.272868 0.600045 79.959169 0.755987 949.608346 10.536816 145.069395 0.065843 74.687576 21.981124 107.079548 0.493517 86.715930 2625.585650
83 -1308.351249 0.600277 79.999108 0.756286 950.025492 1.854252 165.070590 0.277753 72.123857 21.754799 106.355552 0.478776 86.322088 2621.731469
83 -1313.868329 0.600419 79.986493 0.756168 951.381621 1.155694 232.233457 0.124300 61.519317 19.083489 111.194707 0.518960 91.907376 2632.700648
84 -1314.458911 0.600317 79.986492 0.755979 947.503002 1.663584 232.554125 0.131513 57.119697 20.381744 117.354496 0.564125 86.780576 2633.950011
84 -1313.609179 0.600095 79.984840 0.759112 950.604539 5.612999 161.985848 0.412296 69.323552 16.769895 108.444644 0.454308 89.770792 2632.248104
84 -1314.616040 0.601064 79.947384 0.757697 953.119635 2.714071 222.088439 0.359710 71.490442 22.560388 107.519635 0.573581 86.026178 2634.177331
84 -1312.239852 0.601387 79.985560 0.760261 955.975221 14.766961 132.698323 0.402048 73.967657 21.729642 101.054236 0.479006 86.922271 2629.436153
84 -1310.875851 0.600759 79.963357 0.756301 954.484441 3.860800 152.884395 0.563928 79.227567 19.691150 101.404103 0.509436 86.674653 2626.698923
84 -1312.072300 0.600184 79.998155 0.756150 953.848184 2.572011 107.397204 0.061747 71.266543 19.865292 100.856908 0.644665 88.751414 2629.070329
84 -1308.573733 0.600490 79.995973 0.755236 951.097757 1.954777 204.343323 0.458130 79.971020 21.637677 102.408511 0.481252 90.794311 2622.123206
84 -1309.982353 0.600483 79.959277 0.755363 953.387473 18.689606 100.638111 0.202038 52.844016 21.298183 100.019189 0.479749 87.047431 2624.950737
84 -1307.724416 0.600154 79.982867 0.755005 949.482316 8.920548 142.730622 0.230762 73.152469 21.832553 105.956289 0.463597 85.257627 2620.497942
84 -1312.508965 0.600017 79.988928 0.755659 950.102151 5.860857 259.162045 0.114013 63.174944 21.759882 108.585777 0.498529 94.698153 2629.989104
85 -1311.475085 0.600051 79.971255 0.757168 947.708167 6.660853 206.529904 0.140630 56.478092 22.168648 111.093465 0.461986 87.804539 2628.016628
85 -1313.805271 0.600485 79.980495 0.755725 949.773209 1.258214 221.393666 0.444557 71.765667 17.993712 113.410105 0.507001 88.641044 2632.610490
85 -1313.512052 0.601791 79.984091 0.755634 950.884853 1.864078 236.663262 0.322578 79.280324 21.322498 112.476458 0.581422 85.402615 2631.993323
85 -1317.061488 0.602867 79.974331 0.757129 956.618342 20.359060 166.563986 0.492593 56.594152 20.986960 105.286280 0.547477 84.714837 2639.046278
85 -1310.130514 0.600232 79.965022 0.757358 949.832710 2.274632 136.423844 0.449851 77.331944 19.004697 102.950003 0.453381 87.372867 2625.301509
85 -1313.199782 0.600311 79.984175 0.756999 953.028776 21.918939 118.317291 0.146436 69.718546 19.693123 100.965589 0.620856 88.284302 2631.351074
85 -1309.353253 0.600482 79.974311 0.755100 949.368616 3.243372 177.213894 0.471539 77.906482 21.054395 102.056869 0.470520 89.526971 2623.722268
85 -1312.732145 0.601035 79.940515 0.755065 955.319226 16.524125 122.111785 0.249349 54.841032 21.632558 102.555247 0.537023 84.816782 2630.410210
85 -1308.065799 0.600148 79.980371 0.756779 950.167484 9.135453 125.600979 0.218633 75.618561 21.742957 104.442252 0.456131 85.381929 2621.180332
85 -1313.323961 0.600030 79.993570 0.757030 953.861100 3.792930 251.098747 0.074276 57.153273 22.503327 106.435071 0.550325 95.251522 2631.546951
86 -1311.193496 0.600153 79.966411 0.755154 946.347477 2.200382 204.706239 0.009912 56.247172 22.431097 110.292602 0.487813 88.055615 2627.454690
86 -1314.472487 0.601235 79.985995 0.756718 948.091889 21.039067 118.655153 0.053397 69.533704 15.439959 104.617220 0.496345 87.373220 2634.014589
86 -1314.878380 0.601584 79.971255 0.756139 949.058723 20.129382 217.513216 0.278235 70.919331 21.950466 107.801243 0.567256 85.451545 2634.778666
86 -1321.580144 0.602529 79.960007 0.761864 959.853766 9.375587 186.708433 0.446786 51.498087 20.197899 108.403793 0.497284 85.814512 2648.060753
86 -1311.725157 0.600054 79.983819 0.759244 951.352435 13.774355 128.500752 0.402837 69.040445 18.765097 102.735796 0.465739 89.453110 2628.470578
86 -1312.838981 0.600269 79.978342 0.759833 956.256509 2.757313 193.651613 0.249143 70.817708 21.180350 110.736916 0.458959 85.701299 2630.635288
86 -1313.167830 0.602459 79.988153 0.757399 951.063028 1.680280 227.144597 0.000526 73.240069 20.735413 102.436317 0.466579 91.218399 2631.321987
86 -1313.568395 0.600365 79.977981 0.757596 946.202959 10.796634 186.364919 0.388150 78.283504 20.113326 104.445682 0.512141 89.444254 2632.202172
86 -1309.481189 0.600478 79.999012 0.757902 950.214160 6.391736 181.152889 0.332742 78.854849 21.957046 108.305851 0.463934 88.077379 2623.990704
86 -1314.799378 0.600433 79.982998 0.757374 954.314481 8.004391 240.692999 0.198738 73.857900 19.880401 105.191159 0.516681 96.189823 2634.505514
87 -1310.934157 0.600523 79.959150 0.756230 949.581117 5.755649 171.693998 0.165521 72.326435 21.774354 104.883122 0.463818 89.451183 2626.897412
87 -1318.015994 0.600364 79.974103 0.763432 949.256519 20.158760 133.286821 0.053437 74.847793 14.368423 101.612835 0.468080 93.594643 2641.091173
87 -1314.987065 0.601306 79.948496 0.757466 952.036000 2.742201 245.849773 0.209904 66.714537 22.621987 110.304635 0.569029 84.859023 2634.938897
87 -1315.152927 0.602797 79.959826 0.758174 955.451030 21.635194 161.990926 0.090509 55.179735 20.577195 103.937812 0.458903 86.691877 2635.275379
87 -1311.368708 0.600389 79.980770 0.755910 954.748381 18.626351 156.195590 0.444153 69.227744 20.551910 108.904760 0.491158 85.272739 2627.703967
87 -1314.873816 0.600228 79.904363 0.757752 950.901782 5.995009 218.846145 0.337611 77.640473 20.304549 111.015634 0.479715 86.862300 2634.758584
87 -1313.903259 0.601722 79.986766 0.756326 949.102914 0.836297 247.501453 0.506295 69.366731 20.939762 100.041880 0.470540 95.735839 2632.780293
87 -1311.217889 0.600345 79.977193 0.759108 951.026467 14.537626 165.467825 0.302343 74.430373 21.434371 107.797557 0.481603 85.482618 2627.469116
87 -1313.309010 0.601048 79.956973 0.757839 954.764686 12.048158 167.316305 0.141208 71.412572 20.734987 110.788685 0.455316 86.048419 2631.600992
87 -1316.689998 0.600308 79.997585 0.759339 951.157944 5.376786 341.550974 0.256641 71.010105 21.498881 102.440725 0.526443 99.794683 2638.281381
88 -1308.776049 0.600051 79.994390 0.757316 951.112789 12.183806 133.622259 0.020916 68.212052 20.651352 104.223801 0.465158 87.220684 2622.584525
88 -1316.481579 0.600447 79.987128 0.762373 947.495692 17.752643 101.611435 0.547014 77.080240 13.861358 101.507899 0.469439 90.979763 2638.044687
88 -1311.668456 0.601166 79.988118 0.755095 951.384251 10.046918 185.469233 0.369571 69.711533 21.969639 109.041604 0.550488 85.280640 2628.323404
88 -1314.918392 0.601814 79.954123 0.758124 953.985365 1.167011 193.842555 0.106656 56.706335 21.306050 107.941454 0.518950 86.899350 2634.794368
88 -1310.412542 0.600140 79.990000 0.758016 952.100615 18.477450 177.988967 0.413250 65.681937 22.380941 102.163380 0.453466 90.431952 2625.824669
88 -1315.161923 0.600200 79.899750 0.756883 946.918793 7.866258 247.303142 0.256523 74.904695 21.744818 104.193503 0.474713 89.471579 2635.374330
88 -1312.656080 0.600959 79.999343 0.755430 946.865727 3.021764 211.887293 0.566104 78.994980 19.442084 101.926434 0.478821 95.484683 2630.327782
88 -1310.335142 0.600689 79.994942 0.758764 951.228884 13.285444 172.800406 0.141383 66.845938 22.542711 104.620541 0.480685 86.434840 2625.695307
88 -1314.956160 0.600020 79.989986 0.755167 956.763757 5.885104 273.864894 0.046111 77.344306 21.775159 120.122250 0.617275 86.274399 2634.791908
88 -1315.840019 0.600101 79.981846 0.758032 955.056951 2.097464 320.052061 0.145170 62.378676 21.380406 104.046407 0.549984 97.213593 2636.528564
89 -1308.664939 0.600540 79.997367 0.756612 950.673945 11.038192 132.911110 0.433581 64.703457 22.188544 104.124975 0.468854 84.774559 2622.363638
89 -1314.486844 0.600165 79.979224 0.760767 947.362666 18.521482 103.695151 0.481057 79.591946 14.382428 100.282783 0.454596 90.962446 2634.058302
89 -1313.072504 0.601100 79.959699 0.755354 950.853441 6.806005 210.814400 0.260879 71.601398 20.906933 109.135413 0.524617 86.407442 2631.138744
89 -1311.833299 0.602335 79.991217 0.756912 951.663576 2.605677 138.679329 0.442100 52.528697 22.299790 102.297672 0.455074 86.812905 2628.676423
89 -1310.909054 0.601415 79.982103 0.757431 950.164260 17.628306 101.174512 0.036551 67.861153 19.885622 104.498760 0.465891 85.447167 2626.872460
89 -1317.394234 0.600704 79.883670 0.756403 946.759900 10.106517 178.604839 0.073412 63.524291 18.222691 108.923163 0.486871 85.641872 2639.874988
89 -1312.441402 0.602007 79.984217 0.755074 945.584119 1.068502 155.821399 0.528590 79.598011 19.981412 105.354862 0.473153 88.441235 2629.957584
89 -1310.999524 0.600202 79.977234 0.757260 950.406892 12.181880 161.596202 0.551191 68.431307 20.604485 105.275275 0.478042 86.130706 2627.026383
89 -1320.446078 0.600327 79.944136 0.755424 953.688207 3.124150 261.875139 0.554040 51.669197 19.866890 119.089783 0.599524 88.292633 2645.801520
89 -1312.952282 0.600000 79.993717 0.758458 953.919424 6.502353 274.049577 0.285634 60.512257 22.422259 100.386433 0.486801 95.917072 2630.818898
90 -1309.142784 0.600356 79.998550 0.757600 951.220548 9.088921 158.839918 0.456399 65.404018 22.411677 100.703184 0.460444 88.390940 2623.297819
90 -1312.914768 0.600184 79.997619 0.760469 948.596315 17.732831 104.356639 0.587737 77.426088 15.251160 100.980563 0.460070 90.559078 2630.891060
90 -1309.143399 0.601282 79.998137 0.755607 948.529524 7.244081 127.315642 0.212791 75.025604 18.950247 100.663379 0.454301 86.032609 2623.351061
90 -1310.827436 0.602067 79.971027 0.755962 949.558328 4.407105 143.402602 0.089413 57.390154 22.573928 104.064460 0.463436 85.600849 2626.699932
90 -1311.027050 0.602094 79.995062 0.756860 949.833211 13.050224 124.172896 0.094089 70.698506 21.019495 103.329282 0.473432 86.741988 2627.097100
90 -1317.745473 0.601261 79.911568 0.756523 946.023451 9.532527 166.483842 0.042803 67.612044 18.485309 110.069029 0.517522 85.127705 2640.583459
90 -1316.644938 0.601030 79.982665 0.757446 947.227704 13.311022 252.374675 0.445857 76.253746 18.865980 105.161264 0.495612 94.569392 2638.311936
90 -1311.459310 0.600014 79.946416 0.755007 948.551569 15.095394 172.574000 0.321937 73.173255 19.896806 105.762358 0.481572 86.876144 2627.967854
90 -1314.059597 0.601956 79.990778 0.756537 951.648455 0.886056 167.085970 0.260625 64.519283 19.985268 114.264929 0.525922 85.944081 2633.114155
90 -1314.251793 0.600301 79.944241 0.757550 953.338500 2.128939 272.065024 0.187986 62.048965 21.577563 100.002578 0.485228 95.340937 2633.420097
91 -1308.436655 0.600320 79.987182 0.756704 951.177660 17.244626 103.332290 0.025488 65.864056 21.144230 101.397989 0.475142 86.356264 2621.903807
91 -1312.132967 0.600137 79.989609 0.757124 953.167117 0.818031 105.843346 0.485946 74.768376 14.612655 102.972235 0.464058 89.692218 2629.252018
91 -1313.299993 0.600526 79.985301 0.763413 949.715663 2.133140 139.528151 0.270960 75.431767 17.570163 101.367805 0.455210 87.873687 2631.664912
91 -1311.198421 0.600896 79.979305 0.755778 950.037031 18.442875 114.664430 0.013834 69.587483 18.555971 103.121220 0.503073 86.235238 2627.434303
91 -1310.364137 0.602110 79.991214 0.755937 951.790330 12.884856 101.039129 0.113487 64.374216 20.904866 105.041927 0.464918 85.781849 2625.748342
91 -1310.378296 0.600320 79.981088 0.755580 951.240058 1.759671 163.140599 0.169988 69.745974 22.557028 102.172286 0.552086 88.645666 2625.732729
91 -1315.597826 0.600503 79.999888 0.765077 948.924515 3.330310 226.372079 0.599870 76.199723 19.673247 100.852626 0.483509 94.085952 2636.215157
91 -1311.710389 0.601094 79.975884 0.756537 952.308361 1.325640 201.688570 0.154545 60.803003 20.676292 100.951001 0.476515 91.022740 2628.389509
91 -1316.010194 0.601778 79.938250 0.758003 946.339688 1.681625 239.146462 0.256971 69.253801 22.523926 111.189609 0.467213 88.585208 2637.083277
91 -1313.638465 0.600003 79.953945 0.758052 952.604212 21.339146 118.168774 0.599869 67.939641 20.593809 108.514394 0.507237 88.045349 2632.264582
92 -1310.889654 0.600228 79.956612 0.758562 949.146274 4.235268 152.427908 0.039584 62.181341 22.470980 101.370316 0.486546 86.738707 2626.829858
92 -1311.976498 0.600367 79.994607 0.755929 951.798362 4.613552 122.019795 0.543848 73.838034 14.767443 100.102296 0.482787 90.995389 2628.938560
92 -1309.465298 0.600069 79.960680 0.755059 950.550060 12.649856 137.997130 0.148554 73.384551 21.720499 101.422985 0.501734 87.305977 2623.945825
92 -1312.263538 0.601350 79.973645 0.755143 951.369120 19.021800 107.119318 0.450201 61.058215 17.812048 100.568745 0.469726 87.292385 2629.539466
92 -1309.202928 0.601695 79.994254 0.756154 949.622967 5.391694 131.477295 0.026406 63.548270 22.358242 104.059805 0.454216 86.479236 2623.454637
92 -1312.578456 0.600078 79.981559 0.760136 949.600590 4.552274 185.648721 0.463820 74.263335 20.844835 100.188324 0.526545 89.283855 2630.169814
92 -1317.982107 0.601840 79.968899 0.763555 948.052224 2.970550 250.455636 0.265031 66.137661 21.187937 106.746254 0.460037 92.305177 2641.006643
92 -1312.163715 0.600873 79.950387 0.756178 950.859463 2.505357 184.309722 0.244884 57.742121 21.390676 102.916537 0.455239 90.580382 2629.329112
92 -1313.465363 0.602651 79.991069 0.755717 947.460554 1.415349 246.385055 0.082505 69.644867 21.878527 111.846474 0.461795 89.240235 2631.969727
92 -1313.769289 0.600989 79.942265 0.756589 953.310079 3.223431 105.051879 0.538190 62.843918 21.673583 109.942249 0.493683 86.171572 2632.519747
93 -1312.903572 0.600230 79.959415 0.757712 949.823094 21.095741 147.170064 0.289201 65.256062 19.479705 100.349116 0.512408 87.571599 2630.838509
93 -1314.104999 0.600065 79.999850 0.757583 953.338292 6.273920 143.617639 0.110013 79.988190 14.660724 101.625385 0.549173 91.541685 2633.164545
93 -1308.965868 0.600368 79.982892 0.756082 952.764624 12.304139 126.420587 0.217110 72.453337 22.451594 105.608605 0.486799 86.782306 2622.925773
93 -1310.764411 0.601438 79.999378 0.758361 952.066639 19.649976 105.341510 0.239009 60.551971 19.713046 100.038788 0.465186 86.334698 2626.550380
93 -1309.524888 0.601366 79.975107 0.755524 950.224922 4.839447 113.147539 0.030907 64.308123 21.454900 103.266147 0.458840 86.616719 2624.088382
93 -1309.662050 0.600018 79.986247 0.757574 949.787270 7.509717 140.591849 0.409942 72.110764 22.101141 100.850579 0.529820 85.784257 2624.349759
93 -1318.601727 0.601795 79.969309 0.756130 949.717607 14.090575 217.318855 0.526624 64.503139 15.839164 101.342955 0.480764 95.037122 2642.192404
93 -1311.152191 0.600071 79.944602 0.757817 951.253722 6.567530 134.944736 0.218058 60.550485 21.792010 101.612126 0.461232 88.712933 2627.323212
93 -1317.730725 0.601068 79.961101 0.760155 947.405608 9.059751 279.295332 0.064064 72.720455 19.841888 104.165260 0.472507 94.510920 2640.494480
93 -1312.474296 0.600055 79.994490 0.756670 953.530120 5.410015 178.605659 0.114891 50.604294 22.046158 115.771087 0.550663 88.899859 2629.904502
94 -1310.424948 0.601433 79.965521 0.755088 951.207274 8.447873 113.984961 0.163820 71.573502 20.167793 101.886887 0.491025 84.851654 2625.868116
94 -1314.207666 0.600010 79.999595 0.756982 956.570718 12.339826 103.335463 0.515023 71.858086 15.147082 105.339394 0.506877 92.249678 2633.329816
94 -1309.857013 0.600450 79.983001 0.755470 953.290636 18.364700 129.745374 0.577038 67.509445 22.556218 103.959506 0.479074 88.656152 2624.685211
94 -1309.550550 0.601178 79.993235 0.755707 949.843227 16.709396 145.102517 0.129420 61.221962 21.544500 101.242094 0.484940 86.043950 2624.138791
94 -1311.624123 0.601133 79.990745 0.755795 948.210847 6.070506 178.319672 0.018267 75.449854 21.524557 105.727224 0.519387 87.665300 2628.287431
94 -1309.800354 0.600567 79.990258 0.758917 951.819061 5.099116 107.420537 0.492647 75.878576 22.194429 102.180285 0.528620 84.840426 2624.606150
94 -1315.850298 0.600446 79.970479 0.756652 955.222069 7.588822 185.707299 0.371287 79.356112 17.132178 111.223670 0.511208 94.997624 2636.610758
94 -1310.630353 0.600214 79.973728 0.758373 950.803203 10.201723 128.382333 0.275497 57.947049 22.342551 103.033161 0.473567 87.619120 2626.290235
94 -1320.088870 0.600892 79.972230 0.760223 946.184347 1.972878 386.193297 0.518112 78.540769 21.612034 111.705482 0.538272 97.200371 2645.129090
94 -1310.937523 0.600505 79.987115 0.756450 953.672346 1.519267 140.320247 0.204155 74.582404 22.615274 115.937739 0.524841 86.762359 2626.844957
95 -1312.602498 0.601238 79.982459 0.755442 953.604931 21.400637 156.030831 0.519142 78.341249 18.034613 106.861549 0.483503 90.402388 2630.165662
95 -1312.943282 0.600093 79.996395 0.755260 955.607928 12.870900 124.211939 0.387494 74.854719 17.013599 109.844907 0.524045 91.521672 2630.808418
95 -1311.694201 0.600520 79.974861 0.757804 949.628821 3.260459 199.301656 0.531866 72.399782 22.194655 101.267976 0.454643 93.938141 2628.390005
95 -1309.565556 0.601329 79.996811 0.757166 951.551371 9.270507 106.324252 0.272386 70.251974 19.749280 100.012579 0.460275 86.423254 2624.153813
95 -1309.815999 0.600454 79.987903 0.756033 951.176322 7.274256 120.976804 0.052280 74.302846 21.981903 108.281888 0.521328 86.596671 2624.643469
95 -1310.784270 0.600123 79.983288 0.760940 952.555990 1.541780 144.461256 0.552880 79.793309 22.189317 105.741749 0.506336 87.636355 2626.559215
95 -1309.442000 0.600346 79.982253 0.755269 951.550702 20.384771 113.449371 0.307664 54.286720 20.853783 100.072266 0.475699 87.739091 2623.894091
95 -1308.129268 0.600477 79.993892 0.755210 950.309624 19.767934 104.687794 0.172279 52.404411 20.884795 100.565429 0.465796 86.455586 2621.297316
95 -1319.007568 0.600462 79.995369 0.756535 945.556304 11.665826 377.352352 0.226673 53.438440 21.368996 112.978512 0.490539 97.006147 2643.026718
95 -1310.926260 0.600087 79.995608 0.755002 954.031961 5.461793 145.325393 0.340184 69.102256 21.237494 115.507596 0.511533 89.233497 2626.805395
96 -1315.491400 0.600844 79.955080 0.760113 950.325163 13.318518 230.394082 0.066162 57.144884 22.136066 103.699412 0.522570 88.774447 2635.994904
96 -1314.838751 0.600574 79.991901 0.757996 955.960380 13.812529 122.891436 0.429403 78.552194 16.066343 107.974628 0.527866 90.851806 2634.603621
96 -1309.925898 0.600558 79.985626 0.756863 950.775024 13.828567 108.639553 0.566812 73.341968 22.377512 102.804402 0.468330 91.233354 2624.857366
96 -1309.339730 0.601202 79.988025 0.757283 950.270712 10.613236 108.298314 0.415193 68.568612 22.499474 100.362622 0.459952 86.435547 2623.716773
96 -1311.752607 0.600552 79.991703 0.756090 949.869262 4.487649 165.507549 0.473614 62.856736 21.636290 108.663154 0.522850 86.823579 2628.518217
96 -1313.108575 0.600650 79.932116 0.757100 952.642820 3.932275 146.498343 0.400847 77.004865 22.313844 102.792744 0.577360 85.898000 2631.181143
96 -1312.539019 0.600611 79.993618 0.756421 947.034071 15.642986 256.926010 0.143999 63.859085 22.608341 107.062528 0.455642 92.143862 2630.132548
96 -1308.986994 0.600338 79.977779 0.755238 949.323448 17.631137 143.814778 0.035910 52.609636 22.229070 100.976307 0.492488 86.635910 2623.015997
96 -1315.831748 0.600384 79.944902 0.756367 952.543041 13.005237 183.306232 0.119864 77.930461 20.466753 108.227077 0.634777 87.493956 2636.613311
96 -1310.208362 0.600031 79.995286 0.755291 953.813990 10.229858 123.240117 0.301023 72.588988 22.533976 117.135195 0.471383 92.945036 2625.376465
97 -1312.257817 0.600069 79.989628 0.761798 946.685431 2.415288 272.179891 0.111463 79.571394 22.378326 100.472178 0.521812 85.477345 2629.576682
97 -1314.249318 0.600697 79.994690 0.755946 956.681748 2.244529 101.879702 0.481752 79.488427 14.560155 107.047093 0.506684 92.249106 2633.406458
97 -1311.860991 0.600741 79.979734 0.755125 953.127490 16.080433 175.176709 0.313025 69.175801 22.256497 111.548548 0.481257 91.389833 2628.686613
97 -1308.602676 0.601154 79.986494 0.755298 949.338773 14.317258 131.644160 0.384689 74.200652 22.544195 100.628342 0.455939 87.645580 2622.245467
97 -1310.459308 0.600686 79.991342 0.756890 951.424972 4.983993 126.108907 0.052412 60.087752 21.341820 105.706124 0.548704 84.708186 2625.927226
97 -1310.768788 0.600924 79.991324 0.755172 949.889084 7.857724 153.401313 0.307814 62.728759 21.884598 107.377417 0.503669 87.424347 2626.556442
97 -1313.870047 0.600499 79.979625 0.758139 945.627984 16.491761 273.311395 0.027925 66.052039 21.862526 104.251919 0.459276 90.162757 2632.827507
97 -1309.104054 0.600100 79.991145 0.755662 950.682419 9.641802 126.151910 0.130405 53.943846 20.710608 101.389549 0.523531 85.785106 2623.226097
97 -1313.867590 0.600163 79.977168 0.757716 950.887075 5.425503 188.835592 0.140591 79.334051 22.612091 107.949949 0.563489 92.925727 2632.701040
97 -1316.121804 0.601016 79.971815 0.757106 954.305043 4.386023 161.159540 0.256797 59.795401 22.626114 118.515810 0.524292 95.018838 2637.167144
98 -1312.843790 0.600107 79.959838 0.757250 949.707143 18.139983 192.078705 0.016266 69.564510 22.126203 102.725981 0.560955 86.809911 2630.706840
98 -1312.360493 0.600828 79.998201 0.758011 950.541375 9.729959 182.685350 0.215134 62.014217 15.865210 100.554106 0.458811 86.740864 2629.758055
98 -1313.215814 0.601183 79.993713 0.756146 952.722441 8.458080 193.442413 0.418002 61.514334 18.349741 105.083918 0.475511 89.254593 2631.407221
98 -1310.539109 0.600853 79.986740 0.758778 949.455553 12.673760 148.525633 0.408400 73.981744 22.632793 103.914619 0.458583 88.394615 2626.124027
98 -1311.499570 0.600166 79.947674 0.755533 952.294757 2.585592 104.889055 0.007723 53.693431 19.948479 106.728896 0.547729 84.601100 2627.996043
98 -1310.529583 0.600911 79.999033 0.756093 947.744488 2.483434 197.432656 0.264984 67.481934 22.453733 102.902303 0.526637 86.053263 2626.098181
98 -1310.345746 0.600374 79.986837 0.757406 945.659753 13.394345 246.764679 0.505991 78.196742 22.135078 104.061211 0.461554 85.148358 2625.785144
98 -1309.360412 0.600121 79.986009 0.755136 949.353896 10.850975 195.673691 0.232104 79.923294 20.635641 104.684711 0.516979 85.080929 2623.751164
98 -1316.129286 0.600767 79.972601 0.756838 955.348139 10.019678 161.803089 0.201760 76.438280 16.988086 107.889252 0.494199 97.439098 2637.169955
98 -1315.512460 0.600626 79.985288 0.759043 955.326117 3.875032 165.119092 0.103022 67.933868 21.690954 119.081478 0.541016 92.112314 2635.953024
99 -1315.262188 0.600599 79.940237 0.755740 954.960564 17.442042 127.227156 0.483366 71.499327 15.617891 103.327297 0.501285 88.335899 2635.472889
99 -1310.276117 0.600876 79.996858 0.755014 952.381048 11.065862 113.362037 0.003141 61.738660 15.403892 100.483283 0.482012 85.214142 2625.563575
99 -1312.429947 0.600909 79.975364 0.756616 949.829128 13.370022 170.958305 0.441586 52.894285 22.085988 102.248282 0.497157 86.545722 2629.887308
99 -1311.393269 0.600863 79.988412 0.756566 952.404562 10.900508 154.010336 0.381837 73.727455 20.464784 107.198654 0.458377 92.424238 2627.767722
99 -1311.566789 0.600142 79.970505 0.756621 949.418623 15.206701 146.841438 0.112366 58.767854 20.594821 103.589588 0.550551 84.715691 2628.170858
99 -1311.125880 0.600929 79.997159 0.757781 952.375590 6.163216 125.741813 0.501803 71.699191 18.108401 100.691090 0.501243 86.051300 2627.247622
99 -1310.329622 0.600425 79.983831 0.755821 945.372207 7.081414 231.856887 0.416338 77.250289 22.064090 105.949914 0.484909 85.248066 2625.743104
99 -1310.710078 0.601626 79.978328 0.756494 950.068423 6.656640 157.304732 0.597251 78.216180 22.435015 105.776097 0.470631 88.424186 2626.434694
99 -1320.351378 0.600216 79.961558 0.760511 955.507300 10.670100 232.193063 0.501698 74.950909 19.089113 112.378241 0.542887 100.436157 2645.573290
99 -1314.106574 0.600146 79.994652 0.758464 952.047841 4.356216 144.709727 0.174393 61.710394 19.206977 126.424773 0.467876 86.761179 2633.244302
100 -1318.162050 0.600270 79.931473 0.760659 952.472075 16.082298 229.096818 0.283735 53.525261 19.685464 100.440284 0.514273 92.118628 2641.296175
100 -1310.645042 0.601134 79.997838 0.758001 951.010247 5.889890 152.251400 0.004383 69.337154 21.627202 107.546940 0.491511 86.308137 2626.315756
100 -1309.224279 0.600117 79.993813 0.755333 946.689857 15.321217 236.254594 0.211935 77.032704 22.615025 100.704611 0.499613 85.418657 2623.517048
100 -1310.312966 0.600192 79.996449 0.756892 946.496815 1.677440 269.632755 0.084728 59.290834 22.166854 101.688107 0.512530 86.230845 2625.673296
100 -1310.917374 0.601296 79.999365 0.761354 949.870146 14.806722 140.498629 0.118325 64.634843 21.576419 101.395942 0.458099 84.721127 2626.904702
100 -1311.190330 0.600895 79.996225 0.755628 952.393906 8.013594 139.772841 0.431901 72.434069 17.681811 103.997271 0.500549 87.451972 2627.365669
100 -1311.978819 0.601106 79.987376 0.755546 949.329152 8.931441 180.812900 0.333962 50.208986 20.326259 105.296514 0.454412 88.696615 2628.994439
100 -1309.895989 0.601560 79.994134 0.755297 953.725038 6.759760 146.026161 0.105044 77.741582 19.493457 102.075095 0.463829 87.549278 2624.769468
100 -1320.129088 0.601421 79.975968 0.762224 958.935295 7.170210 182.518784 0.524059 78.901131 15.883411 101.563415 0.518293 99.081903 2645.103346
100 -1314.253973 0.600030 79.992413 0.758897 951.533962 4.523025 152.118069 0.175161 54.473786 20.158894 126.481835 0.476361 87.319506 2633.541909
101 -1311.622972 0.600061 79.929453 0.756412 951.624665 10.211492 171.580970 0.513261 76.923578 21.584577 112.314946 0.457776 86.199219 2628.258020
101 -1311.726102 0.601648 79.975263 0.757381 953.260838 7.641737 107.128403 0.478302 75.057909 21.403451 107.337596 0.502515 85.409746 2628.436952
101 -1311.101934 0.600524 79.985260 0.755658 949.782821 11.661116 211.211951 0.480039 79.661196 20.286367 109.513685 0.501169 87.701352 2627.216706
101 -1313.078188 0.601038 79.987259 0.756562 952.679325 2.590033 165.372963 0.144136 54.655301 19.068770 108.969879 0.506644 88.648560 2631.135642
101 -1309.073332 0.601216 79.992667 0.756211 952.450544 12.155415 136.864540 0.569922 78.701733 20.759851 104.594438 0.457176 87.222058 2623.142235
101 -1314.629592 0.601119 79.994149 0.755309 955.621246 8.261920 132.864222 0.037695 51.549420 14.825881 101.494773 0.535438 92.144999 2634.175595
101 -1313.069398 0.601472 79.985668 0.757154 948.759390 6.608012 202.323727 0.261940 58.201787 21.661681 107.659154 0.464513 89.540964 2631.176132
101 -1311.093452 0.601504 79.976103 0.756622 952.249796 8.658340 181.076303 0.113218 76.592200 20.794536 100.011332 0.488076 86.620334 2627.179764
101 -1316.450884 0.601849 79.986739 0.760494 955.296126 16.684235 223.252463 0.090245 74.188968 20.168188 100.767395 0.457945 97.941564 2637.827995
101 -1312.132612 0.600357 79.991103 0.756632 952.055194 3.322065 120.037100 0.070155 51.450682 20.786347 128.331181 0.458453 85.620248 2629.302035
102 -1313.221818 0.600366 79.962797 0.757060 952.343796 1.904022 210.029850 0.457536 76.602051 19.805826 111.108947 0.534207 87.129829 2631.409372
102 -1312.226433 0.601377 79.993659 0.756321 949.640085 21.727039 146.898803 0.354405 56.672254 22.117377 103.582786 0.516105 86.919740 2629.481046
102 -1313.349798 0.601167 79.993650 0.755469 951.758313 11.913018 195.361360 0.444470 72.374443 19.964489 111.154935 0.524251 89.485446 2631.671440
102 -1312.235529 0.600633 79.904174 0.755400 951.023283 2.179774 111.426591 0.182348 64.829672 22.198394 104.386358 0.465140 88.102055 2629.486818
102 -1309.596541 0.601539 79.987055 0.756716 950.292717 10.953876 140.031295 0.013100 76.103430 21.598395 100.253176 0.460749 86.367721 2624.232434
102 -1314.178070 0.600792 79.977234 0.755327 953.450666 4.625906 149.900398 0.059865 76.041324 15.795319 100.968566 0.569413 89.695749 2633.299069
102 -1313.362404 0.601857 79.983324 0.756457 952.904823 7.269067 104.132926 0.066809 50.989914 20.600285 100.114941 0.632817 84.641033 2631.685800
102 -1311.834677 0.600117 79.980162 0.755138 950.490158 0.774850 186.465073 0.431920 58.311961 18.401498 110.188826 0.477677 85.078083 2628.690313
102 -1316.360494 0.601741 79.992882 0.755326 955.238015 1.283128 272.929208 0.586872 64.559310 18.542867 102.648497 0.490718 98.848038 2637.574713
102 -1311.653529 0.600036 79.999664 0.755042 952.607922 22.615591 130.251308 0.020158 52.561774 19.862913 128.892536 0.453178 86.206000 2628.337788
103 -1312.712043 0.600200 79.969644 0.756296 950.951272 10.870537 166.236737 0.540378 74.306854 21.221271 129.834691 0.454039 84.986122 2630.458796
103 -1311.676044 0.600749 79.991610 0.756854 949.022816 17.506372 153.203970 0.109401 67.850093 21.783478 120.735539 0.467731 86.068138 2628.422034
103 -1312.446714 0.600002 79.968576 0.755781 951.938521 13.592785 194.406242 0.387891 59.723203 19.378388 102.005347 0.489362 89.886549 2629.876495
103 -1312.337019 0.601183 79.954922 0.758109 949.411714 17.365297 133.412605 0.077903 75.626876 21.114957 107.089292 0.471970 85.009152 2629.738859
103 -1308.797544 0.600957 79.976310 0.755001 953.165490 10.958149 130.204435 0.002133 76.158911 22.326267 104.016734 0.483619 84.813533 2622.589508
103 -1314.702955 0.600630 79.971156 0.755096 953.544449 7.114983 109.273441 0.173023 76.119553 16.387084 112.314211 0.572668 86.464265 2634.371206
103 -1313.073398 0.601637 79.991457 0.756432 952.239068 12.956812 105.008141 0.061901 71.437454 21.171750 100.268777 0.630054 86.479882 2631.110105
103 -1311.459953 0.601034 79.998428 0.755551 950.733876 1.994554 246.301890 0.463832 73.392868 16.691935 100.779025 0.482902 87.707767 2627.904699
103 -1316.164379 0.602793 79.994916 0.755861 954.686879 10.440410 213.269961 0.021778 77.620286 17.644116 100.574645 0.512200 95.239403 2637.236414
103 -1311.297081 0.600162 79.980660 0.755111 952.932794 19.690568 105.623295 0.202522 54.088070 22.152287 126.214722 0.456427 84.858257 2627.615863
104 -1315.354559 0.600581 79.958342 0.755366 951.994619 9.702413 139.654005 0.352387 71.577741 20.918449 137.858646 0.483658 84.702486 2635.732011
104 -1311.846643 0.601518 79.987068 0.757009 948.153132 16.558471 144.097555 0.069229 67.158447 21.066344 109.677478 0.480480 85.043959 2628.770536
104 -1309.647983 0.600444 79.997291 0.756629 950.921468 14.191507 191.289311 0.365095 78.363738 22.304510 103.594998 0.494589 88.940308 2624.296945
104 -1311.681509 0.600667 79.954236 0.755675 952.294230 14.529312 155.331683 0.512324 74.781391 18.689526 101.022601 0.471541 88.777542 2628.349633
104 -1309.230834 0.600741 79.966040 0.755390 953.721031 6.830421 178.650365 0.005265 52.891416 21.891553 101.222788 0.458393 85.819898 2623.443589
104 -1313.825325 0.600492 79.999468 0.756029 953.197868 2.043511 176.099786 0.077906 73.459372 16.137551 104.180554 0.604704 87.748881 2632.594790
104 -1314.381392 0.601589 79.949296 0.755004 951.375694 13.392714 119.747872 0.081173 65.863094 21.917685 102.187893 0.619035 86.532566 2633.734764
104 -1312.393798 0.600448 79.999928 0.755462 951.505326 5.958276 232.248004 0.298180 75.600442 17.593770 110.825405 0.495677 89.031400 2629.769810
104 -1316.125379 0.602176 79.994003 0.756124 953.270110 16.340735 203.333563 0.081953 59.734326 19.426301 104.581981 0.518444 95.833236 2637.182185
104 -1309.471983 0.600011 79.969432 0.755631 952.795389 20.815769 106.311867 0.016982 57.991748 21.886920 107.848040 0.506829 85.597568 2623.944604
105 -1314.567282 0.600604 79.992201 0.756109 950.832022 9.278759 190.931445 0.447930 76.492104 19.823449 135.911604 0.473574 86.589176 2634.161609
105 -1312.589183 0.601034 79.948520 0.756572 949.542853 17.977572 108.587873 0.025141 68.236960 19.260933 105.762307 0.467754 87.019071 2630.233530
105 -1310.310340 0.600094 79.990021 0.758181 947.583277 17.065100 159.770735 0.252379 73.567970 22.373005 108.072215 0.498439 84.759668 2625.702301
105 -1311.834003 0.600018 79.961387 0.755802 947.124453 5.869280 168.189988 0.011966 58.785945 17.977803 104.929393 0.480762 86.656715 2628.746043
105 -1310.847421 0.600453 79.962784 0.756639 954.066583 22.474248 140.983965 0.039476 56.377213 20.885174 100.904818 0.477741 87.932094 2626.674074
105 -1316.489897 0.600345 79.986828 0.759292 953.846894 13.725968 126.124416 0.551243 77.635911 15.142923 103.104860 0.637054 88.149724 2637.915766
105 -1314.838207 0.602428 79.999623 0.758354 948.893615 13.243833 116.613417 0.017736 66.573851 22.559576 105.498777 0.606040 85.154842 2634.708137
105 -1309.687621 0.600968 79.988607 0.755839 947.288410 2.557804 194.154851 0.003113 63.450407 21.557874 110.637015 0.453991 84.757624 2624.457231
105 -1312.669628 0.601466 79.982303 0.757176 955.367267 2.553463 190.894397 0.515057 72.162106 21.930322 103.637621 0.471298 93.591537 2630.251436
105 -1310.552391 0.600620 79.985976 0.757528 948.638049 4.150171 128.317422 0.119807 56.633394 22.463854 107.936967 0.504204 85.008019 2626.166556
106 -1314.711422 0.601210 79.979353 0.756907 950.586829 21.315973 126.898192 0.139267 77.945177 21.289745 133.935509 0.490474 85.370937 2634.475534
106 -1311.412853 0.600934 79.965091 0.756898 950.244198 16.156699 106.243030 0.333911 65.677672 19.811457 101.739616 0.466252 86.915219 2627.864308
106 -1311.310557 0.600535 79.973820 0.757300 950.002848 1.444999 107.422329 0.391930 79.144174 19.613605 104.113258 0.548051 85.060118 2627.644939
106 -1315.209770 0.600434 79.905844 0.756662 948.800658 6.129239 150.027686 0.143298 55.245820 17.208037 101.233945 0.456059 89.477887 2635.470449
106 -1311.399123 0.600805 79.978217 0.756081 953.975988 4.246454 132.483409 0.233723 65.366311 22.065352 115.390880 0.500264 84.847911 2627.779069
106 -1314.060534 0.600139 79.998891 0.755537 954.069022 12.334903 164.896186 0.445465 72.062590 15.720735 101.835158 0.589918 90.307960 2633.042185
106 -1314.281579 0.602774 79.994196 0.756032 949.899805 15.123004 122.016918 0.581646 71.561272 22.576287 100.509979 0.621236 84.820744 2633.554183
106 -1314.110010 0.600515 79.997821 0.758735 949.091770 21.755137 179.184173 0.141543 75.168948 16.609754 103.985738 0.536192 86.138414 2633.269926
106 -1312.235178 0.601648 79.966755 0.755887 955.547866 7.164790 156.834089 0.581004 78.444147 22.462400 105.918760 0.473129 93.438231 2629.382358
106 -1310.219268 0.600323 79.997185 0.758044 951.217925 10.640624 191.395863 0.125167 62.530572 21.296631 100.452552 0.456678 91.434255 2625.445016
107 -1313.958555 0.600805 79.990729 0.755746 951.158096 11.563967 165.403715 0.049761 68.937022 20.304927 132.058270 0.492055 85.028834 2632.955526
107 -1311.032750 0.601113 79.968205 0.756088 950.651733 2.609650 109.126185 0.438836 70.206198 20.038004 101.936793 0.473951 87.789376 2627.082712
107 -1313.082016 0.600624 79.988430 0.756705 951.104230 1.275031 153.679271 0.094184 76.075812 20.500798 114.723707 0.568833 87.269483 2631.158328
107 -1314.871794 0.600386 79.918670 0.755047 951.675175 5.803075 201.861539 0.553235 79.568255 16.907992 106.879345 0.464393 93.740421 2634.708998
107 -1309.044390 0.600181 79.980101 0.756171 951.396601 6.256590 172.872117 0.062803 69.257574 19.834936 103.453359 0.458593 85.812314 2623.111378
107 -1316.050481 0.600214 79.947206 0.755249 954.465226 9.296314 146.401112 0.388903 62.906388 16.170785 106.491857 0.533633 89.525666 2637.040736
107 -1316.313345 0.602757 79.961094 0.755324 950.454430 17.004008 116.084284 0.034128 68.452451 22.271864 100.940193 0.619579 88.250108 2637.603064
107 -1311.640760 0.600720 79.996878 0.758323 950.028019 14.065681 151.425499 0.034113 53.203882 18.538489 103.465444 0.503771 85.540489 2628.327131
107 -1313.552203 0.600627 79.974423 0.755916 957.169055 13.278806 153.008163 0.068320 59.562700 21.998534 116.114267 0.463284 93.888216 2632.019406
107 -1310.323947 0.600336 79.991999 0.755369 950.240855 17.397733 179.901212 0.240225 64.125259 20.694659 102.932537 0.467388 90.938562 2625.662730
108 -1313.919994 0.600778 79.978144 0.755884 947.116732 10.325090 201.092623 0.033604 71.270309 20.026169 126.603545 0.457650 86.087700 2632.934896
108 -1311.197407 0.601128 79.987777 0.756719 948.803114 1.665514 137.135699 0.314511 65.467144 21.226383 109.681501 0.453168 88.200953 2627.448150
108 -1313.309617 0.600044 79.989587 0.756464 953.440043 8.627799 123.744697 0.450392 76.986794 18.494308 115.624403 0.527602 91.683963 2631.572609
108 -1315.751227 0.600548 79.915858 0.755177 950.905912 5.654380 193.646943 0.020205 77.914131 17.005805 100.393798 0.477285 95.203269 2636.479313
108 -1310.799114 0.600126 79.972134 0.756832 953.783386 6.023789 160.244221 0.193391 68.845742 20.420300 111.771789 0.453132 85.190126 2626.595727
108 -1311.634205 0.600117 79.975341 0.755643 956.154212 10.757491 114.078466 0.508666 75.733676 17.396207 102.153744 0.523197 87.745981 2628.193218
108 -1313.379922 0.602566 79.993478 0.755712 950.367421 8.012650 150.627937 0.578266 76.750574 22.372283 101.236341 0.619212 85.393867 2631.735878
108 -1310.899493 0.600576 79.990117 0.755638 951.835399 5.368380 108.819217 0.057364 52.933018 20.401272 105.666076 0.509431 90.712892 2626.786298
108 -1311.582944 0.600219 79.987033 0.755146 958.883209 12.287576 109.349515 0.128767 53.894099 22.305874 108.729482 0.479628 93.440119 2628.049428
108 -1310.568237 0.600526 79.984277 0.756268 949.978868 16.369694 164.067539 0.050594 65.194446 21.115724 104.468242 0.491874 87.858249 2626.167321
109 -1315.634657 0.601150 79.997720 0.759408 956.053431 8.162131 131.429474 0.179969 55.212324 21.135033 124.869939 0.498846 85.464929 2636.239858
109 -1309.595854 0.601326 79.996724 0.757258 951.059598 9.262538 122.596663 0.198064 55.156090 21.873445 103.371146 0.453034 86.122165 2624.226067
109 -1311.978832 0.600793 79.986944 0.758138 949.065558 2.819782 174.826358 0.147190 72.916528 21.280973 108.816757 0.484225 89.066219 2628.996058
109 -1317.651296 0.600341 79.900913 0.757353 953.065164 8.402802 186.571022 0.507230 69.182459 16.974757 106.176419 0.453853 93.004237 2640.268937
109 -1311.219509 0.600027 79.965021 0.757150 953.594808 4.112874 196.760166 0.147537 75.254696 20.593424 109.359529 0.463292 87.190360 2627.421008
109 -1309.816846 0.600768 79.996182 0.755468 952.355545 11.381645 117.504684 0.460006 77.139181 18.662467 101.115950 0.545026 85.161990 2624.616306
109 -1314.822266 0.602391 79.971813 0.756956 949.676620 7.750976 159.623510 0.516768 76.087762 22.449702 100.042938 0.612861 85.451557 2634.636211
109 -1311.294504 0.600327 79.993730 0.759307 954.497533 5.800437 174.161343 0.203258 73.111662 22.277898 100.244717 0.519316 90.585825 2627.531842
109 -1310.140298 0.600002 79.980274 0.755103 957.791353 13.308570 121.512756 0.092134 57.575363 22.011463 101.672156 0.460603 94.740401 2625.177508
109 -1309.933762 0.600522 79.986893 0.757262 951.141656 16.602605 173.875225 0.036710 66.332074 21.997958 100.148707 0.511469 85.694980 2624.884268
110 -1311.361632 0.600898 79.981346 0.756018 955.184237 3.203340 152.547884 0.066634 51.299247 22.202012 115.203936 0.480692 85.695936 2627.689103
110 -1309.509469 0.600976 79.983191 0.757768 949.845652 6.296849 145.024114 0.148764 59.386187 21.975157 100.600472 0.461865 85.107179 2624.069657
110 -1310.641155 0.600438 79.970998 0.756083 954.132273 9.954187 216.123640 0.106716 70.469468 19.829402 100.020128 0.461165 86.419519 2626.253499
110 -1314.368632 0.600491 79.993046 0.758959 955.165762 4.533479 150.982276 0.040287 65.895427 18.154993 102.912731 0.494932 97.706626 2633.656546
110 -1309.360002 0.600640 79.996848 0.755744 953.764943 5.302388 163.374992 0.317868 79.627192 20.437027 105.179961 0.499740 87.033711 2623.684377
110 -1312.592590 0.601179 79.972122 0.755435 955.833060 14.772953 130.179384 0.465304 77.118612 17.416018 102.191503 0.502071 88.174419 2630.116902
110 -1315.116850 0.602605 79.981937 0.756440 951.991948 8.610325 145.751879 0.328531 78.914721 21.287037 107.435616 0.629510 85.581984 2635.194946
110 -1315.913012 0.600684 79.932659 0.756765 952.379603 9.432790 169.061966 0.368203 66.590415 21.828497 130.379917 0.457779 84.716580 2636.845854
110 -1311.266149 0.600196 79.981068 0.755319 959.474466 15.770212 142.837612 0.071883 56.734063 22.309036 100.943248 0.471077 93.680856 2627.404743
110 -1309.563165 0.600217 79.994248 0.757646 952.278916 17.169333 162.881873 0.115366 64.289311 20.803104 102.958132 0.475675 86.011512 2624.140684
111 -1313.064703 0.600340 79.989575 0.756388 954.912734 4.775614 155.934851 0.265797 52.659158 21.928275 124.236568 0.471040 85.896158 2631.106364
111 -1309.215831 0.601218 79.974852 0.756411 949.941117 9.494955 114.778630 0.136454 79.167554 22.192807 100.810983 0.478892 84.917561 2623.475575
111 -1309.790690 0.600682 79.987997 0.756044 953.212675 5.831705 217.846067 0.051222 69.100270 20.187183 100.708187 0.475637 86.138724 2624.558899
111 -1315.577243 0.600670 79.997305 0.760288 952.562332 2.665902 148.171381 0.035058 62.218772 18.762973 105.656820 0.514529 97.044506 2636.112022
111 -1309.658916 0.600445 79.997242 0.757991 953.604959 10.577637 171.233183 0.070559 69.304298 22.372806 104.068830 0.508958 84.603328 2624.305119
111 -1309.991240 0.601079 79.995693 0.755176 956.849259 19.234634 105.054288 0.523237 79.339138 19.543015 103.818547 0.511845 85.267904 2624.908698
111 -1315.267771 0.602019 79.976554 0.755659 952.775114 13.964282 122.535469 0.550688 78.743510 21.641629 118.619361 0.650427 84.866890 2635.483816
111 -1316.824299 0.600747 79.921015 0.755670 952.643964 13.443451 162.891135 0.380623 65.792057 22.021305 128.728102 0.476952 88.024053 2638.643092
111 -1312.511211 0.600352 79.965359 0.755746 959.811546 11.567391 137.579500 0.063417 76.342538 22.612549 102.294358 0.472096 96.261089 2629.878749
111 -1309.901149 0.600852 79.998822 0.758122 952.660082 15.164742 145.998909 0.029301 55.249334 22.267427 105.347772 0.484554 85.990790 2624.811121
112 -1312.737245 0.600182 79.994455 0.756952 957.511779 11.069676 125.571327 0.220595 58.954002 22.360046 120.058107 0.468184 88.549198 2630.410580
112 -1310.426620 0.600609 79.987282 0.757171 954.465262 5.511535 230.256760 0.441684 77.738005 20.739729 101.968229 0.455002 88.798031 2625.801546
112 -1315.173111 0.601296 79.948391 0.755491 957.132951 9.288199 171.713656 0.008969 68.634968 19.500092 108.966187 0.512828 88.516444 2635.259193
112 -1316.491537 0.600243 79.997697 0.759815 958.201489 14.140676 116.284490 0.066049 68.751969 21.717030 118.032539 0.608105 92.457909 2637.860830
112 -1310.098510 0.600856 79.987918 0.755757 954.360382 8.695866 148.959733 0.493228 67.132769 21.250527 102.535683 0.498275 84.914685 2625.159500
112 -1310.593322 0.601117 79.977239 0.755862 954.486836 19.378384 103.674722 0.522118 77.311302 19.805683 105.072166 0.500864 85.134101 2626.152929
112 -1315.012892 0.600768 79.998457 0.756467 954.629879 13.465089 145.514550 0.555457 78.432323 22.028464 112.721311 0.622125 94.809331 2634.905444
112 -1317.363660 0.600976 79.991954 0.755990 954.365026 20.851218 161.700662 0.086607 55.733387 20.171172 131.029599 0.488080 95.586134 2639.680130
112 -1312.577192 0.600868 79.997742 0.758081 957.073688 14.719873 134.735710 0.112610 76.447964 22.205987 104.274105 0.478378 97.797053 2630.050057
112 -1310.118937 0.600492 79.998043 0.758581 952.526207 15.810811 171.464967 0.189111 59.318334 22.223287 107.085267 0.463272 84.859540 2625.257861
113 -1311.277572 0.600048 79.978672 0.755059 956.267261 11.324146 128.375808 0.237965 63.397048 22.267232 114.754310 0.480377 89.655914 2627.490107
113 -1309.944277 0.600420 79.980723 0.755574 950.895002 8.209432 266.878901 0.406186 73.890305 21.987469 100.704128 0.479885 87.290616 2624.875455
113 -1310.757683 0.601096 79.997854 0.757902 957.224398 6.284368 133.745340 0.344795 74.677081 20.629593 102.873655 0.455930 86.587701 2626.454776
113 -1314.528514 0.600047 79.979882 0.759083 957.354426 7.824283 175.360162 0.175943 57.824688 22.584119 102.433423 0.599426 91.532472 2633.931495
113 -1315.219562 0.601115 79.989567 0.759510 958.465290 21.749126 128.110156 0.078573 61.486942 18.694832 102.096648 0.589346 84.643527 2635.348236
113 -1312.344338 0.600651 79.936160 0.755144 955.857901 19.514864 225.560264 0.010468 78.440811 21.920841 100.503011 0.462548 84.679324 2629.643878
113 -1311.824518 0.600714 79.989398 0.755363 951.548683 21.551298 208.564527 0.264423 56.129416 22.487943 101.547832 0.532361 88.316395 2628.632003
113 -1317.707118 0.600903 79.986161 0.755381 956.096879 11.893500 141.775432 0.080754 51.136448 20.379944 133.734661 0.516604 93.775276 2640.338306
113 -1311.225622 0.601047 79.997971 0.756262 957.265693 20.680786 107.830041 0.122872 73.743477 21.385449 100.986122 0.469942 96.526331 2627.348291
113 -1309.999461 0.600731 79.994914 0.755145 954.839758 8.257451 119.307889 0.213231 58.522648 22.256999 114.063254 0.465865 86.396948 2624.971828
114 -1309.315427 0.600121 79.993186 0.756222 955.767321 10.733904 156.914978 0.350439 75.288099 22.397008 107.503733 0.458048 89.361645 2623.575404
114 -1311.657270 0.600300 79.994868 0.756172 951.784251 10.329305 248.161867 0.312788 51.342264 20.635632 107.659356 0.457085 87.049295 2628.315192
114 -1308.494863 0.600773 79.998779 0.755430 953.943388 6.203920 206.622778 0.442672 76.153901 20.594548 100.583032 0.455980 86.454364 2621.953416
114 -1314.964387 0.600075 79.994469 0.760163 961.704028 12.893984 155.808225 0.416858 73.679484 21.286034 103.480667 0.544028 84.981398 2634.793382
114 -1315.402729 0.600505 79.974408 0.755528 961.705960 4.547476 111.118374 0.016045 62.033342 18.344178 106.116619 0.526225 91.216237 2635.645019
114 -1312.833580 0.600281 79.961910 0.755041 956.473866 0.959235 192.632916 0.393932 63.427058 22.331163 110.666309 0.520181 88.481870 2630.568717
114 -1313.383520 0.600148 79.993504 0.758353 954.879728 3.212465 212.618262 0.152825 52.650210 21.946230 104.907288 0.596517 89.128143 2631.678750
114 -1318.691641 0.601166 79.994079 0.756907 957.220278 7.118039 144.673304 0.067617 78.641113 20.727767 136.757182 0.552021 92.452448 2642.289036
114 -1311.530335 0.601087 79.980854 0.756198 956.259788 21.526584 113.856886 0.157385 75.089078 21.894471 102.287807 0.453387 96.917118 2627.975645
114 -1311.490686 0.600702 79.963872 0.756161 953.737631 5.495638 185.818563 0.279894 60.838574 21.620135 109.572696 0.461184 84.750174 2627.966490
115 -1309.638770 0.600390 79.992698 0.756429 953.877282 10.585750 207.693668 0.368437 76.445271 22.032367 103.512600 0.464195 89.557087 2624.237247
115 -1312.080447 0.600645 79.984167 0.755821 952.356390 14.346953 254.031535 0.178700 64.524363 21.705434 103.617505 0.494852 89.259085 2629.131510
115 -1310.182916 0.601037 79.994767 0.756058 954.051207 5.842276 175.051699 0.498304 77.814274 19.206459 104.552421 0.472675 87.034083 2625.328805
115 -1311.937356 0.600140 79.967459 0.755079 961.353236 18.754888 100.323955 0.385090 74.966846 20.983108 101.702681 0.458263 87.407775 2628.747375
115 -1315.921646 0.601292 79.997767 0.760493 959.673567 2.457869 187.819258 0.007433 51.744490 17.928518 102.120781 0.506601 87.708192 2636.734032
115 -1312.727808 0.600176 79.972851 0.759221 956.200675 9.733258 178.444983 0.589772 75.794565 22.195499 112.966697 0.456339 88.310364 2630.400278
115 -1316.027101 0.600446 79.994236 0.760238 958.229439 7.339088 240.196121 0.506691 75.572651 22.209428 106.534080 0.608148 90.062570 2636.905010
115 -1315.182537 0.601014 79.993831 0.755213 952.910175 5.831120 167.130172 0.170667 75.607915 20.457563 133.480056 0.511562 89.717859 2635.343387
115 -1313.448402 0.600579 79.983684 0.755331 956.053778 18.545217 143.271553 0.116345 74.022543 22.504024 104.774263 0.536549 99.347205 2631.768545
115 -1314.247337 0.600716 79.976535 0.755196 954.110813 6.483102 157.373862 0.141551 70.519561 22.133754 134.492916 0.494367 87.196866 2633.473413
116 -1310.937887 0.600642 79.972763 0.755814 956.692682 9.892521 157.221909 0.352273 77.119318 21.917631 110.894425 0.462594 85.287584 2626.819647
116 -1311.812944 0.600787 79.983683 0.756490 950.497824 10.808213 300.872983 0.222384 65.443178 21.744603 101.819784 0.467471 87.140504 2628.626147
116 -1312.364409 0.600444 79.985685 0.756241 946.265826 4.985627 276.371799 0.227926 70.637683 19.712110 103.626531 0.500320 87.151449 2629.779543
116 -1310.187821 0.600300 79.973486 0.755073 957.609844 18.414672 107.145052 0.314659 75.645154 20.917008 105.765230 0.484252 84.882097 2625.306431
116 -1313.978471 0.600631 79.973068 0.757307 958.161493 6.598763 127.839655 0.478152 77.718113 19.720938 112.888543 0.494964 89.079149 2632.861356
116 -1311.875163 0.600096 79.963826 0.757476 952.660175 4.178507 158.713768 0.317983 73.704657 22.385663 121.232183 0.462189 87.093571 2628.754743
116 -1321.130195 0.600523 79.995991 0.762695 961.902434 4.141095 184.342491 0.060067 79.219280 19.176329 107.276555 0.653803 96.327498 2647.042359
116 -1314.488667 0.600505 79.997091 0.756046 952.374538 5.628511 109.507758 0.203859 79.199083 20.956710 137.860334 0.488008 92.017317 2633.974374
116 -1311.270168 0.600097 79.996071 0.755496 956.873936 17.203127 117.492955 0.153158 75.837196 22.637322 113.157304 0.472258 98.045210 2627.438186
116 -1312.703862 0.600760 79.998450 0.755163 950.690854 7.452501 241.792124 0.423979 75.527367 19.564152 107.781295 0.526075 90.984783 2630.374266
117 -1314.699549 0.600541 79.977397 0.757264 958.674437 22.500027 205.002899 0.248658 75.372103 18.904496 100.673269 0.545135 84.797482 2634.300466
117 -1312.813714 0.600709 79.996993 0.755145 949.600725 21.085416 288.212371 0.184420 67.237287 22.489110 103.385909 0.491628 91.736095 2630.628430
117 -1314.679879 0.600543 79.965363 0.756055 963.093354 2.697508 106.795296 0.190052 66.187662 21.915463 103.828588 0.507995 86.704864 2634.198679
117 -1311.283428 0.600005 79.989850 0.757317 950.691613 2.090315 115.987364 0.335921 72.123735 22.408868 127.209445 0.472448 87.235425 2627.604423
117 -1310.502690 0.600040 79.997428 0.755043 954.783189 9.809587 117.530910 0.118989 52.198606 18.766088 100.087720 0.489018 95.035918 2625.935221
117 -1310.499319 0.600122 79.960103 0.756174 952.488058 2.669817 216.373562 0.451850 77.421833 21.663194 110.691179 0.458401 88.032374 2625.977155
117 -1317.451713 0.600617 79.999387 0.756394 961.766941 6.420642 181.743879 0.010394 77.074802 18.212714 105.779568 0.632055 93.251094 2639.691989
117 -1313.505171 0.600509 79.993277 0.757004 951.205180 21.459617 180.124704 0.189821 79.914073 22.629601 135.166003 0.480935 87.071319 2632.046085
117 -1313.819761 0.600221 79.998886 0.755730 957.022119 18.260475 160.533433 0.189753 76.088248 21.484825 107.993295 0.547682 99.371919 2632.494986
117 -1313.107268 0.600872 79.978731 0.755543 951.861647 2.215428 192.885967 0.098291 50.729975 21.949703 126.391117 0.492408 85.746210 2631.221171
118 -1312.926628 0.600083 79.976496 0.755708 956.317628 3.766851 220.055643 0.230758 67.935624 19.193125 104.114498 0.555078 87.490955 2630.753214
118 -1310.345035 0.601165 79.997982 0.755131 950.904144 6.079007 289.040466 0.118526 73.546794 22.556193 109.380803 0.467184 86.484122 2625.681436
118 -1312.371480 0.600730 79.994595 0.759251 955.162035 2.617767 229.534206 0.214715 68.771672 20.358478 106.110509 0.482940 85.466044 2629.697373
118 -1311.949342 0.600086 79.982760 0.757264 953.244504 19.910039 117.552429 0.425736 66.925564 22.314217 122.216838 0.481575 84.867491 2628.904939
118 -1310.413870 0.600310 79.978341 0.756731 954.588877 4.271528 120.692546 0.193124 78.841730 18.406686 102.104581 0.465732 88.996743 2625.795787
118 -1315.601307 0.600410 79.928259 0.759606 948.906798 15.820753 199.662105 0.025563 69.937492 21.204855 116.107153 0.475826 85.815770 2636.275916
118 -1314.133558 0.600018 79.978426 0.755667 956.411059 11.167089 189.726338 0.154873 79.055203 18.607932 110.587991 0.539299 91.142958 2633.171742
118 -1315.305746 0.600431 79.994476 0.755868 954.932646 12.974360 207.261390 0.148103 52.899423 21.339409 118.862158 0.539350 93.454293 2635.528644
118 -1311.558493 0.600412 79.993286 0.755276 957.613930 13.969981 126.223879 0.125468 74.193641 22.403103 100.453165 0.501580 100.549691 2627.972390
118 -1312.220127 0.600023 79.997732 0.756373 958.720992 10.000379 112.364997 0.075952 77.273944 21.967367 119.143005 0.491059 89.231183 2629.350850
119 -1311.821982 0.600436 79.985750 0.756954 957.283793 10.421030 157.685168 0.418592 78.174625 22.462479 104.891780 0.494604 94.984508 2628.529141
119 -1310.632686 0.601392 79.999148 0.756324 952.190558 1.956352 297.345298 0.372667 79.815600 21.954480 101.407998 0.480082 90.162060 2626.203802
119 -1315.200018 0.600416 79.862444 0.755393 951.674389 7.828163 200.752191 0.052436 55.932639 19.791261 101.926540 0.485590 86.264124 2635.398757
119 -1314.048360 0.601678 79.976828 0.755581 947.463989 9.574451 189.345052 0.052059 52.468687 18.920002 101.383044 0.464106 92.281217 2633.143390
119 -1311.796593 0.600311 79.997270 0.755995 954.253473 5.294444 168.430838 0.013990 53.686533 17.208014 101.449131 0.509227 91.761031 2628.535459
119 -1313.229751 0.601703 79.975207 0.755287 946.793089 18.421730 213.116768 0.571634 72.095607 22.538866 110.615744 0.468598 86.862953 2631.526392
119 -1316.801791 0.600608 79.934462 0.757777 954.631879 8.027647 267.910266 0.216502 79.146250 17.890500 103.777143 0.558107 85.635229 2638.535160
119 -1318.461964 0.600632 79.941151 0.755430 956.892331 7.472502 206.071057 0.084074 51.580448 20.011209 114.302482 0.568857 95.368768 2641.785964
119 -1311.862824 0.600418 79.994791 0.755650 957.697398 14.507042 115.449476 0.090494 72.839306 22.357526 102.603417 0.499540 100.663140 2628.584216
119 -1312.509542 0.600241 79.982177 0.755120 956.486368 4.953938 170.581562 0.035616 70.623066 20.729078 120.826692 0.492507 85.583768 2629.964709
120 -1310.248309 0.600586 79.970771 0.755091 951.302228 9.044923 203.458283 0.582606 72.022186 20.931057 105.088496 0.466715 86.038092 2625.496157
120 -1312.075033 0.600385 79.991237 0.759787 956.125413 2.990814 201.478779 0.061559 75.696624 19.995981 103.312378 0.472719 87.509210 2629.097393
120 -1317.176149 0.600762 79.954165 0.767022 951.172055 7.808664 219.662237 0.008077 51.284423 21.152011 109.355503 0.478273 85.474525 2639.405329
120 -1316.095258 0.601853 79.992194 0.758150 949.533128 4.628512 234.098561 0.211089 52.616111 19.644889 113.105019 0.490390 89.322043 2637.209085
120 -1309.663920 0.600004 79.998569 0.757143 952.265256 10.590188 175.655920 0.316203 66.565004 19.637745 105.351591 0.466726 85.389074 2624.339416
120 -1310.594869 0.601101 79.988196 0.756455 948.681348 0.825097 159.129370 0.530144 74.394809 22.106782 103.850002 0.470858 90.177536 2626.216756
120 -1312.079078 0.600079 79.975291 0.754998 954.782137 15.908375 100.852848 0.203789 55.149253 16.642752 101.501779 0.538073 86.274133 2629.114008
120 -1318.301248 0.600359 79.915773 0.757888 952.394135 1.999777 318.125319 0.036055 55.719680 20.178570 119.905541 0.539029 85.381514 2641.558541
120 -1314.416628 0.600849 79.991313 0.758816 955.773103 12.650605 174.154682 0.049049 66.807232 22.335096 104.806272 0.480263 101.230230 2633.730070
120 -1315.905660 0.600359 79.999399 0.758607 957.599260 20.406779 214.645361 0.591351 68.902669 22.160952 121.319220 0.458916 87.507610 2636.742162
121 -1310.507395 0.600088 79.974885 0.756671 946.655893 14.695042 199.529912 0.439909 79.341500 21.237078 100.008664 0.462995 89.565076 2626.083500
121 -1310.060598 0.600594 79.987318 0.758006 953.578813 4.053290 212.441430 0.486306 75.826296 21.480117 103.398532 0.457463 87.181308 2625.092177
121 -1310.335747 0.600045 79.989870 0.758824 949.263986 7.556943 156.276569 0.435147 74.784077 21.194526 102.518479 0.465012 90.513959 2625.708121
121 -1316.232900 0.602448 79.998067 0.756383 946.542931 20.358997 224.918523 0.157488 53.207456 20.974363 104.185138 0.474251 92.628308 2637.523970
121 -1309.086894 0.600331 79.992101 0.755038 949.937368 12.014704 174.731080 0.460470 64.231384 20.306525 104.163535 0.456517 85.073595 2623.211970
121 -1309.791717 0.600289 79.969363 0.755944 951.456418 16.051532 146.004273 0.134964 73.317452 22.089448 108.569275 0.471853 86.774426 2624.603535
121 -1311.235190 0.600094 79.995604 0.755740 957.035889 17.292927 101.934095 0.576040 79.226065 16.371939 101.775648 0.533062 88.245357 2627.379128
121 -1318.045050 0.600190 79.906845 0.759330 951.007360 2.147228 256.936512 0.530584 76.778943 19.560508 115.009540 0.558593 86.658839 2641.064079
121 -1310.674810 0.600081 79.992258 0.755751 954.589996 1.853330 150.933342 0.336060 67.752390 21.402272 101.065911 0.474552 98.496943 2626.260429
121 -1312.968410 0.600767 79.997775 0.755961 956.153706 3.882561 198.432406 0.433863 78.683991 20.411502 120.063947 0.493602 89.241965 2630.855770
122 -1310.189892 0.600512 79.972273 0.756113 946.320467 17.686598 198.953804 0.439720 79.974858 21.245009 104.633014 0.454045 85.819325 2625.471726
122 -1309.971129 0.600473 79.988946 0.755258 955.998434 1.235887 233.091305 0.547234 74.541757 20.707693 105.705954 0.454661 85.916026 2624.865964
122 -1309.965068 0.600421 79.983218 0.755746 949.798546 10.917708 116.192457 0.380063 67.169614 22.518795 108.930256 0.455352 90.303231 2624.960694
122 -1317.864510 0.602655 79.999984 0.758070 944.678302 4.928887 253.850385 0.018243 79.620006 18.247169 102.392807 0.522425 88.539964 2640.802806
122 -1310.979504 0.600050 79.993036 0.756388 951.237582 14.183287 158.977699 0.043140 63.512485 20.695075 112.624714 0.489484 89.348567 2626.972515
122 -1308.929602 0.600363 79.969273 0.755809 949.814942 16.885769 111.310795 0.275034 78.256923 21.800700 103.984921 0.460677 87.861983 2622.899831
122 -1312.706995 0.600231 79.995473 0.757009 954.695524 20.968355 112.474564 0.043030 78.132711 16.053849 103.381190 0.546954 87.210814 2630.375342
122 -1317.506530 0.600166 79.986299 0.761441 949.721899 2.746785 294.140815 0.049730 64.135814 18.491932 114.020647 0.564048 88.284637 2640.009367
122 -1312.145738 0.600157 79.989521 0.755360 957.345247 3.193267 138.689071 0.425777 70.853278 19.518364 101.459345 0.495733 98.223905 2629.155964
122 -1312.923937 0.602032 79.997051 0.755829 950.575391 4.273227 232.609627 0.092330 75.142369 21.285681 115.601419 0.464319 90.129808 2630.848815
123 -1309.920556 0.600031 79.996012 0.759542 949.014893 20.182026 179.605983 0.483891 79.484011 19.736988 101.520531 0.469157 86.120964 2624.903360
123 -1309.181732 0.600042 79.994540 0.756642 953.391355 7.414120 232.921644 0.569110 74.147495 22.523367 106.020862 0.472785 85.639591 2623.331815
123 -1310.617142 0.600654 79.993669 0.757710 948.439711 13.961872 104.227677 0.340094 69.466635 22.491926 107.915024 0.463353 89.392321 2626.294358
123 -1317.077954 0.603069 79.992952 0.755111 945.908596 4.419264 279.677647 0.040332 79.893337 17.388523 105.351987 0.525174 87.204886 2639.199079
123 -1311.383817 0.600617 79.973323 0.757877 951.465334 1.851467 136.515374 0.177987 79.367298 17.746211 105.133404 0.475682 85.099776 2627.795884
123 -1312.180142 0.601511 79.996752 0.760591 947.995709 19.197901 174.364899 0.383583 78.439035 22.314535 109.498268 0.467853 84.858899 2629.446673
123 -1314.779467 0.600386 79.996286 0.761074 947.404239 2.026181 314.905352 0.031513 57.748650 22.491822 117.061636 0.521557 87.482369 2634.592718
123 -1315.782233 0.600231 79.995789 0.756918 945.909671 10.580560 252.902214 0.176573 68.071603 19.043280 113.146645 0.565174 86.815106 2636.626509
123 -1315.865716 0.600371 79.986738 0.757139 954.227826 9.663783 185.729392 0.247929 61.919125 21.115711 112.372621 0.531469 98.109419 2636.638097
123 -1313.889346 0.601966 79.971179 0.755494 951.025586 19.397310 180.643934 0.366560 77.712499 20.327712 117.376550 0.484146 86.238229 2632.796239
124 -1311.882492 0.600181 79.975223 0.755654 958.470439 12.894861 165.627283 0.393821 76.160719 18.475658 102.444564 0.470594 84.886116 2628.681677
124 -1310.470032 0.600415 79.971843 0.755315 954.260782 8.316255 209.587864 0.106027 76.153886 22.646028 104.709883 0.488823 89.163167 2625.886791
124 -1315.382346 0.602621 79.982868 0.756225 947.205889 11.725385 132.790811 0.247703 66.689372 22.561777 117.597959 0.473054 90.055466 2635.830734
124 -1316.301816 0.604029 79.972655 0.755456 948.991301 4.722809 203.135114 0.323237 53.104620 19.638181 105.669480 0.453947 87.484011 2637.635651
124 -1309.851714 0.600267 79.999590 0.757851 953.014722 21.907879 111.695088 0.255442 76.743235 17.664715 102.033982 0.464534 86.795766 2624.712278
124 -1311.002458 0.600968 79.992208 0.757573 949.465980 3.320202 104.793043 0.236540 75.127233 21.172710 113.701499 0.481187 86.305143 2627.059156
124 -1315.536865 0.600842 79.985701 0.762610 947.014812 11.955097 305.662952 0.130827 66.590361 21.950265 110.370062 0.474588 84.938681 2636.159099
124 -1315.108836 0.600144 79.999391 0.756940 948.091087 8.813107 268.538925 0.119880 70.940638 19.413782 116.368042 0.571069 87.079238 2635.242028
124 -1311.231716 0.600784 79.983399 0.756405 957.303814 12.918207 138.646933 0.438042 78.189485 22.021459 100.205467 0.471162 96.281712 2627.349795
124 -1313.943450 0.600099 79.919829 0.757884 956.494954 7.891762 134.886727 0.413675 78.874976 21.845931 115.840962 0.459729 86.926704 2632.838287
125 -1313.391385 0.600765 79.975507 0.756652 958.933054 12.104099 220.732468 0.581373 74.680875 20.658340 100.104191 0.473253 87.573559 2631.667932
125 -1311.588394 0.600377 79.992741 0.761140 952.069009 5.325988 234.736166 0.135480 75.055078 22.422702 100.699040 0.475746 89.970107 2628.166254
125 -1312.318065 0.601689 79.993309 0.756072 947.466661 4.473873 156.046559 0.361142 67.493272 22.366704 114.322444 0.467849 87.764308 2629.700479
125 -1316.445022 0.603490 79.955048 0.755637 950.437631 5.765829 189.517351 0.355503 55.053227 18.538270 107.189972 0.455011 85.047042 2637.915961
125 -1308.431611 0.600120 79.997301 0.756288 953.917099 1.344710 100.147916 0.248179 77.671694 17.130598 100.017224 0.458253 85.879535 2621.855447
125 -1311.708021 0.600054 79.999254 0.757099 953.082305 18.752230 126.573754 0.062704 50.104870 20.673574 113.131756 0.528040 88.524993 2628.401479
125 -1311.143973 0.600129 79.975899 0.754997 946.998158 4.531512 330.637990 0.545210 69.826638 22.130080 106.810447 0.473199 86.586581 2627.307593
125 -1313.091432 0.600770 79.974307 0.758187 955.778725 18.123096 171.463267 0.304589 73.839310 18.186078 102.756945 0.473759 85.017922 2631.148876
125 -1312.021218 0.600732 79.995494 0.757006 951.015886 11.620127 237.186035 0.067810 73.201982 22.354245 102.950118 0.482314 93.880350 2629.022126
125 -1315.098756 0.600672 79.939011 0.759429 954.134132 22.629598 178.697161 0.194791 74.687972 22.052546 110.185563 0.469797 90.432251 2635.175145
126 -1313.805234 0.600404 79.999841 0.759527 955.851073 18.973185 245.346195 0.454987 76.327265 21.849160 106.001640 0.526146 87.706171 2632.541936
126 -1309.759236 0.600439 79.996244 0.755690 949.365052 7.681988 148.572003 0.314148 75.526261 22.208708 111.363560 0.474537 90.090124 2624.547467
126 -1313.886921 0.601354 79.952848 0.758580 950.277054 17.847256 126.760197 0.442866 71.498855 22.071699 118.396155 0.460853 84.859922 2632.826906
126 -1315.825510 0.604092 79.982560 0.756281 952.720194 5.383974 189.659671 0.239890 51.829169 20.741715 102.983099 0.464593 91.720787 2636.613656
126 -1310.668315 0.600303 79.978947 0.757882 952.333021 19.627420 134.942332 0.273182 75.181778 17.749508 100.075517 0.457073 87.185416 2626.352529
126 -1310.176427 0.600500 79.995729 0.755213 952.750405 4.863545 147.467682 0.163384 76.127055 20.159390 111.052105 0.537178 84.751723 2625.338206
126 -1311.993860 0.600337 79.998737 0.758734 944.929577 2.612205 326.141472 0.421230 73.446620 19.991921 102.181377 0.474950 86.491119 2629.050586
126 -1313.233988 0.601754 79.984796 0.755040 952.514229 10.954581 196.181802 0.132606 68.618706 18.362830 107.407495 0.506344 86.433518 2631.451462
126 -1314.016931 0.600980 79.999443 0.759592 952.896383 17.717962 193.897194 0.509795 70.958321 22.181132 100.243308 0.509073 94.953396 2632.981467
126 -1308.325285 0.600415 79.999972 0.756807 950.747606 14.227411 136.553754 0.340760 73.834689 19.302728 100.910299 0.460047 85.089346 2621.688805
127 -1312.187334 0.601060 79.985490 0.757507 953.274765 12.818110 276.465895 0.525174 78.564297 22.230107 100.144700 0.481035 89.463202 2629.324554
127 -1311.185049 0.600557 79.994213 0.755923 944.968046 3.320800 160.426214 0.337627 74.815786 22.116007 112.967180 0.455534 89.447088 2627.469390
127 -1312.420428 0.601176 79.990951 0.760272 953.609522 17.373326 106.770267 0.331882 77.648050 21.946223 118.898343 0.464100 85.222105 2629.855173
127 -1315.719227 0.604409 79.981828 0.755697 951.030120 0.810169 257.011684 0.195919 78.569474 21.702347 112.689714 0.469247 90.112166 2636.408656
127 -1309.781314 0.600456 79.995150 0.755222 952.604488 16.647812 119.327199 0.133806 74.158496 17.018153 103.879316 0.473625 85.926224 2624.570995
127 -1312.540369 0.600657 79.927599 0.755059 952.049509 4.558654 104.432897 0.181727 77.126926 20.439560 109.315949 0.525431 85.408194 2630.078535
127 -1313.507948 0.600824 79.987848 0.755314 942.283099 2.221469 295.509405 0.473116 71.798570 20.473913 104.241917 0.470050 88.251029 2632.108864
127 -1315.911748 0.601599 79.982789 0.756496 955.851449 11.584636 269.388680 0.234554 69.974295 20.524694 111.480502 0.537779 85.081357 2636.745882
127 -1314.235677 0.601728 79.994578 0.757254 951.942103 8.611129 127.870839 0.167131 71.100489 19.955944 104.331450 0.541684 92.015269 2633.439442
127 -1309.851940 0.600296 79.949002 0.756102 951.226814 12.575525 122.953023 0.336461 74.974810 19.739159 100.230146 0.461790 85.982963 2624.728160
128 -1309.808241 0.600216 79.992271 0.757170 950.646381 12.844834 268.511638 0.580928 77.902191 22.305257 100.097895 0.460395 89.040634 2624.613917
128 -1311.228582 0.601336 79.975499 0.755288 949.379084 1.675665 133.966146 0.204569 75.548957 21.788410 112.627723 0.462412 89.394991 2627.492211
128 -1312.131579 0.602179 79.980400 0.755381 954.346650 15.602454 108.508521 0.279474 77.061844 21.128829 118.180384 0.456146 85.246049 2629.250818
128 -1316.528813 0.604253 79.950337 0.755360 953.918926 2.112709 231.918897 0.201063 70.886184 20.224574 103.632181 0.462108 91.317335 2637.988039
128 -1310.517476 0.600246 79.997989 0.756497 951.511377 14.460126 148.552592 0.129273 78.216762 17.402908 106.530826 0.495190 84.915106 2626.059887
128 -1312.665965 0.600098 79.943268 0.756533 950.064830 5.333580 183.666601 0.291663 76.497839 20.162930 107.400962 0.536038 85.597856 2630.346634
128 -1312.247101 0.600522 79.991734 0.755706 942.638123 5.708808 316.738594 0.461552 76.666485 19.098205 100.368115 0.469711 86.348368 2629.591244
128 -1317.986068 0.601000 79.934118 0.761572 951.387384 1.322872 297.834090 0.322002 73.399337 21.795712 107.953829 0.602244 84.896931 2640.929432
128 -1311.701650 0.600501 79.961408 0.755621 951.143598 11.046177 102.481205 0.275508 65.898854 20.110677 101.703905 0.480242 92.076403 2628.399827
128 -1311.271934 0.600918 79.947179 0.756780 951.602299 10.592823 136.998182 0.305371 74.244295 19.826067 102.428737 0.466971 84.933981 2627.565540
129 -1315.353402 0.600262 79.953967 0.760916 954.631162 12.492826 304.185737 0.579464 79.038768 22.137697 102.254259 0.516580 85.286692 2635.649702
129 -1309.135083 0.600038 79.970382 0.755209 948.642107 4.011650 157.254974 0.297026 78.147369 21.051068 106.762873 0.465136 87.907363 2623.316550
129 -1315.077461 0.601490 79.969428 0.757363 956.366010 16.461518 120.763064 0.155716 74.597305 20.619057 118.049099 0.527615 85.022114 2635.105071
129 -1316.850847 0.604358 79.982095 0.755636 958.532322 10.000594 172.994931 0.086571 74.831616 19.828785 110.200093 0.453792 89.086312 2638.604158
129 -1310.302766 0.600135 79.995683 0.755718 952.438740 15.122447 190.964723 0.171438 78.075555 16.953904 101.105865 0.492468 85.854269 2625.603502
129 -1313.197605 0.601184 79.937263 0.755397 954.128114 10.278910 112.640184 0.207200 75.986796 19.275724 108.846040 0.499108 85.316836 2631.371837
129 -1313.437512 0.600808 79.990066 0.758087 944.369093 2.713486 414.584799 0.561347 78.380476 21.108174 101.334268 0.502063 87.294484 2631.887878
129 -1313.609629 0.600340 79.998431 0.756814 948.097597 0.761616 447.232090 0.404525 76.604973 20.658582 101.897182 0.595300 87.590091 2632.125176
129 -1315.162261 0.601612 79.952267 0.757413 955.543950 15.428339 144.816650 0.391416 65.756149 22.398922 106.552326 0.490431 92.709167 2635.249733
129 -1310.982008 0.600022 79.989957 0.758398 945.427345 8.729056 111.860888 0.412118 72.167668 21.651664 108.310159 0.494146 84.707026 2627.078574
130 -1313.175690 0.600080 79.958415 0.756259 954.467233 18.707327 271.161893 0.507398 74.945084 22.556905 101.327912 0.526567 87.190764 2631.286098
130 -1311.195928 0.601325 79.996787 0.756722 952.696630 6.506348 150.632376 0.323610 79.283505 22.531410 109.409803 0.480107 92.956845 2627.357707
130 -1311.919848 0.600435 79.989387 0.756562 954.190262 13.733953 157.616418 0.225312 77.363748 22.359682 114.044388 0.504107 91.992356 2628.788402
130 -1315.678497 0.604303 79.997975 0.757567 955.232080 1.952935 212.128031 0.598995 78.215605 19.672668 111.793662 0.480832 86.875136 2636.286608
130 -1310.685850 0.600016 79.978551 0.756458 954.915723 19.764897 150.833173 0.205522 79.702095 17.993701 100.960340 0.485569 86.787201 2626.339143
130 -1315.602066 0.600198 79.930504 0.755787 953.728827 3.553048 209.887147 0.285212 61.172219 20.779807 107.728563 0.558430 90.651065 2636.126719
130 -1311.711079 0.600704 79.998804 0.755902 944.863997 2.447481 367.146255 0.411486 73.613743 19.311979 101.156309 0.478375 86.746407 2628.456323
130 -1315.350012 0.601036 79.994715 0.759499 955.693111 11.976520 141.001866 0.273044 57.530426 22.026975 102.125586 0.501567 100.618793 2635.593300
130 -1312.427648 0.601846 79.983236 0.755090 951.429866 9.754417 106.203662 0.417611 69.179545 22.224779 103.854698 0.453486 97.379555 2629.825669
130 -1312.916070 0.601841 79.993087 0.755027 946.450164 4.959690 151.475555 0.416241 67.924455 22.509208 109.968419 0.497744 87.897454 2630.895079
131 -1311.642407 0.600491 79.980722 0.757781 954.846715 18.254734 159.649382 0.418348 72.641610 22.303118 101.564375 0.515052 89.656887 2628.226464
131 -1314.599837 0.600083 79.960652 0.760760 954.687838 3.206892 181.004880 0.175000 75.978603 20.623164 115.482918 0.455810 90.802527 2634.171841
131 -1311.209997 0.600026 79.985793 0.756370 951.225660 1.533111 180.580446 0.249296 53.906353 20.272174 114.735692 0.471805 85.492736 2627.442170
131 -1316.128368 0.603955 79.971359 0.755746 952.177851 20.024149 173.149847 0.085485 79.408370 20.566704 112.461031 0.492521 87.046010 2637.253513
131 -1311.513344 0.600819 79.988593 0.757833 953.425894 0.814988 168.557101 0.213862 53.956439 18.077356 101.562354 0.453922 86.884660 2628.017977
131 -1317.854916 0.601331 79.997257 0.763649 957.770461 4.861900 254.882487 0.106391 60.560005 19.143800 105.495289 0.508906 86.783705 2640.627606
131 -1311.848718 0.600757 79.998935 0.755517 944.041176 1.837773 377.903185 0.375746 73.217814 19.365139 104.808634 0.476997 85.506173 2628.743182
131 -1312.519656 0.600896 79.986854 0.755397 951.916619 4.119082 205.061312 0.267054 69.265455 21.383173 104.251182 0.531580 92.538427 2629.985317
131 -1313.188889 0.601274 79.961453 0.756066 953.003496 12.108867 113.287973 0.443085 66.084609 21.993397 102.922548 0.456919 96.880610 2631.329779
131 -1316.300042 0.601478 79.996267 0.758411 959.806294 14.657114 121.306711 0.005896 72.838052 21.001941 114.704718 0.474323 98.371312 2637.465899
132 -1310.292930 0.600749 79.969242 0.754997 954.036480 12.648610 120.771996 0.333376 75.793940 22.030883 105.096271 0.519889 87.383633 2625.541923
132 -1313.659908 0.600015 79.997203 0.758472 956.446643 10.648489 115.712163 0.080569 73.547222 22.556083 132.437854 0.473688 87.712280 2632.289591
132 -1313.691572 0.600189 79.992620 0.758484 951.065470 10.286294 194.104495 0.206766 58.139172 22.418888 124.911925 0.481293 88.440781 2632.407617
132 -1316.378957 0.604104 79.989265 0.757040 956.197711 9.921118 105.381748 0.038275 61.356924 20.914858 110.346852 0.486902 93.246237 2637.678971
132 -1311.095769 0.600270 79.986181 0.756197 953.943842 21.555462 166.844097 0.259106 53.965179 18.199783 100.289506 0.459293 86.779611 2627.179513
132 -1320.585659 0.602220 79.992594 0.764247 962.207159 8.782674 121.073325 0.006909 60.444483 19.640516 110.073969 0.550177 84.898078 2646.053385
132 -1315.678025 0.600197 79.995836 0.755661 943.456632 20.701855 401.016832 0.397537 73.171248 19.329139 104.485057 0.483963 84.958346 2636.459159
132 -1313.981112 0.600923 79.985205 0.758731 949.649584 3.278013 183.460035 0.237706 66.116714 22.158283 120.836796 0.522052 85.436696 2632.999485
132 -1312.467160 0.600056 79.944049 0.756241 951.414525 14.600073 109.031336 0.487448 68.269964 22.197703 102.613501 0.459220 96.413773 2629.913030
132 -1314.890159 0.601505 79.982985 0.755747 957.166005 4.216632 112.379583 0.243598 54.530856 22.237124 102.765909 0.455881 107.886630 2634.625336
133 -1313.638093 0.601486 79.981076 0.758945 952.577023 5.466883 187.148460 0.288781 65.320146 21.885250 106.122516 0.513503 87.928516 2632.254901
133 -1312.351398 0.600018 79.991603 0.756707 954.186065 4.354740 170.570121 0.169743 50.051177 20.745010 120.685662 0.485425 85.001555 2629.690134
133 -1313.020602 0.600872 79.995924 0.758069 952.860679 7.895798 108.304268 0.178022 52.463597 21.889198 127.352268 0.463469 84.704916 2631.070596
133 -1315.730449 0.603908 79.986766 0.756495 954.861817 8.982198 158.301049 0.142903 62.920230 20.007875 100.231300 0.467224 96.039651 2636.381937
133 -1312.306005 0.600541 79.977458 0.756551 955.702109 1.807667 214.641533 0.162451 61.547195 17.855143 101.492770 0.471628 87.211751 2629.550118
133 -1317.422546 0.600929 79.967928 0.761637 956.219116 5.318530 228.585175 0.034634 66.340455 20.499562 112.587778 0.550642 86.221408 2639.779458
133 -1313.350066 0.600215 79.993984 0.755872 944.330755 1.236674 386.703756 0.373014 75.250423 19.785185 106.262005 0.521838 88.455218 2631.712354
133 -1312.569406 0.600558 79.964274 0.755771 952.744278 1.605923 113.539401 0.269774 64.014796 21.130398 113.351922 0.538162 86.180078 2630.120958
133 -1311.937131 0.600146 79.967245 0.756791 951.692908 14.694805 110.805825 0.471288 65.375866 21.756155 100.145020 0.457503 96.978445 2628.849390
133 -1314.819265 0.601623 79.995849 0.756281 957.066055 0.895221 143.335712 0.132407 55.054785 21.222239 112.161347 0.471678 100.627738 2634.515119
134 -1313.400914 0.600442 79.950338 0.758775 950.587860 0.937518 198.563288 0.361408 66.995747 22.323495 109.114425 0.522094 85.604867 2631.810950
134 -1313.259018 0.600883 79.980393 0.755194 949.680954 2.555399 241.476022 0.297810 61.122467 20.950642 106.541923 0.565793 86.660733 2631.502734
134 -1314.700724 0.601138 79.989756 0.758003 952.606445 12.697178 140.214882 0.130119 59.174607 22.279507 126.101307 0.531204 86.414021 2634.403728
134 -1317.922561 0.602855 79.987885 0.762709 947.380149 1.024261 190.219158 0.352938 71.403064 22.578999 104.532783 0.522847 89.174876 2640.894069
134 -1311.247475 0.600160 79.991724 0.755439 955.540153 2.575002 196.744309 0.134468 58.230368 17.675499 105.717040 0.464177 87.070509 2627.443856
134 -1316.674467 0.600526 79.930404 0.763099 953.613660 7.800347 144.606629 0.253981 72.026354 22.647133 108.362536 0.568017 85.988847 2638.329955
134 -1314.583500 0.600379 79.984733 0.756073 946.613022 5.933073 396.534844 0.304538 73.083329 18.768718 104.814857 0.478359 90.661539 2634.164153
134 -1316.420457 0.601961 79.939906 0.756636 948.802104 20.897591 157.070266 0.352899 68.222512 21.289143 104.614427 0.543938 87.013675 2637.869926
134 -1313.054457 0.600569 79.976431 0.757561 950.368933 9.584163 135.573345 0.461702 66.770563 22.311556 101.611313 0.460208 97.852099 2631.096819
134 -1316.489151 0.601954 79.988547 0.755721 957.593757 19.115724 174.830123 0.113819 52.478338 19.970662 104.174793 0.487844 102.310832 2637.831869
135 -1316.073465 0.602417 79.955631 0.758447 949.704601 16.083179 163.623004 0.280117 71.594928 21.614499 115.426506 0.483059 86.692451 2637.191652
135 -1314.356223 0.600635 79.983603 0.757407 945.803200 4.944361 233.442824 0.473004 64.036172 22.107184 102.198035 0.572316 85.119801 2633.765614
135 -1314.783130 0.600629 79.994224 0.757762 951.543156 16.433702 203.248019 0.130310 62.508554 21.396292 125.471301 0.510689 87.216144 2634.582397
135 -1311.077409 0.600887 79.999334 0.756043 950.497741 6.711082 163.652370 0.352172 67.211238 22.196199 104.998387 0.580988 84.655404 2627.152945
135 -1312.575665 0.600773 79.969256 0.755473 953.140764 21.489059 171.833962 0.190668 61.319760 18.068451 104.176381 0.486990 85.924630 2630.143881
135 -1315.393636 0.600149 79.955228 0.757403 954.351060 11.540588 279.123356 0.218111 65.918518 19.715752 102.879324 0.474246 93.808851 2635.715004
135 -1312.541328 0.600139 79.999628 0.755679 946.736184 0.952320 408.954834 0.295790 71.325445 18.964704 107.401814 0.470608 91.240871 2630.055614
135 -1316.232241 0.602728 79.943943 0.756342 948.487424 2.121607 128.284519 0.355280 77.098467 21.453161 105.587437 0.532601 88.528993 2637.487990
135 -1311.146342 0.600217 79.967923 0.755038 953.860352 1.369325 102.495263 0.391523 62.100067 21.394128 101.118579 0.455830 97.752118 2627.227949
135 -1319.251948 0.604016 79.979473 0.760089 954.306949 17.062560 134.926543 0.225578 69.333958 20.386510 100.602912 0.482816 99.809965 2643.425991
136 -1312.189892 0.602143 79.999747 0.757269 952.552353 17.339088 129.402503 0.287271 66.539089 20.898815 107.233360 0.464302 88.780771 2629.378324
136 -1310.992646 0.600849 79.999457 0.757271 951.839392 2.672713 119.369503 0.343325 58.080013 21.721720 103.761099 0.521476 87.256721 2626.979829
136 -1313.436670 0.600661 79.996308 0.755831 951.083516 15.969310 182.394605 0.141839 61.033879 21.834231 126.278918 0.521533 86.330588 2631.891770
136 -1311.956910 0.600999 79.981411 0.755380 952.848654 7.544472 135.811330 0.342624 69.599028 21.867438 102.065603 0.563750 89.740346 2628.859677
136 -1314.173677 0.600154 79.966467 0.755840 953.770633 5.189189 265.182064 0.138175 66.868470 17.107495 104.681283 0.471282 92.435841 2633.283984
136 -1313.281603 0.600074 79.987561 0.760030 956.444275 11.211626 158.607133 0.264061 61.073801 21.097794 101.967959 0.474146 95.121768 2631.483419
136 -1313.238395 0.600591 79.997068 0.755276 945.182314 1.166108 432.153381 0.324627 73.303501 18.165380 103.444220 0.471552 91.064025 2631.456910
136 -1314.916139 0.601309 79.949944 0.756164 947.306304 4.441111 152.366456 0.411441 73.660051 22.294721 105.528048 0.580686 85.748439 2634.869691
136 -1311.854196 0.600188 79.954589 0.755026 953.096995 22.477060 105.121282 0.421496 63.199647 21.741157 101.289269 0.454714 97.484696 2628.659156
136 -1319.419671 0.603710 79.998113 0.758417 952.815335 21.703205 164.982545 0.075873 65.673652 20.956619 115.556288 0.574339 91.142202 2643.796602
137 -1312.785686 0.601601 79.972133 0.755988 952.206881 11.812028 168.786133 0.277710 70.361867 20.898246 109.593762 0.489534 87.374195 2630.563738
137 -1311.370618 0.601245 79.988614 0.755365 948.904943 3.327384 200.536233 0.332530 65.710623 19.423545 102.116376 0.478270 87.838872 2627.767760
137 -1314.823448 0.600722 79.976960 0.756013 951.899873 10.560098 145.981460 0.047936 58.203430 21.005206 129.838781 0.549672 84.968716 2634.658757
137 -1313.903886 0.601770 79.967104 0.756742 947.635421 15.212691 136.810065 0.359631 72.674312 21.307947 114.964656 0.455482 88.252066 2632.881213
137 -1315.133102 0.600108 79.987895 0.757037 954.092762 7.104145 272.968480 0.062844 64.185974 16.678255 108.219322 0.472961 93.070537 2635.204724
137 -1311.791037 0.600199 79.991132 0.762120 954.360031 11.166162 139.714047 0.355623 69.702302 21.683946 102.524499 0.473071 88.484709 2628.566821
137 -1315.741003 0.601158 79.998321 0.755386 945.060962 6.025899 437.798808 0.258607 76.113719 17.543553 107.366525 0.479765 88.363704 2636.492807
137 -1314.184621 0.600931 79.923148 0.755161 945.715523 3.142701 171.228495 0.457070 79.118438 21.246908 106.831675 0.524185 85.578302 2633.439828
137 -1313.751136 0.600956 79.978687 0.757591 951.128364 1.900868 155.627226 0.394656 60.451080 22.268092 103.987417 0.471134 96.683235 2632.476020
137 -1318.761074 0.601803 79.983532 0.759378 955.890365 11.685037 120.899842 0.064519 55.584223 22.089280 109.147931 0.667805 92.840732 2642.400581
138 -1310.993828 0.600953 79.958335 0.755768 952.474903 7.690836 182.835176 0.302504 74.301606 20.254705 105.818058 0.464398 84.745114 2626.988033
138 -1311.815367 0.601626 79.986820 0.756364 951.129888 4.734797 125.814736 0.283062 58.256155 21.350830 111.056086 0.464795 86.824258 2628.654243
138 -1313.840499 0.600341 79.995939 0.758373 950.563588 9.142294 112.486291 0.091757 53.351925 21.106296 133.826779 0.484387 84.848258 2632.746300
138 -1314.708056 0.600934 79.998263 0.756768 952.534337 9.922848 176.372723 0.163763 60.608978 21.678285 110.588887 0.678130 85.427134 2634.364994
138 -1315.525802 0.600453 79.982459 0.755758 959.244406 10.128222 250.409400 0.074480 70.460808 17.129123 100.440741 0.462567 95.478478 2635.908506
138 -1308.181383 0.600251 79.989421 0.755853 954.840337 12.994591 108.320581 0.395436 70.672711 21.959333 100.818436 0.453915 88.951656 2621.324365
138 -1315.887018 0.600978 79.979142 0.755731 944.799412 3.245282 444.049698 0.302598 76.008101 17.281739 103.355197 0.454874 92.770634 2636.762764
138 -1310.681482 0.600763 79.998315 0.755030 948.814306 6.037980 193.284577 0.355646 73.514292 20.069642 101.575887 0.541461 86.648673 2626.378746
138 -1312.598277 0.600051 79.972353 0.756897 954.675484 7.420015 114.454479 0.299573 61.911748 21.942607 108.206322 0.463371 97.949034 2630.127935
138 -1315.202575 0.602279 79.992017 0.755727 959.292348 13.527518 116.071872 0.124130 57.652313 20.995382 100.083708 0.552753 96.559377 2635.235811
139 -1312.784668 0.600752 79.976509 0.759649 953.012435 8.036122 255.809461 0.299202 77.790670 19.389676 101.105880 0.460960 86.741271 2630.553933
139 -1310.004932 0.601119 79.990259 0.754989 951.518044 4.438564 124.712245 0.405645 63.800384 22.170038 100.022016 0.507488 88.646554 2624.994579
139 -1313.241526 0.600718 79.996605 0.756560 953.240181 10.573306 141.410780 0.594252 79.870402 20.709064 134.422802 0.458698 90.338101 2631.465616
139 -1316.674334 0.600326 79.966917 0.758510 959.073009 14.570308 135.556413 0.073649 61.970829 22.382666 110.787300 0.682042 87.347666 2638.207445
139 -1310.273040 0.600058 79.987182 0.755694 952.827513 6.113629 252.382622 0.294932 72.098104 18.845547 100.220725 0.471148 88.126732 2625.511194
139 -1309.180238 0.600148 79.989579 0.755444 953.715651 13.977688 147.115949 0.372566 71.430734 21.839914 101.689538 0.508529 88.592534 2623.318812
139 -1318.013307 0.600368 79.990404 0.756468 943.053204 5.308600 417.080710 0.314918 76.139939 18.599873 110.848958 0.482254 95.044280 2641.048867
139 -1311.879502 0.600565 79.936665 0.756167 948.160200 1.985548 134.820785 0.470481 69.607348 21.013841 101.028559 0.458915 88.550141 2628.809891
139 -1317.452939 0.600440 79.957191 0.755876 948.556120 1.602278 203.856493 0.377306 61.672343 21.706580 104.186944 0.537663 98.218313 2639.869739
139 -1315.399390 0.601970 79.998598 0.756158 956.606299 11.274779 207.247734 0.109338 64.946277 19.091105 101.860658 0.488291 99.203820 2635.672472
140 -1312.353008 0.600397 79.965233 0.759976 950.381847 5.004708 217.944928 0.450255 77.179741 20.545499 107.079813 0.489947 84.725007 2629.732747
140 -1311.177662 0.601367 79.999906 0.756757 950.960721 1.014847 227.221140 0.333224 67.008338 21.202128 104.166353 0.524650 85.054569 2627.344361
140 -1313.280727 0.600097 79.996784 0.758073 952.071314 10.460708 164.342440 0.580479 79.797289 21.537292 135.200723 0.513710 86.619842 2631.562700
140 -1314.721672 0.600370 79.974371 0.757419 958.672516 17.391292 141.373338 0.017208 62.146534 22.394173 109.321956 0.661027 85.063941 2634.322056
140 -1309.323270 0.600250 79.994826 0.755199 953.929629 4.636898 197.659061 0.355770 72.068301 19.570929 101.176353 0.471177 89.173986 2623.598970
140 -1307.864623 0.600139 79.989390 0.755661 950.084961 11.314809 156.248732 0.439493 73.419968 21.951338 101.012773 0.469357 87.054177 2620.755687
140 -1313.486263 0.600011 79.985183 0.755323 946.130000 9.528092 374.394641 0.176006 75.254676 19.261703 101.498269 0.471851 91.173467 2631.994991
140 -1311.178879 0.600333 79.931020 0.755839 949.728981 1.919234 111.339004 0.487622 70.627249 21.254175 105.673761 0.461967 86.608592 2627.395822
140 -1317.663033 0.600240 79.928543 0.756601 945.538467 16.721188 173.235949 0.582839 73.533830 21.478457 112.793810 0.463097 96.387646 2640.385624
140 -1314.315871 0.601945 79.989018 0.755777 957.277374 21.973249 119.107532 0.167121 66.260414 20.750356 107.853536 0.498990 94.981313 2633.523781
141 -1314.529169 0.600651 79.988671 0.760219 945.960165 10.330787 201.463496 0.332140 78.351696 20.438088 117.214132 0.487103 86.475262 2634.160418
141 -1311.666464 0.601608 79.979302 0.755732 951.465167 2.290697 213.096633 0.299376 75.766906 20.954092 106.042344 0.519570 85.612115 2628.315721
141 -1313.641229 0.600604 79.974074 0.755838 952.310439 12.617134 103.410903 0.010621 76.613252 22.099130 134.151223 0.501662 86.499154 2632.302447
141 -1312.071308 0.600211 79.992999 0.756148 957.301741 17.796874 133.884825 0.130798 61.091636 22.182613 103.955708 0.644753 85.694881 2629.034354
141 -1312.229369 0.600376 79.997207 0.757833 953.201268 12.366461 114.147907 0.393067 67.468711 20.079810 103.969427 0.468383 96.703180 2629.416132
141 -1308.074750 0.600055 79.989947 0.755684 949.520768 14.766804 126.612926 0.432109 76.458361 22.133215 106.695368 0.459402 88.525973 2621.188338
141 -1314.340600 0.600568 79.983312 0.758184 946.301512 3.605697 443.619433 0.142936 78.910407 19.311539 104.166227 0.482838 86.388613 2633.678103
141 -1313.324866 0.600810 79.922805 0.755245 950.809455 1.098450 170.745439 0.184618 66.420155 21.558706 103.033340 0.534677 87.417071 2631.638531
141 -1318.402198 0.600420 79.981306 0.759909 945.343785 13.295651 223.822880 0.202708 78.882985 22.191886 121.380981 0.545621 90.911358 2641.880025
141 -1316.076545 0.602191 79.990389 0.757015 956.252384 15.653797 150.787503 0.027394 69.174140 19.918664 111.572411 0.526177 93.048649 2637.064580
142 -1314.055533 0.601236 79.979174 0.759726 949.334589 3.523208 115.754173 0.435289 76.154177 19.888463 102.389404 0.549814 87.147515 2633.139247
142 -1313.675388 0.601796 79.974733 0.758017 951.024005 18.751470 217.260618 0.265857 76.958998 20.130095 100.945135 0.512272 85.310606 2632.363965
142 -1314.937914 0.600430 79.964429 0.755606 949.296727 5.763889 167.690966 0.532572 77.628826 21.797267 138.380586 0.489985 89.721137 2634.901711
142 -1312.559082 0.600174 79.996190 0.755542 956.530183 18.570812 141.958802 0.135460 65.124691 22.642915 113.711487 0.649914 85.098555 2630.024672
142 -1313.401492 0.600274 79.997206 0.758554 949.280042 12.198712 104.844574 0.351380 67.176029 20.903318 112.247736 0.465371 95.451258 2631.831563
142 -1308.082033 0.600180 79.998067 0.756092 950.223212 17.267749 110.995040 0.390111 77.335371 22.190490 107.174783 0.464139 89.047559 2621.193307
142 -1312.435434 0.600067 79.957907 0.756328 949.766785 1.480577 373.384072 0.011306 63.537716 20.617636 103.093567 0.479909 88.833038 2629.829615
142 -1313.615862 0.601117 79.931974 0.756979 955.199097 8.602153 100.033354 0.193812 59.528316 20.389591 103.769403 0.483390 87.143663 2632.194010
142 -1314.487567 0.600536 79.994268 0.755311 951.231396 1.527048 173.434487 0.327807 74.115720 22.350082 108.558179 0.625328 93.543473 2633.900316
142 -1316.567097 0.601508 79.976933 0.755690 956.851054 13.103023 175.951775 0.385952 63.495289 20.169649 118.290244 0.506228 88.700768 2638.050748
143 -1313.712182 0.602212 79.985132 0.757981 956.264051 2.715328 191.250162 0.012540 62.184664 21.021946 103.112781 0.551856 84.638421 2632.349393
143 -1313.985959 0.600566 79.977193 0.755341 948.622062 5.815758 139.005399 0.195472 56.994487 21.529997 122.047764 0.545975 86.237071 2633.015210
143 -1316.884778 0.600499 79.931380 0.755820 944.841920 3.641395 121.276132 0.057988 74.761139 21.901626 136.552047 0.461814 88.659377 2638.898444
143 -1313.491551 0.600131 79.988833 0.755724 955.243347 16.531427 175.548188 0.098407 66.583705 22.470240 116.922269 0.653024 84.704981 2631.908760
143 -1315.236052 0.600108 79.998991 0.759873 952.032275 10.606549 120.269309 0.347570 60.689752 20.977002 116.242303 0.538279 91.811359 2635.457222
143 -1307.955634 0.600571 79.998837 0.756739 950.318990 17.386646 105.544932 0.355755 74.720961 21.819578 101.148727 0.455555 87.994494 2620.946475
143 -1314.284147 0.600662 79.941083 0.756126 949.708809 2.483197 384.667704 0.103257 68.104802 20.228187 104.520623 0.465045 88.639827 2633.528574
143 -1313.421976 0.601119 79.907885 0.755096 953.097865 3.340728 136.521065 0.125412 58.387264 20.272387 109.159322 0.461719 84.742273 2631.843919
143 -1313.571693 0.601333 79.980378 0.755790 951.493842 19.086489 109.535165 0.251707 73.978599 21.232868 106.928936 0.512081 94.703443 2632.113732
143 -1315.464123 0.600749 79.984332 0.756187 955.025520 18.863734 204.997907 0.040574 73.064465 20.008233 123.729106 0.459085 91.616820 2635.890882
144 -1320.608403 0.601873 79.989070 0.762859 955.449738 7.856644 209.826854 0.270317 74.573424 20.887657 123.413557 0.652023 84.869382 2646.149308
144 -1310.405695 0.600954 79.983168 0.755525 953.400931 9.679226 127.048048 0.018221 57.493859 21.115399 101.528245 0.540757 86.644754 2625.779354
144 -1317.158014 0.601015 79.990668 0.756543 945.701806 2.944355 154.711338 0.007829 70.161916 21.660351 145.342074 0.481816 89.098362 2639.429262
144 -1317.986809 0.600902 79.987722 0.757674 950.389597 14.985816 216.911723 0.106858 73.581477 22.004694 120.973449 0.662276 87.714369 2640.952834
144 -1313.766097 0.601762 79.987453 0.756385 955.732552 8.636375 204.190308 0.324050 61.839886 21.306771 100.498065 0.533929 89.884192 2632.437831
144 -1307.992080 0.600142 79.992176 0.755358 951.853925 0.966201 108.180798 0.322464 68.854558 22.547929 104.369234 0.523874 84.990047 2620.982144
144 -1312.660526 0.600254 79.989702 0.759473 951.608674 3.040525 367.835977 0.167961 73.445665 19.989920 102.650003 0.457396 86.812799 2630.283991
144 -1314.925931 0.601042 79.951718 0.755648 958.473128 18.833134 126.311713 0.531234 66.967171 18.283906 104.049412 0.481877 85.369791 2634.764188
144 -1313.856286 0.600968 79.978732 0.755553 953.933785 19.118618 178.896273 0.232063 76.556325 20.800918 104.077582 0.530121 95.207521 2632.633058
144 -1314.103423 0.600803 79.996169 0.757485 958.355152 18.893068 114.444849 0.096352 78.196463 21.156049 121.334739 0.466059 90.070209 2633.133155
145 -1316.846989 0.601335 79.971512 0.756991 960.158239 6.406334 205.460724 0.102238 68.376627 22.032996 101.923185 0.708558 85.861880 2638.511313
145 -1313.105966 0.601266 79.990554 0.757419 953.527114 17.894499 106.293956 0.041982 54.937700 20.237155 108.557916 0.555809 87.022140 2631.186262
145 -1316.494285 0.600390 79.958832 0.755803 945.849261 1.000022 140.358278 0.035998 77.578386 22.349938 150.122104 0.453348 88.758981 2638.111571
145 -1313.939266 0.600921 79.994820 0.754988 957.943013 7.685443 178.370748 0.153319 78.050309 20.610791 106.330352 0.654511 88.146287 2632.732220
145 -1316.810177 0.602183 79.992169 0.759597 953.488612 10.893380 124.166910 0.475364 67.217193 21.317099 112.823679 0.611250 85.535341 2638.579288
145 -1307.500233 0.600180 79.992622 0.755755 951.860475 3.328267 118.783421 0.253421 58.672332 22.125681 103.250380 0.461318 85.396611 2620.017839
145 -1314.551719 0.600458 79.963682 0.759804 952.747799 5.020045 354.660074 0.240821 71.153673 20.143253 100.594206 0.483337 84.780572 2634.058510
145 -1315.001535 0.601105 79.972001 0.755739 954.317714 12.706742 211.287579 0.065976 68.772971 18.217361 116.882519 0.468706 86.144469 2634.983447
145 -1318.936265 0.602667 79.937917 0.757077 954.795775 2.686635 159.770712 0.316088 68.487209 18.033543 109.982401 0.460524 96.429491 2642.798749
145 -1315.140417 0.600340 79.992847 0.759464 958.556715 21.885155 164.985949 0.147774 52.703102 22.175846 112.064056 0.499554 91.723727 2635.185284
146 -1314.221346 0.601429 79.987464 0.758949 947.882416 13.912761 132.302170 0.371056 67.486731 20.918358 120.695838 0.459309 85.370877 2633.534430
146 -1312.291074 0.600597 79.993093 0.757793 949.652304 15.975191 118.135189 0.024448 51.133675 19.515173 108.738864 0.538527 85.559869 2629.627327
146 -1317.018224 0.600190 79.977442 0.758274 948.144088 5.536036 107.181278 0.392962 75.656475 21.666961 147.508978 0.473945 90.978527 2639.109322
146 -1312.393754 0.600613 79.988876 0.755550 954.152075 4.307534 223.306913 0.152001 53.203769 20.008530 100.551503 0.621487 84.697412 2629.711147
146 -1318.056145 0.602168 79.977777 0.758431 952.424659 10.474432 154.611961 0.591247 75.470631 20.254604 123.338700 0.606991 85.219224 2641.081263
146 -1310.588457 0.600336 79.946429 0.756934 952.258637 3.170303 134.862011 0.230713 60.665469 22.584109 101.338766 0.500935 85.089457 2626.177405
146 -1317.039026 0.600059 79.967433 0.765517 951.920637 5.140217 357.877188 0.131546 68.706208 20.149525 105.300389 0.471264 85.194348 2639.071821
146 -1319.756531 0.600718 79.919304 0.756969 957.477568 6.524550 219.215480 0.505154 65.528098 17.299306 110.645865 0.492088 88.461400 2644.414523
146 -1318.001483 0.602402 79.950317 0.755014 957.991944 9.803124 116.830855 0.471579 65.509718 17.121534 103.529458 0.478169 97.173905 2640.869700
146 -1309.985224 0.600209 79.997211 0.757421 957.741827 21.084684 174.131322 0.599425 77.572643 22.609065 100.063557 0.468228 88.383181 2624.885403
147 -1313.397840 0.602159 79.947004 0.755716 954.399626 17.053201 105.141035 0.044455 59.575810 17.882228 100.357890 0.466636 86.822564 2631.773432
147 -1312.073530 0.600013 79.980091 0.759222 951.549830 9.320776 173.531420 0.433064 74.013113 20.219268 100.743709 0.545201 87.235294 2629.138602
147 -1315.538337 0.600058 79.979576 0.760311 946.150389 6.645927 140.298138 0.456079 78.134866 22.252401 143.370962 0.473995 86.334347 2636.195376
147 -1312.919381 0.600443 79.986086 0.755328 956.197681 0.852298 236.246836 0.114716 78.913144 20.102336 101.520011 0.666889 85.777610 2630.707965
147 -1315.621948 0.600949 79.995638 0.761519 953.843903 17.111747 122.341988 0.348349 70.966463 21.821049 126.021316 0.515881 86.079620 2636.243146
147 -1312.347012 0.600044 79.920640 0.756808 954.524012 3.649031 169.605604 0.289699 71.829593 20.775492 105.229584 0.470208 85.853269 2629.663184
147 -1319.869047 0.600970 79.987198 0.768454 951.898096 5.040552 334.575525 0.032373 62.454646 18.465029 108.922555 0.461932 88.751075 2644.743763
147 -1322.106773 0.601996 79.986568 0.761625 955.637417 22.467544 201.451387 0.131456 71.990596 15.906509 119.818689 0.488186 89.964951 2649.183832
147 -1320.256302 0.600643 79.999476 0.758700 955.081421 7.349940 122.964511 0.065158 70.207549 18.931544 136.214353 0.489612 101.837045 2645.440641
147 -1309.331798 0.600278 79.997862 0.755592 957.872991 21.783519 157.726346 0.587981 77.814018 22.280529 101.143507 0.468040 89.932770 2623.566156
148 -1312.397240 0.602035 79.972359 0.756836 953.025472 20.699557 102.668215 0.070299 59.540223 18.424168 100.865644 0.478557 85.692664 2629.797884
148 -1312.959821 0.600228 79.999471 0.758851 948.842744 3.673126 215.161066 0.452049 78.060178 19.182253 107.790996 0.582010 85.257091 2630.938143
148 -1317.935468 0.600182 79.940483 0.760343 945.015461 9.489416 164.872080 0.383340 78.753816 21.848981 142.757389 0.480172 84.658917 2641.011630
148 -1316.424114 0.600119 79.972224 0.755034 953.907952 16.028657 249.863109 0.151987 54.309937 19.463913 109.783053 0.680981 84.740773 2637.771911
148 -1314.745667 0.600654 79.942863 0.756701 954.673967 0.805271 139.980714 0.323886 71.554386 22.492618 126.344800 0.509071 85.861243 2634.456725
148 -1312.990085 0.600297 79.970967 0.756482 957.843851 10.402261 104.802811 0.204031 71.654165 20.715817 116.934012 0.456283 87.568139 2630.917966
148 -1316.746224 0.600386 79.972788 0.760808 950.987299 7.486701 308.043604 0.070510 65.147018 19.694093 118.042421 0.458768 88.470512 2638.505122
148 -1317.868037 0.601817 79.998816 0.756251 953.761686 5.276077 121.106418 0.277853 78.329777 17.045564 131.056787 0.500466 90.346226 2640.710912
148 -1316.566011 0.600079 79.973075 0.756070 958.347382 3.956785 180.500804 0.044689 67.752280 18.010851 101.506325 0.580560 100.086237 2637.945473
148 -1309.435470 0.600047 79.989505 0.756960 953.619468 3.127474 126.947183 0.068310 50.198067 22.481893 110.210561 0.470369 88.572384 2623.857498
149 -1312.863098 0.602371 79.991214 0.756570 952.492116 21.165698 120.465502 0.082396 63.645281 17.822703 106.023680 0.453289 87.077319 2630.740925
149 -1311.078780 0.600830 79.964364 0.756309 950.664019 2.190014 247.004126 0.476294 77.122611 19.698782 106.509421 0.463370 85.111317 2627.161477
149 -1320.874084 0.600319 79.904052 0.756954 944.999258 8.996160 199.038423 0.466596 77.886822 20.291260 144.426242 0.494023 86.989640 2646.855693
149 -1316.246955 0.601434 79.977497 0.755332 953.469826 2.726760 258.863208 0.451065 74.977151 18.461308 102.748080 0.651697 88.888677 2637.378113
149 -1316.154090 0.600706 79.945034 0.755741 952.017117 12.940496 242.342328 0.442751 75.266468 21.692669 125.742692 0.453673 93.313153 2637.282849
149 -1312.672959 0.600057 79.995730 0.759636 954.996349 17.749108 111.038862 0.233150 69.682813 21.228044 117.115033 0.528858 84.798931 2630.326139
149 -1315.238259 0.600299 79.996332 0.760538 953.505478 7.902145 286.377726 0.098047 66.428353 19.199720 107.916561 0.457517 93.891508 2635.431695
149 -1319.161634 0.601319 79.998821 0.760038 953.319767 3.750020 149.138888 0.285957 76.981323 16.863314 132.893065 0.483953 88.439369 2643.328987
149 -1311.990069 0.600537 79.998270 0.756064 951.110726 13.107332 121.718195 0.033413 76.089396 20.802398 104.321489 0.467072 99.695439 2628.955210
149 -1308.194175 0.600365 79.985571 0.756427 953.472144 11.420245 101.593414 0.067165 50.812467 22.378551 102.107947 0.470758 86.235242 2621.384203
150 -1313.529425 0.602224 79.977251 0.756707 952.350552 0.779870 112.775624 0.193441 66.116463 16.739749 101.919120 0.479193 86.922083 2632.060585
150 -1311.687226 0.600344 79.957047 0.759752 949.212550 1.868311 262.321489 0.510957 79.241692 19.864547 100.377827 0.463352 86.276410 2628.399739
150 -1322.090302 0.600147 79.916171 0.755757 944.405543 21.294448 208.861774 0.308785 74.938586 21.503438 140.113659 0.474864 95.474546 2649.274934
150 -1318.025676 0.601186 79.959219 0.756012 955.678995 6.058675 219.707979 0.389685 71.748879 17.810020 100.980483 0.682876 89.067044 2640.912347
150 -1311.039935 0.600794 79.999861 0.755649 954.809780 16.864805 155.158545 0.251339 67.449908 22.189717 112.380041 0.474929 90.322259 2627.033312
150 -1312.386821 0.600008 79.993911 0.755166 955.007230 19.609985 130.783348 0.365052 76.324191 20.653363 119.729082 0.566746 87.823403 2629.710643
150 -1314.219502 0.600037 79.968635 0.758372 953.466988 1.378506 362.422182 0.061874 65.603826 21.116578 100.658010 0.504500 93.192260 2633.327169
150 -1319.107574 0.601166 79.986488 0.759071 951.326442 20.558739 130.361172 0.415809 79.530473 17.648071 137.322881 0.475471 91.151951 2643.242167
150 -1315.466393 0.600064 79.994196 0.757322 950.898551 12.092475 156.507936 0.552340 73.115063 21.521434 117.896707 0.460391 104.408657 2635.885771
150 -1307.787343 0.600227 79.999385 0.755469 953.723308 3.233305 112.073956 0.007904 54.732630 22.033972 102.457740 0.454050 92.329541 2620.543494
151 -1315.133428 0.602080 79.978164 0.758356 949.440446 16.022652 144.936805 0.226078 66.523244 16.866415 103.289750 0.470265 87.509304 2635.318919
151 -1310.533921 0.600027 79.959083 0.759210 949.810039 1.764062 258.347497 0.504956 79.683130 20.956758 100.813221 0.464363 86.305231 2626.083620
151 -1313.635273 0.600614 79.991030 0.755156 959.911952 9.069671 101.020211 0.019370 56.784560 18.263985 110.337523 0.509912 86.785192 2632.163596
151 -1318.237126 0.600032 79.997461 0.756133 958.061648 18.529432 397.117579 0.596163 78.113735 22.549054 106.090708 0.473578 92.654362 2641.329159
151 -1309.364824 0.600764 79.996912 0.757509 953.877082 20.751381 133.023291 0.065620 68.917514 22.212357 104.566872 0.483269 84.947110 2623.725002
151 -1311.350384 0.600128 79.995350 0.755139 954.779800 0.799693 149.019091 0.330906 77.837794 20.457382 120.104486 0.539869 86.525019 2627.646580
151 -1316.335208 0.602195 79.986470 0.755957 956.235911 3.715047 204.992570 0.366327 56.538110 18.526891 106.212726 0.537463 88.386381 2637.572620
151 -1316.963614 0.600453 79.936805 0.755651 950.763791 5.028427 173.380333 0.493189 79.884446 20.497981 138.924114 0.470463 92.884937 2638.927092
151 -1315.488197 0.600757 79.987985 0.760266 955.916530 7.334299 130.918323 0.422689 63.001929 21.473927 104.598352 0.481229 100.148885 2635.877384
151 -1311.799602 0.600067 79.945824 0.756965 949.781501 15.386092 110.805519 0.123575 68.276532 20.413101 111.284719 0.475886 85.673505 2628.656617
152 -1313.102234 0.601617 79.974218 0.755322 950.850216 7.713678 102.985611 0.200148 64.145536 16.544375 100.668445 0.474930 89.821766 2631.216623
152 -1314.661194 0.601516 79.984820 0.761607 947.634574 3.563702 252.109481 0.361100 61.040280 21.886013 102.691377 0.470137 87.355884 2634.378352
152 -1314.397048 0.601578 79.993819 0.760334 953.240630 2.743624 160.668129 0.144338 70.993188 20.330383 115.264967 0.497149 86.613701 2633.791079
152 -1318.711924 0.602666 79.996094 0.761503 947.095402 15.438602 120.722901 0.498894 78.373591 20.090197 108.040942 0.577411 87.702950 2642.480313
152 -1309.650005 0.601064 79.998761 0.759454 949.593218 3.633417 116.713577 0.091399 72.801496 21.727506 102.825672 0.459197 85.972419 2624.362746
152 -1312.112583 0.600564 79.995499 0.755257 952.502594 22.482478 159.090189 0.442541 75.326627 20.264686 112.764091 0.562088 86.796022 2629.197374
152 -1311.701445 0.601246 79.994192 0.758026 953.753777 19.336523 153.419536 0.259985 60.915128 21.919485 101.358726 0.507807 87.200737 2628.377781
152 -1315.078151 0.600021 79.971576 0.755219 952.575784 4.335940 142.741071 0.422122 77.396286 22.097152 142.573444 0.486352 93.380945 2635.130105
152 -1316.634093 0.600720 79.982734 0.762959 951.966966 4.155363 269.901477 0.070936 74.039762 22.554684 107.793848 0.460414 100.208236 2638.220096
152 -1313.013744 0.600567 79.950095 0.756132 952.729136 17.985604 162.653974 0.014205 56.298163 19.107945 105.501640 0.484857 88.756582 2631.019549
153 -1318.480757 0.601886 79.986072 0.761380 948.677502 6.689159 147.316666 0.100726 75.886433 16.895468 106.043513 0.474580 95.173729 2642.002355
153 -1313.672162 0.601592 79.994392 0.755742 949.179784 3.011139 279.031860 0.394510 64.142587 20.111161 106.341741 0.472029 91.401332 2632.333140
153 -1312.193002 0.601315 79.996397 0.757291 953.714260 1.961508 243.457660 0.131283 66.170677 22.309146 109.423997 0.495918 88.816675 2629.332499
153 -1321.052421 0.601467 79.964660 0.759511 942.921255 12.810120 154.329603 0.029123 76.124311 22.563685 102.925977 0.567009 90.511133 2647.210793
153 -1308.351255 0.601160 79.999292 0.755961 949.829479 21.993377 127.992000 0.093299 69.035408 22.379086 104.273505 0.459425 85.292996 2621.756137
153 -1310.968845 0.600212 79.985966 0.755464 956.016823 19.837482 133.527915 0.200779 68.458457 19.222797 103.935440 0.532526 85.129948 2626.880408
153 -1311.995317 0.600185 79.991257 0.757400 957.588505 16.456104 193.196738 0.365194 79.664663 21.402026 103.505445 0.545569 86.583375 2628.895087
153 -1314.258814 0.600347 79.981872 0.755967 950.430333 4.290036 121.620535 0.374273 79.870682 22.082261 140.571995 0.468612 93.654926 2633.534000
153 -1313.508128 0.600196 79.961994 0.755268 950.719857 3.406617 255.143704 0.116621 71.037406 21.655968 103.673986 0.503988 96.939804 2631.958815
153 -1311.789696 0.600184 79.992304 0.757182 948.996506 8.441344 123.257733 0.238517 52.566489 21.591865 103.020527 0.561588 86.692956 2628.610832
154 -1315.580761 0.601454 79.958095 0.755400 949.966166 5.963079 134.247990 0.175302 77.924148 15.378435 101.248363 0.476272 94.353433 2636.164701
154 -1312.300198 0.600829 79.996344 0.756110 948.954980 2.420851 272.009629 0.384205 74.425897 19.470016 104.190256 0.458705 94.614237 2629.587276
154 -1314.316211 0.601531 79.997968 0.759949 949.014159 3.731965 153.947734 0.167734 74.344535 22.376227 123.978442 0.476711 88.681203 2633.691382
154 -1316.858279 0.601568 79.952311 0.757181 946.491885 18.112614 139.093880 0.244865 72.457427 21.608281 115.890419 0.555040 85.341833 2638.794620
154 -1311.081479 0.601305 79.997723 0.761380 950.326950 19.686255 110.684703 0.001943 70.036935 22.044782 102.513712 0.461125 86.641453 2627.223654
154 -1309.612769 0.600972 79.986872 0.756068 952.315655 14.475131 103.981307 0.116722 70.447083 18.358750 100.677999 0.467033 85.387292 2624.241696
154 -1318.094700 0.600076 79.976279 0.755982 962.614040 17.662851 247.954992 0.175341 54.687873 21.575576 104.867187 0.552741 89.338970 2641.003022
154 -1314.924567 0.600041 79.990382 0.756421 951.801815 6.582500 153.280393 0.551816 77.363181 21.672586 143.595512 0.469223 93.619031 2634.837697
154 -1312.526549 0.600065 79.975188 0.757818 954.313627 4.432077 238.106070 0.041319 75.691991 22.073211 102.328447 0.486934 95.868351 2629.970688
154 -1311.674550 0.600332 79.988167 0.757362 949.145867 2.591255 147.421792 0.357525 75.648254 20.714235 106.773277 0.542384 87.507567 2628.372765
155 -1316.273870 0.601621 79.951923 0.759266 951.029394 5.716617 120.704024 0.111711 74.760105 16.911428 102.134030 0.465974 93.068887 2637.559576
155 -1314.027723 0.600981 79.995604 0.755115 950.717857 13.765098 313.382192 0.282794 69.026129 20.997089 102.648381 0.479291 95.150879 2633.012152
155 -1308.946647 0.601220 79.999611 0.757100 949.129119 12.668908 100.217231 0.018827 68.394338 22.035082 100.785355 0.460667 87.337315 2622.952406
155 -1315.807642 0.601635 79.944299 0.758700 950.045983 6.220761 151.106366 0.285809 66.053039 20.844110 106.951221 0.530396 86.270505 2636.638825
155 -1309.470503 0.600884 79.992610 0.757737 951.146143 18.523780 119.208463 0.060362 71.025614 22.164915 101.397338 0.478634 87.215832 2623.967665
155 -1313.592130 0.600240 79.995030 0.758888 952.668809 19.035905 155.563846 0.203451 66.433349 20.088616 123.384610 0.476501 84.933152 2632.212888
155 -1317.700929 0.600998 79.999396 0.756502 960.074587 21.036002 246.240474 0.124447 52.982190 21.371616 115.690985 0.470871 92.532010 2640.275074
155 -1317.433700 0.600142 79.981821 0.757227 948.014421 11.857173 140.402623 0.134945 75.615203 21.993846 151.824503 0.517264 87.721653 2639.950790
155 -1315.993665 0.600206 79.963557 0.759225 952.484472 1.348974 282.825224 0.213055 76.088768 21.369065 110.641069 0.512330 96.516619 2636.906633
155 -1309.439997 0.600008 79.986360 0.755667 949.924939 1.089140 134.640988 0.363194 78.706975 20.412611 101.407170 0.542921 87.360802 2623.886925
156 -1317.430820 0.600521 79.998322 0.757367 947.454418 3.685472 119.169187 0.042137 64.957003 13.661618 102.351494 0.588494 89.144059 2639.904639
156 -1315.094852 0.600347 79.993890 0.756585 948.961322 5.002249 306.635631 0.215536 78.904894 22.444922 116.917049 0.481160 99.704611 2635.149491
156 -1309.696651 0.600372 79.994116 0.757048 951.566706 11.040969 123.536271 0.239195 69.170962 19.960601 100.478489 0.509769 86.426642 2624.402070
156 -1312.017920 0.602123 79.991660 0.755337 951.617618 12.175991 198.177221 0.337749 65.785219 20.938672 106.798878 0.472896 86.318516 2629.036672
156 -1308.955115 0.600939 79.998144 0.757398 951.597125 21.491791 129.258509 0.048814 68.096244 22.572133 101.089263 0.470461 87.347967 2622.931006
156 -1310.449047 0.600143 79.995083 0.756471 952.195993 16.484303 147.467822 0.193705 64.639402 16.986954 100.505836 0.498671 85.150357 2625.908174
156 -1313.990079 0.601340 79.996730 0.756198 961.274036 6.904627 165.138031 0.108301 51.560212 21.372206 106.154893 0.465944 87.865805 2632.849895
156 -1317.636787 0.600500 79.991016 0.761059 948.429613 7.736312 113.864492 0.093622 73.264762 22.486357 150.087911 0.493490 87.100096 2640.374838
156 -1319.007198 0.600191 79.986677 0.763278 954.789689 2.835361 356.777299 0.421651 74.259002 21.274393 114.306099 0.498943 97.513489 2642.887734
156 -1310.008454 0.600190 79.983895 0.755681 950.630044 20.244103 119.084579 0.279557 78.413860 22.471559 114.405335 0.503521 87.943769 2625.036323
157 -1317.352077 0.600549 79.978615 0.756041 947.048390 9.616767 114.239115 0.082960 63.544525 13.865548 101.691137 0.591434 87.600497 2639.755682
157 -1315.990869 0.600813 79.997873 0.757305 948.526827 3.950697 361.090097 0.185670 75.906053 22.372309 109.614949 0.469355 101.848188 2636.919317
157 -1309.423830 0.600208 79.986324 0.755005 951.064923 4.495630 114.188450 0.214920 72.997638 19.153814 110.747523 0.484099 84.919339 2623.876068
157 -1315.877081 0.601777 79.920434 0.755027 951.914688 10.450763 262.536646 0.256541 61.094684 22.286868 100.823444 0.482889 92.016074 2636.707339
157 -1313.213501 0.600532 79.949481 0.762755 952.369657 0.999903 154.080301 0.087695 66.230405 22.069634 103.967238 0.471806 86.241105 2631.449657
157 -1312.549624 0.600105 79.986367 0.760485 948.917210 13.577590 179.523075 0.246610 74.682959 18.591859 109.899859 0.460801 85.540864 2630.177882
157 -1312.130560 0.600158 79.999606 0.755910 958.446978 3.007472 101.428226 0.023869 56.479156 19.018223 110.067255 0.515598 88.856639 2629.165983
157 -1316.274603 0.600057 79.972709 0.758137 954.542792 8.093367 144.710277 0.130261 70.449742 20.898589 140.624606 0.459779 85.229533 2637.560943
157 -1316.951492 0.600829 79.895904 0.757176 956.099606 8.478111 271.103072 0.514813 73.299138 22.514556 104.843128 0.475065 89.620012 2638.807740
157 -1310.400470 0.600160 79.989662 0.755439 952.036963 16.867127 137.764551 0.309623 78.304357 21.860015 119.566124 0.491603 88.226855 2625.801750
158 -1320.097582 0.600261 79.952921 0.758990 943.857865 14.840156 120.750727 0.149488 71.968557 15.278256 103.784875 0.591234 85.507140 2645.313400
158 -1317.343724 0.601381 79.988094 0.758233 952.402859 7.012712 338.626033 0.049806 60.762428 22.616473 109.796992 0.485341 99.940764 2639.592048
158 -1312.398547 0.600302 79.961063 0.756348 946.170898 8.155642 171.562189 0.244952 75.401816 18.210518 104.345644 0.490777 85.071243 2629.888982
158 -1311.622232 0.601835 79.945492 0.755215 951.831786 10.479806 160.422127 0.013333 52.300750 21.092319 100.039312 0.475511 85.875037 2628.249613
158 -1309.462792 0.600182 79.981580 0.758367 950.940731 3.569301 154.653484 0.211059 78.034830 21.193775 101.283103 0.464938 88.509531 2623.946400
158 -1314.085183 0.600263 79.985458 0.763702 947.233420 16.676912 153.318885 0.189759 78.026990 17.802184 102.845855 0.481554 85.126840 2633.282646
158 -1312.326240 0.600430 79.998985 0.757919 956.985495 15.783368 109.439928 0.023929 59.580399 19.028469 107.644828 0.502336 88.169953 2629.592329
158 -1314.468159 0.600497 79.989706 0.755579 950.461774 1.952275 225.341021 0.248611 79.805678 20.737055 138.986299 0.455004 91.009716 2633.950398
158 -1312.473051 0.602243 79.971007 0.755239 947.930009 15.157679 176.018584 0.478108 79.305605 22.591430 100.295514 0.463503 91.471306 2629.979626
158 -1312.874741 0.600609 79.980548 0.757637 951.076493 17.991286 162.254361 0.378754 75.240007 22.504062 113.401538 0.504528 90.733711 2630.748812
159 -1320.168511 0.600556 79.931862 0.763978 946.798811 8.339670 112.175665 0.022402 56.773028 18.991174 106.121311 0.543048 89.041619 2645.425198
159 -1316.660321 0.600288 79.949203 0.755999 950.753608 12.177133 327.924656 0.325172 78.725657 21.684423 103.692232 0.518974 96.853275 2638.250563
159 -1309.146886 0.600156 79.990481 0.757542 947.765433 11.021674 172.292120 0.314503 78.706432 19.491117 102.257822 0.458175 85.182663 2623.374381
159 -1313.130357 0.600721 79.979573 0.759987 949.430468 1.046790 111.045489 0.202259 54.799723 22.170910 101.653735 0.506636 90.090408 2631.294324
159 -1310.483546 0.600046 79.977687 0.757688 953.431510 2.620294 189.391903 0.182680 50.823925 21.702838 101.155077 0.464453 90.179387 2625.937197
159 -1310.683107 0.600376 79.998670 0.757092 946.928267 15.172728 150.037107 0.234628 54.615055 19.145952 101.207949 0.467796 86.019193 2626.458840
159 -1310.973447 0.600203 79.998982 0.755005 955.850438 11.913594 111.618007 0.544679 61.134445 18.515639 102.098227 0.505177 86.636166 2626.884641
159 -1315.805329 0.601877 79.996844 0.756125 955.287920 7.896871 110.415816 0.175930 66.548264 22.106181 134.330713 0.474847 92.265239 2636.564175
159 -1313.089877 0.601823 79.991400 0.757495 946.366738 14.412647 160.189298 0.347784 75.908533 21.599115 100.743810 0.466556 90.675092 2631.252904
159 -1314.874665 0.600433 79.925106 0.759970 955.377247 8.445376 120.814350 0.200419 63.825386 21.871650 107.122487 0.510358 86.595155 2634.712971
160 -1317.850283 0.600342 79.840824 0.756892 952.360807 16.656513 123.981704 0.322410 78.083731 16.959568 100.922971 0.536043 85.632145 2640.692194
160 -1319.063366 0.600893 79.939773 0.757805 952.157207 9.190795 276.127994 0.253066 69.384232 21.988068 112.560361 0.518416 97.720203 2643.050282
160 -1310.493366 0.600747 79.978229 0.755768 952.606716 9.774608 214.200090 0.359915 73.954630 22.079713 109.313601 0.462964 86.383488 2625.974963
160 -1311.098942 0.600241 79.989544 0.758975 952.563975 21.935585 111.998516 0.336521 59.315808 21.935097 102.038972 0.490808 89.103066 2627.195366
160 -1314.361502 0.600954 79.960388 0.757444 949.248893 1.339489 155.461725 0.100781 71.515680 19.173600 101.335273 0.519044 90.763604 2633.738545
160 -1312.643360 0.600485 79.993574 0.760716 948.049839 9.374563 127.321456 0.218120 75.839292 19.725242 105.130523 0.478041 89.205317 2630.359711
160 -1310.685881 0.600196 79.999157 0.755335 954.732821 15.347429 115.997915 0.513628 59.076970 18.153856 100.603372 0.494881 86.351084 2626.332584
160 -1315.978861 0.601800 79.994497 0.755353 955.763285 5.248137 134.374987 0.222570 67.326635 21.868383 135.241590 0.457065 93.447288 2636.898846
160 -1311.596985 0.601878 79.935108 0.755906 952.254851 20.488073 125.625639 0.402207 75.358080 22.408575 101.806379 0.468048 84.979855 2628.199621
160 -1311.948182 0.600811 79.948530 0.755362 955.049383 11.114173 105.044546 0.227143 72.751345 22.433819 111.404676 0.519775 85.816469 2628.851292
161 -1316.252896 0.600275 79.856451 0.755421 953.106510 0.924723 110.670683 0.449962 74.465172 16.553821 100.772848 0.531755 85.241807 2637.479004
161 -1321.674790 0.602250 79.953453 0.758366 949.495857 14.656117 238.227204 0.277762 79.060040 19.491396 125.462482 0.459400 98.535190 2648.352870
161 -1308.404065 0.600250 79.997317 0.755029 952.526530 8.295423 212.905373 0.326091 69.379949 22.025610 104.579499 0.474645 85.850232 2621.792947
161 -1314.784888 0.600666 79.997329 0.756211 943.958148 3.521597 192.767642 0.098459 61.507964 19.211415 112.910073 0.465231 91.622825 2634.675684
161 -1312.372691 0.601960 79.995176 0.755921 951.144561 8.952652 114.201564 0.372226 71.879526 18.534538 109.282928 0.457710 89.099584 2629.760575
161 -1311.226352 0.600098 79.983668 0.756307 949.593413 12.434521 170.831876 0.267829 77.487081 19.756688 107.474082 0.490688 89.725013 2627.478099
161 -1311.723067 0.600635 79.988206 0.756643 953.680963 9.998048 168.869584 0.589454 78.224890 17.643529 112.343712 0.462199 85.306362 2628.431945
161 -1315.953180 0.600771 79.998748 0.757658 956.323850 7.241419 109.370727 0.073057 55.849336 22.355805 132.156840 0.497380 95.388883 2636.833145
161 -1311.695323 0.601692 79.944255 0.755589 950.426133 18.294704 107.286084 0.348583 77.246258 21.004638 102.663581 0.471921 86.858976 2628.417189
161 -1313.122846 0.600118 79.987322 0.760595 954.641009 9.898069 142.221854 0.241399 74.620956 19.966934 105.456958 0.563494 86.156889 2631.208025
162 -1315.687743 0.600184 79.857601 0.755168 953.708128 0.962062 106.582664 0.490700 79.214935 15.999682 102.029915 0.522937 84.809494 2636.344100
162 -1320.184964 0.602079 79.978198 0.757539 949.957013 16.521208 174.572456 0.165229 52.270175 20.924157 128.027430 0.464293 98.542836 2645.377585
162 -1309.321563 0.600665 79.993562 0.755361 952.573643 11.956582 229.337941 0.404130 74.064177 22.274869 104.709895 0.471677 85.861856 2623.626498
162 -1316.491145 0.600224 79.931126 0.757132 944.771692 7.232112 234.926823 0.061821 55.127837 21.916349 106.279300 0.500384 90.750339 2638.059393
162 -1311.380479 0.602271 79.968515 0.755084 950.643131 8.984826 129.947082 0.497143 76.688270 18.468333 101.590422 0.458598 85.888143 2627.782897
162 -1309.330312 0.600038 79.988130 0.755337 947.806032 10.651125 170.167228 0.264719 75.628655 19.163412 104.032216 0.458116 87.785578 2623.725548
162 -1311.687877 0.600465 79.986022 0.755756 950.683457 9.374838 164.083166 0.456031 74.337012 17.663301 113.060606 0.461813 86.441644 2628.403503
162 -1315.055504 0.600395 79.982961 0.760650 950.563031 17.126936 274.202108 0.545196 73.066549 21.319066 100.042524 0.558098 86.758808 2635.106709
162 -1315.418917 0.600768 79.918613 0.761866 945.734567 15.543532 158.354332 0.237528 75.746560 21.387253 100.286010 0.456159 85.840251 2635.962021
162 -1310.444067 0.600133 79.992754 0.755882 952.548498 7.368419 124.694262 0.110005 78.065776 21.929513 110.166803 0.526922 90.574232 2625.860183
163 -1314.668826 0.602056 79.968786 0.755914 955.362894 6.672697 147.851990 0.060302 54.679354 16.137048 103.321984 0.493383 85.903783 2634.294455
163 -1321.030411 0.604051 79.992705 0.760420 949.441089 21.015470 219.615150 0.333362 79.188264 22.418968 118.449666 0.466195 98.237412 2647.066642
163 -1312.267419 0.600827 79.983525 0.760748 952.045524 15.924650 238.028841 0.484503 74.328586 22.475572 102.275586 0.468588 85.083814 2629.547639
163 -1315.793797 0.600583 79.872331 0.755248 944.734344 2.279277 146.418617 0.012944 57.144823 21.326024 101.567719 0.475266 87.669717 2636.690564
163 -1312.143187 0.602214 79.983716 0.756087 950.803691 13.742971 162.289438 0.587001 73.017457 19.094298 100.257137 0.478894 86.399210 2629.296459
163 -1310.153290 0.600076 79.997428 0.756303 947.111236 13.146627 174.903522 0.374948 69.709091 18.170914 102.677031 0.453118 87.081230 2625.388128
163 -1310.347810 0.600223 79.997219 0.755621 951.489822 10.244006 165.120737 0.493965 78.009436 17.508663 112.865090 0.461045 85.990246 2625.712987
163 -1314.227580 0.600028 79.989059 0.758907 949.698508 14.547327 264.339432 0.483343 69.986648 20.235214 102.293262 0.546013 87.967439 2633.458158
163 -1313.176652 0.600095 79.947216 0.757554 947.925714 17.158928 171.248464 0.288945 51.178659 21.608494 103.520378 0.497403 85.717602 2631.422191
163 -1311.571045 0.600380 79.997437 0.755910 954.107784 5.316113 106.792049 0.189677 54.004932 20.631518 111.070826 0.515169 90.035297 2628.100107
164 -1315.684616 0.601296 79.941779 0.758497 955.635156 3.435741 152.461876 0.130027 60.755208 16.550846 103.305452 0.476650 84.740018 2636.338068
164 -1321.898394 0.603059 79.965271 0.760706 952.362798 11.674757 218.881591 0.384293 71.626636 21.114263 122.116101 0.473342 98.081066 2648.754762
164 -1308.505636 0.601183 79.999831 0.755197 952.457739 15.186082 196.827674 0.550460 73.562017 22.645786 102.947493 0.453781 85.281212 2622.005221
164 -1313.401001 0.600415 79.894332 0.756764 948.010133 22.170152 137.766016 0.247248 65.533311 22.310778 104.278313 0.463985 85.145981 2631.880742
164 -1312.238738 0.602744 79.993683 0.755683 950.455279 12.128130 175.762022 0.031492 75.584212 18.727269 101.182113 0.460302 87.638166 2629.502083
164 -1312.394322 0.600265 79.991014 0.757788 947.047953 13.088417 122.639418 0.091764 55.420376 15.687694 103.187413 0.463935 86.288475 2629.890568
164 -1311.215818 0.600384 79.999508 0.755685 952.030541 11.159880 183.715470 0.508205 77.557525 16.126203 110.458150 0.468006 84.658665 2627.441770
164 -1315.126840 0.600446 79.999238 0.758835 950.335074 8.766393 223.194067 0.312697 65.273787 16.747409 101.492740 0.547704 89.060146 2635.249471
164 -1312.664756 0.600569 79.998222 0.756913 950.687751 1.796967 153.522181 0.398034 61.627965 17.985503 114.640309 0.457915 85.892163 2630.366220
164 -1310.600819 0.600626 79.982941 0.756672 952.850762 7.259336 117.345080 0.140204 71.685754 22.361033 105.152998 0.506717 90.205663 2626.176166
165 -1314.605772 0.600852 79.949042 0.760289 955.462818 4.786249 118.405332 0.070274 58.102081 19.002641 105.413649 0.481195 86.136112 2634.188852
165 -1320.078294 0.602751 79.999439 0.757612 956.964485 10.538484 219.658280 0.056376 74.772886 22.319767 130.156094 0.505561 99.046805 2645.034186
165 -1309.811532 0.601275 79.982346 0.755286 952.279991 16.156747 214.596211 0.562280 72.092285 22.415203 100.571825 0.464969 84.600735 2624.616133
165 -1316.989677 0.601857 79.939241 0.761488 948.047851 15.678209 151.674865 0.175592 53.227730 21.875451 103.692007 0.467482 88.759594 2639.055272
165 -1315.400023 0.602358 79.971686 0.758582 954.431378 13.246700 139.285103 0.476164 69.276779 16.894674 100.766392 0.487591 85.787685 2635.773095
165 -1313.946498 0.600141 79.991832 0.760742 947.598210 14.974045 147.029673 0.167849 54.220714 16.278828 102.415751 0.489305 85.547238 2632.988943
165 -1310.230582 0.600187 79.995930 0.755669 952.162240 15.904937 155.614931 0.414477 79.309673 17.094982 109.947498 0.463302 85.720949 2625.474837
165 -1313.617396 0.601294 79.999813 0.756980 955.703652 21.713480 225.441647 0.330764 74.283793 21.787977 100.905372 0.568469 88.576563 2632.146201
165 -1312.182952 0.600096 79.993161 0.755939 953.611086 15.469043 155.631985 0.522230 77.172687 19.951676 117.693621 0.521093 89.170746 2629.324352
165 -1311.254356 0.600074 79.981575 0.760536 952.397751 8.991466 101.560998 0.190984 72.992997 21.704700 103.089100 0.507562 88.421360 2627.512552
166 -1315.617321 0.600558 79.926447 0.759441 954.501879 8.497170 121.523720 0.543275 54.681754 20.029698 101.372843 0.488840 85.699681 2636.212428
166 -1319.692790 0.601556 79.974010 0.756469 955.247539 2.149143 127.381987 0.499741 73.516193 19.766141 129.288814 0.524905 98.929829 2644.276184
166 -1311.462882 0.601315 79.957772 0.755201 953.263402 18.182497 213.260569 0.513942 75.689920 22.643164 104.655553 0.474206 85.428570 2627.901877
166 -1318.575325 0.603778 79.956540 0.755051 945.614162 4.697572 159.589238 0.071496 50.960882 18.630600 105.816023 0.484307 88.762112 2642.229778
166 -1317.180279 0.602894 79.945149 0.756362 950.460162 12.677656 122.212067 0.351819 58.072719 15.971870 101.691696 0.477350 86.020266 2639.391415
166 -1313.969399 0.600594 79.974407 0.755959 949.859529 11.631215 164.477890 0.088354 56.966530 19.063715 116.638975 0.466100 91.062175 2632.971733
166 -1315.186214 0.601437 79.985768 0.761284 950.663912 12.617065 157.548986 0.478499 58.559004 17.560997 102.777168 0.458950 84.857392 2635.424263
166 -1315.078158 0.601888 79.996579 0.755095 956.693062 21.206738 229.527142 0.266095 62.375883 19.606155 100.516259 0.561210 88.442298 2635.051052
166 -1314.363654 0.600220 79.968118 0.763093 955.350593 13.932406 139.466773 0.343164 78.638790 20.858860 112.504389 0.479959 85.834688 2633.715371
166 -1310.778722 0.600540 79.963019 0.756667 948.154016 15.245236 128.516683 0.572118 69.272212 20.753238 101.805538 0.467373 84.999398 2626.624970
167 -1312.916285 0.600680 79.999229 0.756983 953.774761 6.378054 105.581311 0.332742 76.488082 18.095464 117.238130 0.472623 90.474054 2630.811667
167 -1318.113085 0.602269 79.980680 0.755885 949.607662 9.904457 113.985877 0.439032 76.815671 19.857281 128.760499 0.479012 96.381440 2641.230361
167 -1309.670303 0.600620 79.979183 0.756354 954.033487 2.340269 230.943668 0.520750 76.446543 22.403825 106.242923 0.466574 85.271854 2624.296487
167 -1316.487987 0.603580 79.979346 0.756634 944.174279 11.438555 103.064079 0.485563 59.578581 21.625035 100.765401 0.473135 84.883798 2638.098347
167 -1312.690580 0.600475 79.969117 0.757316 954.519977 16.669094 127.509895 0.186842 52.759626 17.534215 104.237856 0.457688 86.020197 2630.372568
167 -1312.869045 0.600437 79.995461 0.755007 950.574606 4.841123 189.711525 0.590569 63.125553 15.053147 104.193546 0.459843 86.397200 2630.754576
167 -1314.022264 0.600669 79.976272 0.763519 955.769302 11.346021 162.237623 0.098288 77.757823 20.502996 104.462401 0.462818 85.567185 2633.031817
167 -1313.353398 0.601158 79.968419 0.756185 955.229665 6.407530 122.848110 0.139890 62.639927 22.332937 103.463146 0.570243 90.825257 2631.619057
167 -1313.363421 0.600000 79.961883 0.758296 955.556224 3.094004 155.415499 0.349303 73.729382 21.998263 118.066681 0.487082 88.894750 2631.675302
167 -1311.031049 0.600460 79.969985 0.756101 947.360605 6.263832 151.953269 0.228662 78.328642 21.146245 110.485289 0.474743 87.199211 2627.134552
168 -1312.188910 0.600072 79.997188 0.759263 954.656399 6.421848 110.720192 0.234297 77.847525 18.069605 112.808609 0.462714 87.959143 2629.366887
168 -1316.792170 0.600486 79.974337 0.758575 956.556743 7.710163 164.824625 0.563724 79.949638 18.470057 126.456376 0.453071 93.834456 2638.510449
168 -1310.592292 0.600588 79.998436 0.755540 953.632163 10.227445 251.840321 0.088093 79.215634 22.231058 112.983968 0.468818 85.880287 2626.159497
168 -1316.035179 0.603657 79.967905 0.755343 944.916667 9.457530 118.478739 0.071480 64.743329 22.209268 107.430397 0.469482 87.528429 2637.175749
168 -1312.952970 0.600571 79.999025 0.755598 952.884159 16.407956 199.109580 0.112372 78.000597 20.845317 102.116907 0.587230 91.818659 2630.838045
168 -1312.908988 0.600987 79.979087 0.758169 949.486655 10.361816 161.687907 0.113122 64.125820 17.644588 105.555237 0.463789 86.316680 2630.876575
168 -1318.390841 0.600540 79.959528 0.763937 960.445343 16.425848 157.627937 0.326639 74.584531 22.457211 110.599959 0.493234 89.460222 2641.677647
168 -1313.386137 0.600063 79.969876 0.756954 958.619012 5.485802 145.135564 0.113422 64.992806 21.173093 103.008691 0.565599 90.474824 2631.642209
168 -1312.109845 0.600026 79.980822 0.755106 955.146018 21.497518 121.608175 0.387484 70.168509 20.847821 120.155510 0.480605 88.329193 2629.178980
168 -1309.767895 0.600140 79.978457 0.755623 946.020694 9.998777 139.338100 0.386014 76.821921 21.210222 108.587235 0.477832 85.326237 2624.632168
169 -1313.310421 0.600684 79.999607 0.760757 953.298884 4.405464 182.766641 0.195330 76.969778 21.181353 102.637072 0.559797 89.793008 2631.575603
169 -1316.114596 0.600983 79.977061 0.756541 952.703494 4.482742 194.980262 0.348709 77.813102 17.318837 124.046988 0.453032 91.727214 2637.212181
169 -1310.583604 0.600929 79.997454 0.755721 947.777601 6.312838 249.890766 0.082200 77.140260 20.698387 106.008750 0.486273 85.797064 2626.215294
169 -1315.518195 0.603625 79.997689 0.756998 944.871604 6.986526 129.317952 0.086004 61.074084 22.527123 108.849730 0.473113 87.221051 2636.147212
169 -1313.172204 0.601190 79.999282 0.755947 955.961055 15.112642 192.829527 0.084380 79.694353 22.575161 107.114847 0.560167 92.045507 2631.241100
169 -1313.182733 0.600283 79.972090 0.758864 947.473689 15.324507 114.662482 0.288337 63.884653 18.177488 102.442951 0.496168 85.778065 2631.450874
169 -1313.692329 0.600689 79.997799 0.759291 958.087207 19.275928 214.149926 0.152485 72.788338 21.942003 101.379952 0.519075 87.673186 2632.293559
169 -1310.143008 0.600405 79.994829 0.757207 953.233345 1.327713 159.138226 0.242316 57.658864 22.484877 112.139080 0.465687 86.607712 2625.278963
169 -1311.090024 0.600063 79.980840 0.756842 952.363114 14.406202 100.821965 0.324010 70.303494 20.456146 117.495784 0.467296 86.236667 2627.198994
169 -1314.276028 0.600060 79.989095 0.762147 959.866421 7.649313 109.624665 0.085047 79.595135 20.494628 108.619949 0.461402 85.640563 2633.485065
170 -1312.488933 0.601473 79.984793 0.755886 952.044618 8.497387 200.984112 0.194951 79.277246 21.726780 102.205136 0.545757 89.770424 2629.935155
170 -1314.190223 0.601504 79.983213 0.757750 954.946089 3.523071 230.059729 0.292919 69.317378 19.217586 108.403675 0.462114 88.622792 2633.325929
170 -1313.924973 0.601005 79.996078 0.759458 950.281675 5.206543 252.840222 0.113847 78.763772 17.821851 111.833219 0.457846 86.645938 2632.883067
170 -1316.268506 0.603563 79.994004 0.761293 947.213779 5.764662 126.906468 0.103400 60.297236 22.583081 105.994900 0.487570 86.786850 2637.623506
170 -1316.259998 0.600681 79.997308 0.758146 957.833659 10.666048 225.497348 0.283255 60.798573 19.020672 106.968069 0.528166 90.943109 2637.405724
170 -1314.662142 0.600902 79.974752 0.755229 952.325592 21.124059 214.782740 0.236880 76.270260 15.006620 102.088816 0.486992 89.515358 2634.309175
170 -1309.883604 0.600628 79.951619 0.755475 954.342238 1.235303 142.010107 0.161525 71.541168 21.113801 100.107412 0.492781 84.625335 2624.735263
170 -1313.303230 0.600995 79.996804 0.755532 949.503117 15.175605 179.181088 0.145041 62.325002 21.238694 119.811812 0.484026 90.480972 2631.636900
170 -1311.656251 0.600302 79.992990 0.759532 951.856669 11.203517 115.060558 0.335636 70.686824 20.283721 117.243549 0.456021 84.892051 2628.354372
170 -1310.728329 0.600349 79.996547 0.755492 956.272461 12.453476 145.445884 0.523944 63.531128 19.591741 101.456360 0.501544 85.120898 2626.392792
171 -1311.674963 0.601191 79.981774 0.756042 954.403279 13.094787 184.205248 0.239482 79.246615 22.182288 100.532694 0.539824 89.238498 2628.282431
171 -1309.449327 0.600276 79.984542 0.755145 953.340156 2.808384 170.182074 0.271737 67.409252 21.175682 112.012747 0.456780 85.487242 2623.888207
171 -1315.875544 0.601538 79.990767 0.759489 952.663470 1.339245 281.894778 0.084814 50.782274 18.479983 105.982505 0.510619 89.829822 2636.701059
171 -1314.316577 0.603405 79.988109 0.758615 950.157480 5.356422 136.255004 0.286248 53.200124 21.153824 100.815684 0.478136 86.200788 2633.667608
171 -1311.525211 0.600827 79.998856 0.757271 948.822287 10.396850 195.676282 0.542866 72.971630 22.632662 105.587511 0.519313 87.648342 2628.073775
171 -1314.770064 0.600735 79.914829 0.755943 951.831324 22.090855 100.907457 0.394862 69.727680 14.542536 100.511150 0.456464 85.256902 2634.564828
171 -1310.589559 0.600808 79.984182 0.755244 947.550988 6.494818 132.816180 0.021253 71.593856 20.556609 112.059931 0.475683 85.772682 2626.259697
171 -1314.995946 0.600848 79.987972 0.756621 950.397720 15.347111 230.725123 0.008073 74.661233 19.188319 120.818281 0.456564 90.861790 2635.020500
171 -1313.939883 0.601390 79.999220 0.762656 949.577640 11.265370 111.732289 0.311004 70.736922 21.678064 118.728021 0.458476 86.049694 2632.958579
171 -1311.508663 0.600064 79.997861 0.757559 954.010214 8.703362 144.570074 0.447005 59.916485 19.302041 110.146172 0.454360 84.897165 2628.014182
172 -1312.460789 0.600591 79.993151 0.755697 955.100508 12.655635 249.590542 0.282415 74.850914 22.612433 106.235975 0.527162 91.129281 2629.830609
172 -1311.621422 0.601216 79.983553 0.756300 952.150262 6.851602 220.466140 0.354204 64.597264 21.865101 110.324683 0.461753 85.478649 2628.239810
172 -1317.906165 0.601375 79.965927 0.762210 952.666546 21.078164 225.861407 0.255102 76.248881 16.875186 102.789750 0.494658 87.656378 2640.817764
172 -1316.375494 0.603142 79.980639 0.759550 950.836993 12.562245 150.193917 0.250865 57.557090 18.616200 103.812617 0.461876 88.484383 2637.780245
172 -1308.876128 0.600268 79.986150 0.755473 948.981988 11.138891 152.309017 0.454799 75.156211 21.129044 106.847609 0.482715 85.306476 2622.799313
172 -1316.225115 0.600007 79.893261 0.756600 953.833007 4.824130 142.461576 0.356507 73.868213 13.651602 101.172497 0.456812 86.888213 2637.436573
172 -1311.166855 0.601170 79.998256 0.756406 948.290400 9.796484 116.563903 0.529769 72.862429 21.655324 111.802201 0.498372 86.104215 2627.387097
172 -1313.232475 0.600132 79.995607 0.756757 949.236344 18.095513 239.601119 0.570394 79.792287 20.089545 123.841295 0.462836 90.675759 2631.494956
172 -1313.045953 0.600747 79.967135 0.758308 948.523021 12.875497 103.554124 0.015880 76.840385 21.704608 115.716190 0.487995 87.117882 2631.165408
172 -1310.418350 0.600877 79.994624 0.756665 950.599550 7.139628 132.836873 0.086665 69.698062 20.801727 111.123663 0.481223 86.316766 2625.871744
173 -1312.638549 0.601460 79.983538 0.755147 956.484274 9.056396 199.630045 0.056543 75.459800 20.629230 101.048484 0.509957 91.636326 2630.174593
173 -1310.905223 0.600884 79.992978 0.755075 954.222458 1.647669 251.272921 0.461317 64.489436 21.189467 108.252420 0.467512 84.633351 2626.758444
173 -1313.708285 0.600240 79.981501 0.760286 951.349655 21.066475 197.237354 0.032828 56.937159 20.544055 104.198849 0.540692 86.545971 2632.433034
173 -1311.718928 0.602668 79.977899 0.756834 950.116730 12.892694 110.720968 0.433927 79.386059 19.555482 100.883261 0.458887 86.657631 2628.473460
173 -1311.153280 0.600181 79.923342 0.755797 948.853347 15.369299 144.523916 0.344242 72.534519 21.941325 103.093448 0.476247 85.451783 2627.360325
173 -1317.923085 0.600029 79.913090 0.758939 951.166767 11.674653 133.928981 0.405543 74.858935 13.859684 107.574621 0.473322 87.949441 2640.875888
173 -1310.607625 0.601772 79.998282 0.757040 953.504019 4.342079 127.807232 0.417273 59.378010 21.460753 102.209714 0.470565 84.784826 2626.205145
173 -1316.280436 0.600805 79.974442 0.758100 950.050079 17.466565 222.882815 0.523979 79.949865 18.364010 122.548295 0.454144 92.128181 2637.583612
173 -1312.380808 0.600347 79.965086 0.757455 951.756270 15.393061 140.882692 0.478395 74.426227 22.225873 109.995763 0.520702 88.654645 2629.751538
173 -1310.194261 0.600147 79.988802 0.758679 953.599036 1.181880 112.281433 0.377679 67.100520 21.424905 103.460850 0.515480 85.206487 2625.373086
174 -1312.783696 0.601569 79.997900 0.756223 956.800795 3.795907 198.080434 0.237957 74.696242 21.417467 101.177721 0.542804 92.086746 2630.443127
174 -1312.075943 0.600460 79.991059 0.756761 955.037391 21.875991 219.611082 0.009118 64.697183 21.533603 113.527573 0.457763 84.616128 2629.138099
174 -1314.016877 0.600821 79.999825 0.761570 949.865076 16.365280 171.135111 0.088587 55.677402 20.397803 102.539792 0.557572 85.614332 2633.072968
174 -1309.498965 0.602425 79.993593 0.755489 952.419303 12.416362 128.349467 0.423738 77.947876 21.808026 100.727289 0.464909 86.736249 2623.990822
174 -1309.976913 0.600105 79.911556 0.755032 950.603200 15.333796 124.400761 0.395321 73.444454 22.063706 102.019847 0.455026 84.838811 2624.987933
174 -1317.413907 0.602203 79.939354 0.756062 950.908515 18.996377 106.902594 0.194992 79.200306 13.081588 100.890573 0.492964 87.686217 2639.847660
174 -1309.873033 0.601244 79.993129 0.755776 955.597026 1.452900 177.105233 0.294964 56.009670 21.593320 101.236267 0.459456 84.941597 2624.697334
174 -1321.018193 0.601657 79.992446 0.761429 954.979663 9.885656 226.680404 0.528362 77.601545 19.047744 128.519226 0.494874 96.568428 2646.958072
174 -1314.433672 0.600683 79.966860 0.760772 955.073386 10.866767 116.474730 0.570564 79.231704 21.467912 114.537610 0.502410 90.781527 2633.816949
174 -1309.256207 0.600746 79.975369 0.755939 955.087023 6.385001 102.728139 0.096639 65.743301 21.154982 100.963058 0.465632 86.569550 2623.480684
175 -1312.807332 0.601171 79.996762 0.757823 955.998433 9.563209 172.024987 0.412022 77.608884 22.324417 102.242480 0.555591 91.952551 2630.509625
175 -1308.961087 0.600128 79.989274 0.756135 953.273905 2.209709 211.611649 0.094748 77.231876 22.167005 111.346123 0.467975 84.694089 2622.909267
175 -1313.739163 0.601762 79.960238 0.755911 951.067212 10.971959 168.954803 0.352362 64.802949 22.256559 104.652593 0.521334 88.014982 2632.468748
175 -1313.802379 0.602973 79.986383 0.756152 955.524775 21.016878 143.412659 0.257951 69.873076 18.989068 104.549837 0.455841 87.947351 2632.561160
175 -1307.249193 0.600170 79.982755 0.756073 948.482378 19.065381 101.745713 0.464201 79.048649 21.995676 101.118800 0.470481 84.802543 2619.564511
175 -1317.942798 0.601652 79.964576 0.758139 949.957767 5.082461 114.757764 0.104191 67.531324 12.752155 106.169919 0.498772 86.034572 2640.935562
175 -1313.542371 0.601107 79.960908 0.756632 955.131724 2.960967 193.983361 0.439379 53.962144 21.899848 107.263048 0.461706 86.950374 2632.034911
175 -1320.334097 0.600504 79.957896 0.760028 959.142947 11.674129 168.780730 0.574753 70.722164 20.666591 123.070677 0.487763 96.661598 2645.534725
175 -1314.254516 0.601002 79.981677 0.758111 955.470601 7.518180 151.550029 0.317592 72.033276 20.883458 118.364379 0.485849 88.531543 2633.463085
175 -1310.545582 0.600564 79.999570 0.757517 955.192813 2.631853 152.591558 0.033036 63.305863 20.855441 102.374359 0.533817 87.061835 2626.035652
176 -1314.987149 0.602303 79.970701 0.757286 953.551851 4.503888 186.438223 0.013050 78.666112 19.697038 112.986138 0.494720 86.422591 2634.953995
176 -1312.244795 0.600177 79.958329 0.756488 954.350483 3.193414 250.081011 0.135992 78.515808 20.767967 111.151062 0.481433 84.923955 2629.448157
176 -1311.832604 0.600208 79.965624 0.755888 953.496358 11.725062 100.269682 0.456388 70.476286 22.564762 100.404912 0.542378 93.158347 2628.596825
176 -1313.200093 0.602871 79.989568 0.755628 954.673995 3.895225 144.650828 0.268011 74.573725 17.222427 100.182581 0.483871 88.376282 2631.348878
176 -1313.624796 0.602427 79.958812 0.756145 949.618813 21.110999 188.398605 0.498249 77.230331 19.970304 102.656833 0.472880 86.537467 2632.281422
176 -1317.450320 0.600726 79.951177 0.757687 950.101307 7.922771 222.446969 0.183572 67.581193 17.021374 102.451738 0.574750 89.024515 2639.888168
176 -1311.631607 0.600576 79.961543 0.755147 946.358293 2.031982 148.880330 0.286679 72.790194 19.568200 101.093004 0.514135 85.213477 2628.336997
176 -1314.629571 0.600227 79.975093 0.758553 955.462497 10.161877 131.943694 0.518936 78.762013 20.386240 121.656397 0.475976 94.531732 2634.193262
176 -1312.361763 0.602422 79.984101 0.755096 950.225594 17.340043 202.368620 0.353423 76.995989 21.636583 102.371808 0.514394 86.357284 2629.730076
176 -1311.713320 0.600690 79.982822 0.756970 952.708667 9.093351 144.673087 0.009903 52.089138 20.910932 103.854349 0.554785 87.155185 2628.403256
177 -1316.055682 0.600663 79.944515 0.762267 953.914661 5.617636 155.531246 0.134535 73.048128 21.475251 116.226483 0.512840 84.817698 2637.111342
177 -1309.575515 0.600078 79.969893 0.756687 952.412864 5.858032 212.950625 0.258894 77.395244 22.304847 104.842558 0.474212 86.449977 2624.139868
177 -1316.861009 0.601925 79.947771 0.755714 952.507534 10.131899 108.312881 0.029438 75.800198 17.984604 101.150759 0.574215 91.821401 2638.670526
177 -1313.044563 0.602934 79.997135 0.756124 950.342019 0.914348 211.433376 0.111830 54.062201 17.146998 101.895127 0.456450 86.038471 2631.109321
177 -1313.193434 0.602755 79.956928 0.755154 945.998165 13.271814 169.998904 0.305246 70.374963 21.784994 101.139150 0.457539 84.821295 2631.479647
177 -1315.700379 0.601443 79.975245 0.755229 954.217801 4.558992 200.251717 0.414833 60.430216 16.186301 101.857046 0.565619 85.995074 2636.333569
177 -1311.711139 0.600058 79.953231 0.756590 948.899559 2.975629 118.717305 0.378161 67.309765 19.903895 103.064822 0.481813 88.366990 2628.465449
177 -1316.648645 0.601223 79.998834 0.756857 958.193399 14.520319 174.517069 0.286097 79.015535 18.688734 120.622245 0.475740 94.094484 2638.193059
177 -1315.287271 0.600389 79.989861 0.760922 953.359420 0.812208 309.179597 0.085448 59.609573 18.442337 105.021751 0.556114 85.646622 2635.515079
177 -1307.959322 0.600111 79.997111 0.756105 951.655347 8.295120 103.359417 0.124149 55.756770 22.095800 103.679807 0.483411 87.059284 2620.932777
178 -1316.553916 0.600391 79.968435 0.762454 957.487019 9.265939 150.770603 0.065225 72.486543 21.858009 119.383923 0.512281 85.626890 2638.060787
178 -1310.821310 0.600408 79.959274 0.755517 951.911236 9.398572 195.143008 0.290942 76.215695 21.115777 105.128649 0.468007 89.190144 2626.631481
178 -1318.883528 0.601728 79.942546 0.757421 951.865554 18.975946 105.165434 0.106829 79.878601 18.604462 100.506205 0.633918 91.091831 2642.715929
178 -1313.340929 0.602733 79.992896 0.757389 951.146764 21.988622 189.785961 0.047947 58.045487 18.789415 104.211908 0.454608 84.772934 2631.720825
178 -1315.360110 0.602086 79.970239 0.763672 951.587050 4.089861 185.740706 0.334186 78.739897 21.552852 109.518100 0.482691 85.155316 2635.748397
178 -1317.350140 0.600275 79.938783 0.759624 955.315229 12.662580 109.489274 0.377145 66.123832 17.276546 110.953231 0.534012 85.235818 2639.667344
178 -1312.384083 0.600153 79.972491 0.758992 947.049004 14.282111 106.916160 0.524795 67.501805 20.494997 106.262101 0.457716 87.514805 2629.859190
178 -1314.296757 0.600053 79.987304 0.755779 956.769942 1.185938 134.739237 0.455896 73.795456 17.195422 115.775489 0.470180 94.151526 2633.502797
178 -1313.260254 0.600188 79.973734 0.758629 949.446122 1.097617 293.857623 0.156073 68.986489 21.044493 100.816964 0.573107 86.478440 2631.501135
178 -1308.647260 0.600462 79.997418 0.755105 951.901399 5.071246 106.857930 0.143972 52.000486 20.676782 100.830611 0.514938 86.242695 2622.293178
179 -1317.061859 0.600481 79.986496 0.762741 958.680141 12.308216 152.145577 0.110691 73.915568 21.167548 122.165463 0.458246 86.187144 2639.077414
179 -1314.306149 0.600972 79.954395 0.756611 954.352649 2.568200 283.721891 0.332833 79.744905 19.738244 102.018526 0.518421 90.584051 2633.514908
179 -1318.711435 0.601742 79.951121 0.755521 954.820578 8.802256 161.727108 0.349512 75.048108 18.248729 102.571664 0.673461 91.234407 2642.297411
179 -1314.961737 0.602799 79.987857 0.755746 954.512207 18.473106 202.103257 0.019226 60.022562 17.386683 105.932630 0.471597 86.475397 2634.895535
179 -1311.927563 0.600398 79.980180 0.759526 946.191831 11.209397 254.000304 0.561395 77.500890 21.196228 100.200665 0.465157 86.735709 2628.934736
179 -1316.093914 0.600757 79.957362 0.757149 953.097760 10.858670 125.676216 0.043428 73.702799 16.487107 103.269846 0.595673 88.266729 2637.147502
179 -1313.277417 0.600874 79.957142 0.757420 945.988318 19.916064 110.223728 0.387110 64.008927 20.070354 101.159378 0.478248 85.419378 2631.659205
179 -1320.036619 0.600959 79.929624 0.755429 956.152951 5.399083 179.096873 0.291458 74.301702 14.762863 115.729014 0.463117 95.591178 2644.986406
179 -1313.844501 0.600512 79.987402 0.758277 948.496659 5.914812 237.495738 0.524221 61.949073 19.107223 102.054047 0.513822 86.150684 2632.719666
179 -1308.530539 0.600424 79.995633 0.755240 952.335284 5.989466 102.528179 0.106391 52.374132 20.429104 101.401745 0.511586 85.635974 2622.059084
180 -1312.609199 0.600128 79.976815 0.756961 955.246737 17.076751 164.708288 0.227323 71.748163 22.393009 121.011150 0.496478 85.025482 2630.189989
180 -1313.096746 0.602015 79.976643 0.757868 949.044232 5.918524 189.094116 0.316008 72.801501 22.537949 106.102827 0.502417 86.253474 2631.227351
180 -1315.538053 0.601986 79.967304 0.758239 953.005275 4.236463 209.001759 0.225511 74.009056 20.529390 103.396735 0.604705 85.250369 2636.025576
180 -1312.252230 0.602671 79.993726 0.755743 950.064124 1.609312 150.303444 0.122967 57.598740 17.533122 100.549307 0.473359 85.585173 2629.537025
180 -1312.319795 0.600557 79.957964 0.756307 953.653567 1.461217 268.631652 0.199907 76.207387 21.487346 109.065632 0.469453 88.896289 2629.583144
180 -1321.022162 0.600130 79.899261 0.761389 950.949688 4.160713 300.465862 0.117810 58.884081 19.661812 103.163832 0.614356 89.042315 2646.994412
180 -1310.562682 0.600202 79.975705 0.758110 946.417757 20.431079 108.603219 0.206164 55.806745 21.858721 104.820803 0.455492 85.195328 2626.240280
180 -1321.495898 0.600005 79.964551 0.762388 954.528767 15.187831 110.062146 0.549164 77.701340 14.706645 109.918700 0.576469 97.528298 2647.905215
180 -1314.076604 0.600084 79.969596 0.756231 953.456618 3.990248 283.732275 0.186645 73.135869 19.565502 110.081457 0.524737 89.596501 2633.082254
180 -1310.388533 0.600101 79.996972 0.757003 952.752368 1.949744 109.633409 0.381824 62.323544 17.347450 100.280430 0.482031 87.007618 2625.774041
181 -1311.750872 0.600405 79.987810 0.756190 951.797525 14.130828 168.781687 0.286929 69.618419 21.218704 116.910157 0.500930 86.203031 2628.509583
181 -1315.778136 0.601019 79.906154 0.756450 949.430531 5.207290 214.754742 0.219816 74.204536 21.933118 107.934369 0.461412 93.585425 2636.561162
181 -1315.386829 0.602280 79.988319 0.756944 956.214653 9.943652 307.505513 0.294122 78.294622 21.286935 100.992088 0.553330 84.932577 2635.668490
181 -1312.636937 0.602641 79.984329 0.755720 947.379975 3.164623 148.989272 0.059484 54.128845 18.985201 101.314801 0.473201 85.373050 2630.347654
181 -1313.100914 0.600072 79.954321 0.755015 949.524078 4.430029 236.250343 0.393161 71.765732 20.355060 104.070767 0.518393 91.407087 2631.182743
181 -1319.570790 0.600720 79.981905 0.759339 947.161440 22.037177 185.696914 0.009936 75.777216 17.645089 107.938981 0.603550 89.575093 2644.188713
181 -1314.116946 0.601231 79.904254 0.755550 947.060773 14.949502 150.720645 0.123600 55.955262 21.966037 100.107134 0.470023 86.931565 2633.309405
181 -1317.737897 0.600683 79.940060 0.758384 941.118413 21.123609 270.297581 0.186039 55.801695 22.364428 101.013077 0.469268 85.687547 2640.646182
181 -1313.153998 0.600496 79.995195 0.755409 953.597455 21.868002 288.818103 0.231528 72.610513 18.949499 100.495028 0.521873 85.685970 2631.270150
181 -1309.710551 0.600636 79.996644 0.755780 951.952100 4.752552 111.496402 0.447453 60.759506 18.851105 101.815127 0.459677 86.287342 2624.432563
182 -1311.849077 0.601294 79.987422 0.755402 951.581524 10.641924 161.671060 0.298028 62.233458 22.561631 117.357989 0.458694 88.463704 2628.706780
182 -1317.360548 0.601867 79.984523 0.762765 948.999792 7.410055 141.949559 0.194228 79.547302 20.463348 103.436028 0.481239 95.942991 2639.750468
182 -1315.448079 0.603217 79.947087 0.759504 953.502177 2.397424 251.960872 0.362705 73.848858 22.366244 105.432718 0.454008 84.626102 2635.868205
182 -1311.118276 0.601912 79.999794 0.755064 952.614620 11.180280 111.023371 0.017776 59.334881 16.919951 102.089196 0.475322 86.932709 2627.237090
182 -1312.581680 0.600988 79.992819 0.755764 952.909628 15.037604 181.042194 0.160350 53.859425 20.563692 114.679796 0.467628 88.751943 2630.155362
182 -1315.537603 0.600405 79.969498 0.757857 948.133676 11.109759 258.366415 0.145902 78.856807 19.213055 106.085707 0.597064 84.707564 2636.103685
182 -1313.983272 0.600470 79.961735 0.755908 955.288247 19.066231 236.195221 0.542825 76.541713 19.441456 103.588604 0.533882 86.776441 2632.893721
182 -1311.051939 0.600009 79.972550 0.755906 943.014955 1.480374 225.043715 0.252325 54.894065 21.965912 101.605399 0.459008 85.355974 2627.230063
182 -1311.274443 0.601374 79.949726 0.755070 951.777135 9.686626 158.321201 0.322931 60.298368 22.527542 100.378599 0.487232 85.772795 2627.546333
182 -1315.586252 0.600636 79.955472 0.763544 948.331009 19.591146 220.102612 0.509204 77.148085 21.142616 102.641566 0.503538 85.231625 2636.243988
183 -1311.857077 0.601760 79.995437 0.755774 949.376347 9.954133 132.657553 0.102483 59.116423 21.729127 114.366313 0.455647 89.647642 2628.758806
183 -1313.106363 0.600469 79.995985 0.755323 955.565240 14.819957 191.008617 0.067921 70.869483 22.179177 121.228949 0.528475 89.035984 2631.147412
183 -1316.353797 0.603528 79.952075 0.757095 955.440428 4.463074 247.477658 0.439599 75.699120 22.353681 110.478932 0.475418 86.797866 2637.631900
183 -1317.598145 0.601030 79.980152 0.756691 958.931389 11.123518 150.133693 0.222774 55.262613 16.506320 112.245359 0.489837 87.215928 2640.107692
183 -1312.329751 0.600507 79.972262 0.755140 955.249594 11.435906 148.902544 0.335538 59.194194 20.695077 110.583144 0.467418 89.009093 2629.610661
183 -1317.024014 0.600845 79.971953 0.758234 947.920174 9.708772 266.372124 0.193658 52.703389 20.480223 106.281374 0.600899 85.403571 2639.071361
183 -1314.967333 0.601271 79.993196 0.758866 951.270888 10.901762 115.302354 0.030509 58.405281 20.061310 106.981670 0.489044 96.973933 2634.921292
183 -1310.710526 0.600045 79.999196 0.757812 943.296386 2.315321 206.040898 0.154621 54.724474 20.013116 100.075070 0.457736 85.276408 2626.558880
183 -1310.438055 0.601989 79.972127 0.757006 951.904646 11.176933 104.681599 0.165995 76.307195 22.122105 100.556565 0.454746 87.297883 2625.890364
183 -1311.783935 0.600082 79.933343 0.755371 951.191909 22.159877 216.453558 0.552508 79.911447 19.524671 101.562833 0.500487 84.872971 2628.574207
184 -1315.101294 0.602536 79.978901 0.755580 956.429404 12.840858 102.984436 0.072242 60.558886 20.944271 118.483736 0.482718 90.437284 2635.137145
184 -1314.999688 0.600016 79.992698 0.758954 952.920110 7.047652 303.481339 0.205545 74.315854 20.035681 117.416412 0.536605 84.597468 2634.967287
184 -1314.807315 0.602524 79.978319 0.756596 949.111614 2.396937 227.978486 0.560247 57.366714 20.814198 102.503471 0.477694 86.871992 2634.630915
184 -1316.014999 0.600140 79.995166 0.758365 956.882779 7.375237 135.744871 0.036934 54.370702 15.719712 114.117292 0.534840 85.949564 2636.976423
184 -1309.626528 0.600070 79.984936 0.755475 947.528699 12.881469 140.511607 0.357098 56.476436 22.433960 101.054048 0.454960 89.610442 2624.316783
184 -1318.209590 0.600946 79.942517 0.755152 947.334183 9.592781 174.497852 0.411764 59.656807 20.855314 106.760045 0.597012 88.639350 2641.437377
184 -1314.416476 0.601167 79.988867 0.756735 946.931484 6.250148 145.942287 0.146424 78.641827 19.248267 100.228654 0.478659 95.764930 2633.874614
184 -1310.118650 0.600053 79.998742 0.757149 943.870879 1.986838 202.996184 0.166788 54.541569 19.875468 100.305542 0.457213 85.049660 2625.365791
184 -1313.646306 0.600979 79.988274 0.755045 957.388738 22.201067 128.483692 0.538620 66.251062 22.637318 116.361510 0.557515 85.419775 2632.198771
184 -1313.318401 0.600053 79.947533 0.758425 951.616097 3.081728 206.467281 0.482566 76.497801 18.972146 103.513967 0.516884 87.778562 2631.619652
185 -1312.608032 0.601444 79.987324 0.755085 952.897500 11.162594 173.501562 0.061540 75.138431 21.760711 126.758499 0.465485 85.466478 2630.224211
185 -1315.675238 0.600745 79.949389 0.757154 950.662885 9.971442 279.331431 0.170044 70.527979 22.013180 116.408332 0.535126 85.466286 2636.348475
185 -1313.581747 0.602752 79.973701 0.756885 952.279762 7.599351 220.073354 0.012695 57.793101 21.978082 105.638556 0.487425 86.533759 2632.150262
185 -1311.960746 0.600394 79.991881 0.755556 954.399733 9.131060 121.943384 0.153347 70.654433 16.376321 103.644270 0.553262 85.440474 2628.881705
185 -1311.222366 0.600344 79.989416 0.757283 948.546369 15.694371 101.399324 0.324913 53.869645 22.346175 101.209490 0.454057 93.294198 2627.489823
185 -1319.132495 0.600367 79.944485 0.757020 947.375626 13.498866 194.444362 0.469974 63.962435 21.026917 104.233590 0.615472 90.085241 2643.274042
185 -1319.260025 0.600894 79.995940 0.759592 956.483287 13.647042 165.581107 0.119435 52.196257 22.248767 112.111660 0.484472 112.299542 2643.358250
185 -1310.354091 0.600410 79.993029 0.756651 944.771274 2.748660 176.423505 0.191622 51.916053 19.725841 100.493850 0.458775 84.779736 2625.827905
185 -1311.145475 0.600263 79.998559 0.755895 950.229409 15.659665 186.317704 0.561006 58.438921 22.387083 101.129388 0.537386 86.224949 2627.296391
185 -1319.602776 0.601910 79.994645 0.771089 954.250694 2.800948 249.870812 0.514330 76.094610 20.754874 102.903429 0.540480 87.259892 2644.172441
186 -1316.069656 0.601273 79.994656 0.756859 953.559928 12.407373 208.757913 0.215213 52.835219 22.405598 130.441035 0.512898 85.973627 2637.123214
186 -1315.206545 0.600480 79.958274 0.756492 949.789049 5.787494 259.497608 0.525198 61.566904 21.054798 114.609253 0.458744 90.099730 2635.416954
186 -1312.323779 0.602683 79.971637 0.756542 954.674815 7.749634 165.321438 0.005500 56.730721 20.180045 101.007971 0.455591 85.501322 2629.621353
186 -1309.081833 0.600183 79.999456 0.756177 951.070576 7.902343 104.631939 0.000895 56.965244 17.379233 100.907164 0.500255 85.065758 2623.193603
186 -1314.702261 0.600373 79.999132 0.760076 950.890900 18.248784 110.215719 0.441784 60.045842 22.521848 105.960852 0.519168 94.982903 2634.392710
186 -1314.534280 0.601141 79.984701 0.755525 953.503462 20.067848 115.645406 0.408634 67.167583 20.356017 103.284895 0.632957 89.112656 2633.993228
186 -1319.842414 0.601105 79.965188 0.759134 960.412185 10.251123 186.776735 0.375977 79.806406 20.737180 109.053769 0.477072 111.557024 2644.459973
186 -1312.076432 0.600216 79.954612 0.755805 944.767205 5.053418 167.873999 0.197949 55.334310 20.101367 106.472318 0.460371 84.649496 2629.274857
186 -1310.615063 0.600121 79.993714 0.756755 949.584310 11.879393 176.472012 0.381036 58.783419 22.039573 105.492802 0.485170 87.826837 2626.262004
186 -1315.052807 0.600942 79.960269 0.759823 950.476698 2.601021 289.740351 0.112163 76.266260 22.464676 109.846042 0.515873 88.501599 2635.089860
187 -1313.856910 0.601443 79.988780 0.756750 949.550895 6.778134 186.677596 0.311037 72.143734 19.968056 122.478253 0.461711 87.016833 2632.758881
187 -1313.284594 0.600637 79.995647 0.758552 953.324837 4.328199 280.343884 0.467905 73.251115 21.160033 107.074702 0.506619 90.058978 2631.502744
187 -1315.143630 0.602566 79.937691 0.755228 955.080996 8.609247 120.383190 0.006627 54.965244 17.185311 102.724128 0.456308 89.565184 2635.244251
187 -1310.068831 0.600078 79.994241 0.757091 950.776392 7.152243 123.979477 0.020481 56.784032 17.787615 101.851990 0.483572 87.786357 2625.166889
187 -1310.829951 0.600499 79.999472 0.756226 951.866084 10.316298 166.937900 0.291872 58.451667 22.078617 106.516896 0.466165 92.804210 2626.644350
187 -1318.860767 0.602186 79.961832 0.758132 959.192924 16.134828 201.851515 0.093781 63.573750 21.594790 102.368865 0.644659 88.931112 2642.564441
187 -1313.668303 0.600354 79.978084 0.760799 957.891757 16.871919 141.113999 0.338768 73.451075 21.323169 109.859355 0.456561 85.339659 2632.288390
187 -1314.943119 0.600182 79.992768 0.758071 942.330531 5.635043 150.430049 0.292567 53.560699 19.356845 107.231874 0.488429 85.615918 2635.044133
187 -1311.775422 0.600814 79.990741 0.755347 953.655596 17.283348 113.553779 0.241359 56.556734 21.648864 110.829470 0.566602 85.097546 2628.518601
187 -1308.907350 0.600284 79.999100 0.755855 950.180423 1.497466 253.870813 0.014939 71.985665 21.654756 109.308128 0.475555 85.776567 2622.827593
188 -1317.792446 0.601496 79.981874 0.760317 952.584243 8.053165 194.416706 0.340962 71.021617 22.154469 124.206035 0.529305 91.134005 2640.556158
188 -1314.207368 0.600373 79.996635 0.758211 953.055231 11.765098 300.388575 0.586512 72.992676 22.449398 115.302918 0.492037 88.124371 2633.369956
188 -1317.387895 0.601530 79.988682 0.760010 954.069929 16.024516 151.113689 0.125631 60.374277 20.375296 109.687754 0.675327 85.078164 2639.722328
188 -1309.242864 0.600106 79.991403 0.755019 952.609290 10.124342 148.898561 0.096092 59.241989 18.216097 107.003425 0.457493 84.654365 2623.500656
188 -1313.795006 0.600889 79.972430 0.758527 953.757096 13.495569 110.119007 0.192221 56.520385 19.629910 100.591630 0.465063 96.143873 2632.548255
188 -1319.530305 0.600009 79.973433 0.769976 956.253523 4.315852 107.897874 0.084701 76.743111 21.465250 106.910502 0.666244 86.782307 2644.006242
188 -1312.279880 0.600280 79.981921 0.762598 953.797275 18.520632 137.617490 0.474089 79.297602 22.051593 111.375582 0.469047 86.492972 2629.565819
188 -1313.215181 0.600794 79.994929 0.755001 943.367966 9.820220 137.692557 0.384132 77.891876 20.420498 107.232256 0.488835 89.652758 2631.542029
188 -1311.336584 0.600349 79.988456 0.754993 952.986386 17.294318 145.443338 0.303445 62.213967 22.358888 113.084927 0.544719 86.453605 2627.646675
188 -1311.620535 0.600384 79.978842 0.758785 953.644211 6.860879 186.752564 0.031306 66.412915 20.936295 102.383340 0.473041 90.423479 2628.213824
189 -1315.013089 0.601753 79.988798 0.755243 952.048793 9.834970 115.577610 0.396367 63.214593 20.542146 119.017755 0.527672 88.751800 2635.008263
189 -1313.865531 0.600035 79.985292 0.756928 954.820769 15.323791 270.709636 0.586234 67.975668 22.370330 111.014419 0.470223 89.265738 2632.669831
189 -1318.310351 0.601637 79.995302 0.763255 956.746822 1.775495 216.288459 0.088530 72.756129 21.801540 113.144617 0.614038 88.074851 2641.521956
189 -1310.174971 0.600003 79.998764 0.756253 951.102435 9.106327 163.729975 0.252406 55.738601 18.589008 104.913250 0.476907 86.220795 2625.373267
189 -1316.033209 0.600720 79.966153 0.755356 944.240488 18.844876 300.506734 0.080883 65.586049 22.503147 103.798082 0.478252 92.359471 2637.145293
189 -1320.418479 0.600383 79.987299 0.772961 954.929477 3.949410 168.299306 0.578524 78.467627 21.733859 108.856973 0.666933 85.680779 2645.795975
189 -1310.520664 0.600323 79.970048 0.758128 953.037327 17.976927 106.221906 0.273774 75.886609 20.455777 105.352632 0.486844 84.839565 2626.049309
189 -1316.680281 0.600922 79.983448 0.760070 951.190514 4.850220 159.725100 0.469437 62.541456 22.606534 109.603591 0.560404 92.173919 2638.331994
189 -1311.706157 0.600507 79.986213 0.755085 953.735618 17.461459 107.613455 0.360793 62.175787 22.492337 114.333989 0.568059 85.001980 2628.376528
189 -1312.707983 0.600434 79.945171 0.755610 952.120865 6.372284 125.756830 0.439837 74.078185 21.793121 105.354748 0.498313 93.985824 2630.375735
190 -1312.943470 0.600929 79.995659 0.756138 952.757245 9.342771 148.662830 0.436440 67.384712 20.614050 119.482602 0.488158 87.509148 2630.875823
190 -1313.680613 0.600656 79.982542 0.755690 956.777144 16.326685 244.595183 0.019405 67.228395 22.332100 113.010682 0.463028 90.458969 2632.284486
190 -1313.312389 0.601920 79.987480 0.756189 956.149846 16.405118 167.591147 0.324215 72.987137 21.949405 109.538536 0.550164 84.845161 2631.553562
190 -1311.058136 0.600835 79.998240 0.756326 948.113864 4.743707 165.254708 0.257081 60.013105 18.126077 101.042793 0.481409 86.156790 2627.175613
190 -1315.621002 0.600964 79.985203 0.755252 945.788288 16.525140 279.900672 0.145235 66.862214 22.290619 106.262603 0.509243 92.472509 2636.286623
190 -1315.243579 0.600016 79.996906 0.763173 956.987173 9.729395 153.576149 0.577958 78.008630 21.940819 110.497084 0.655772 85.170647 2635.394704
190 -1310.058678 0.600742 79.982644 0.758799 948.996667 6.354269 176.297745 0.324319 77.755728 20.339527 102.650271 0.455872 84.742777 2625.180842
190 -1313.042275 0.600781 79.995368 0.755264 949.908244 1.319249 125.976913 0.151998 64.658397 21.304781 112.155628 0.573588 89.537049 2631.080375
190 -1312.384766 0.600288 79.986146 0.755908 952.225512 15.285812 104.388179 0.408503 64.255113 22.405454 113.049822 0.610524 84.737140 2629.746465
190 -1311.153264 0.600206 79.959363 0.755481 955.170800 10.678929 144.153331 0.437781 76.600011 22.017219 107.236214 0.474392 92.937171 2627.235454
191 -1313.778799 0.600197 79.985245 0.757200 953.859559 18.219235 201.406023 0.282780 66.902287 21.988751 118.763659 0.464363 92.674718 2632.524021
191 -1314.894353 0.600522 79.994054 0.757302 957.662816 16.520569 239.991783 0.077990 67.415277 22.180568 116.531796 0.464815 90.692842 2634.705855
191 -1316.297263 0.600190 79.980326 0.755306 961.176606 16.548487 121.437875 0.474346 55.850109 19.924947 105.919841 0.640240 85.504198 2637.427772
191 -1311.222443 0.600278 79.990084 0.755853 952.607864 3.881610 154.228541 0.400254 59.377744 18.241053 101.983150 0.468961 90.147111 2627.425057
191 -1313.754713 0.600315 79.962434 0.757901 945.666716 18.457492 163.137935 0.042487 65.086687 20.695203 105.087351 0.458305 90.869177 2632.610106
191 -1312.509086 0.600118 79.959112 0.755703 957.671511 14.672849 155.683204 0.455599 77.689672 22.105023 107.189781 0.553772 88.066764 2629.907576
191 -1309.680174 0.600710 79.963018 0.755186 951.307074 5.843550 180.092116 0.370314 75.401109 21.002287 104.565879 0.476067 84.775007 2624.369164
191 -1312.749804 0.600314 79.993566 0.762862 950.928914 2.208834 123.364900 0.088168 66.160916 21.076311 108.682807 0.516991 85.807558 2630.542216
191 -1311.902089 0.601446 79.995065 0.755455 955.961974 9.820341 189.369416 0.527761 78.326859 21.043810 105.491388 0.585451 84.609166 2628.712626
191 -1313.310858 0.600587 79.994410 0.755886 950.968942 5.343049 333.478110 0.254732 79.894856 22.157245 111.606317 0.601773 85.441147 2631.564157
192 -1311.728574 0.600417 79.986493 0.755729 949.949189 3.198840 177.519766 0.055318 70.154899 22.465612 123.061289 0.468272 91.003093 2628.481229
192 -1311.161507 0.600126 79.998310 0.756058 949.947132 19.347872 108.555177 0.565872 77.879509 18.495319 102.023560 0.621479 84.630092 2627.325849
192 -1314.652683 0.600420 79.989889 0.755699 963.012357 13.521400 101.641365 0.026307 78.273750 19.688210 102.465112 0.607800 85.877191 2634.127052
192 -1310.584606 0.600117 79.989639 0.755407 951.917755 22.337765 128.350927 0.375177 60.493688 18.896647 104.794654 0.453192 89.887090 2626.175196
192 -1311.169859 0.600639 79.989023 0.755682 952.744845 14.155204 101.166258 0.249183 66.864397 20.641624 107.661243 0.489159 91.783524 2627.315110
192 -1310.753300 0.600172 79.962524 0.755659 952.726598 15.289993 108.172400 0.247811 70.479349 22.228191 106.030297 0.519198 88.831414 2626.483125
192 -1311.175682 0.600393 79.979463 0.757055 951.614308 22.327599 186.889493 0.141389 75.882176 22.020854 110.244294 0.485776 86.503226 2627.369951
192 -1312.942353 0.600132 79.986609 0.762690 947.198798 3.173027 130.279900 0.120233 62.406646 20.060270 100.772354 0.504647 85.886080 2630.980530
192 -1313.125508 0.601360 79.995953 0.756250 949.536329 14.517636 223.014602 0.289075 72.390803 20.173737 104.349964 0.492775 90.767195 2631.261055
192 -1312.855571 0.600064 79.953803 0.757856 948.292770 9.863740 261.698079 0.159121 78.600662 21.697557 100.514398 0.518618 86.977630 2630.742475
193 -1312.001824 0.600296 79.995080 0.757522 949.253834 1.142594 171.010680 0.237190 68.706843 21.528465 121.082575 0.473678 88.846605 2629.046620
193 -1313.660549 0.600205 79.982036 0.757995 958.604164 4.867259 135.932669 0.451044 77.579490 20.276532 104.078712 0.631656 86.431145 2632.189620
193 -1313.585101 0.600407 79.987609 0.755080 962.706843 4.582316 129.564730 0.015719 58.602615 20.286518 102.017001 0.557560 85.439654 2632.004234
193 -1310.292688 0.600281 79.976760 0.755200 954.211663 4.038950 165.737327 0.512981 68.198862 19.934283 100.968342 0.460747 90.666956 2625.532551
193 -1313.108741 0.600658 79.988496 0.755913 957.226578 17.290287 205.623795 0.570582 67.478369 22.180378 103.407882 0.487384 92.610840 2631.106592
193 -1310.533155 0.600090 79.978326 0.757487 950.875111 18.422722 145.197154 0.271677 77.023561 22.352978 103.924567 0.524730 87.612315 2626.076744
193 -1309.378429 0.600145 79.970343 0.755390 950.405802 1.946127 227.615526 0.309365 76.875732 22.221716 108.887903 0.476870 86.671884 2623.761482
193 -1310.803751 0.600286 79.999088 0.755540 946.221724 3.007182 102.337400 0.139611 57.833997 18.607416 109.014480 0.474438 86.408403 2626.709299
193 -1314.682477 0.601362 79.988344 0.760388 948.075800 7.643589 303.115499 0.300968 78.674301 20.099444 109.141665 0.489742 84.800235 2634.411497
193 -1312.179317 0.600504 79.998870 0.755368 951.355676 11.283681 290.523895 0.477830 62.750996 21.840014 111.526003 0.454138 87.313125 2629.348882
194 -1315.110878 0.600124 79.963289 0.755208 947.959490 22.014585 242.898825 0.382110 65.140463 21.560750 127.666066 0.456776 86.798554 2635.293353
194 -1314.775878 0.600629 79.951948 0.755351 955.759592 1.284124 230.453173 0.117193 58.852752 20.155753 104.638943 0.582642 89.380746 2634.436206
194 -1310.677345 0.600039 79.994807 0.757881 956.531685 7.281986 152.188721 0.111668 59.254368 21.253139 103.121032 0.522485 85.935513 2626.291845
194 -1310.805152 0.600154 79.991692 0.757953 953.561732 6.256192 216.196911 0.066633 71.863194 19.335655 106.316296 0.456013 85.851838 2626.602337
194 -1312.804682 0.600280 79.968665 0.755434 951.924023 7.866966 137.509498 0.380893 72.551627 20.602638 118.530680 0.474510 92.134181 2630.595924
194 -1311.654496 0.600375 79.972556 0.755722 953.928332 7.369669 214.577535 0.363756 58.227294 22.459628 100.675228 0.508688 89.622962 2628.246340
194 -1312.738633 0.600539 79.983375 0.763340 951.785173 4.176087 202.909946 0.367594 62.321665 22.431842 102.100977 0.460583 86.725492 2630.498715
194 -1314.107813 0.600564 79.990311 0.758253 944.455523 16.430092 179.595076 0.233573 57.493052 19.735519 114.283836 0.462426 84.619924 2633.358761
194 -1311.733982 0.600589 79.953676 0.755732 950.803831 4.170158 256.077674 0.174404 78.931876 19.995003 109.764152 0.459302 85.242974 2628.478232
194 -1312.426100 0.600506 79.991770 0.755617 954.750008 8.542679 292.959651 0.505645 68.063044 22.420009 109.647960 0.457522 88.124503 2629.782050
195 -1314.153227 0.600102 79.963979 0.759081 945.776304 2.725710 245.383073 0.208161 68.168828 22.296358 120.448025 0.490232 85.126102 2633.398305
195 -1312.493050 0.600638 79.998205 0.757498 948.904083 9.625239 199.445212 0.007222 68.038597 19.616601 103.753720 0.572277 84.820637 2630.019257
195 -1311.143585 0.600153 79.997871 0.757492 957.621475 12.523234 144.830622 0.038814 51.250277 21.979840 103.783396 0.558972 85.702234 2627.201780
195 -1309.067230 0.600155 79.996359 0.755834 949.141178 9.552585 124.740052 0.075733 73.430581 18.413485 106.996672 0.459112 85.894024 2623.200088
195 -1311.858491 0.600264 79.991086 0.757806 956.046528 1.746143 132.437017 0.417250 78.374732 19.336355 111.881472 0.463110 90.890105 2628.657151
195 -1309.783059 0.600039 79.993721 0.757875 952.761474 8.406380 168.275697 0.487911 68.406142 22.592989 103.727968 0.464594 89.973509 2624.548004
195 -1312.169390 0.600244 79.989668 0.762684 950.499413 8.883590 166.846363 0.291950 62.795500 22.072905 108.826709 0.458837 85.605920 2629.397024
195 -1310.885142 0.600292 79.993353 0.755940 948.501072 19.268536 192.281693 0.547378 77.523225 21.002937 117.421859 0.463095 87.865520 2626.822869
195 -1310.360358 0.600510 79.984631 0.756656 953.257701 2.946266 185.844794 0.242883 51.632543 19.780781 101.667064 0.455455 86.437970 2625.708412
195 -1317.842550 0.600773 79.943742 0.756231 957.395359 17.843649 277.144459 0.096010 57.410660 19.420207 108.000961 0.491898 85.755898 2640.606061
196 -1315.971072 0.600004 79.969934 0.756535 946.575263 9.172881 207.254804 0.424447 72.771504 19.845109 122.997532 0.537137 87.395934 2637.002847
196 -1313.120702 0.600941 79.976657 0.755143 942.613464 14.594702 195.390588 0.092253 66.150883 20.916770 101.744142 0.481851 85.389344 2631.382447
196 -1310.608561 0.600004 79.991080 0.756081 955.067898 13.508901 175.012902 0.555209 76.617430 21.944686 110.063375 0.563867 84.640407 2626.154071
196 -1312.664164 0.600832 79.971887 0.756930 956.554464 1.115529 141.645161 0.294030 58.284809 22.277629 105.122340 0.473756 93.030012 2630.241015
196 -1310.693128 0.600199 79.998049 0.756639 955.721719 22.208353 102.796383 0.456047 75.802986 18.555843 107.813683 0.455066 90.233276 2626.338547
196 -1313.887081 0.600129 79.982537 0.760297 951.066103 4.053510 152.042172 0.355924 56.770890 20.990260 113.711319 0.467660 89.615086 2632.800030
196 -1308.536469 0.600360 79.988847 0.755572 950.429028 6.205523 109.488248 0.114570 61.342892 22.289747 105.095173 0.500940 85.820810 2622.101416
196 -1313.422277 0.600391 79.966566 0.755516 947.670325 8.370657 259.626146 0.424182 79.285015 20.022377 125.767053 0.466154 85.423024 2631.903384
196 -1312.387205 0.600670 79.944289 0.756349 953.248468 8.191970 163.560014 0.283692 51.202814 21.083499 100.482849 0.471754 88.435578 2629.752202
196 -1316.666612 0.601034 79.998021 0.755152 961.939838 5.939445 250.804477 0.088847 64.586928 20.690307 113.193048 0.464568 88.014995 2638.176994
197 -1315.990832 0.600720 79.957676 0.755349 947.993419 3.573026 236.309086 0.460601 76.444680 20.197196 119.995903 0.585615 86.145742 2636.991709
197 -1313.171191 0.600687 79.968762 0.758466 946.801945 6.074742 147.991906 0.067747 59.598976 20.468681 100.351181 0.489701 88.815959 2631.419035
197 -1310.057866 0.600026 79.994236 0.755232 959.633410 1.292387 126.160185 0.005539 66.106840 22.568196 103.730915 0.531511 87.378810 2624.992363
197 -1311.673357 0.600344 79.990516 0.755965 951.169498 20.552304 139.286922 0.552827 67.672607 20.853506 112.826683 0.456893 90.833411 2628.354240
197 -1311.091501 0.600345 79.967821 0.755033 954.058971 1.967376 151.095083 0.229180 77.096799 18.164285 107.692169 0.458618 89.027278 2627.151486
197 -1315.147667 0.600158 79.987242 0.758281 955.711150 21.273242 166.724473 0.367460 63.459650 21.357273 119.490502 0.507229 89.037618 2635.243857
197 -1309.863482 0.600366 79.996608 0.755599 949.600426 6.786588 120.866878 0.325906 66.286990 21.654220 108.621324 0.522030 85.794274 2624.758150
197 -1312.592673 0.600135 79.992345 0.755877 948.224636 3.046201 228.467114 0.596941 76.415414 20.166705 131.732434 0.457216 87.052586 2630.230705
197 -1315.383843 0.600900 79.882157 0.756943 949.068631 2.268969 243.771149 0.152095 77.672581 21.981406 107.860835 0.462317 88.242092 2635.791349
197 -1311.644659 0.600562 79.994857 0.755555 957.594941 5.779121 221.602693 0.102627 54.202254 21.867215 101.061419 0.548775 87.620616 2628.171807
198 -1312.651273 0.600494 79.993540 0.756109 956.067281 13.869714 127.589028 0.278265 69.484478 19.674288 107.809275 0.498980 94.100609 2630.216305
198 -1314.284355 0.600066 79.993559 0.760311 943.341882 1.691484 194.148513 0.006548 64.351392 22.176895 109.557783 0.505422 87.759720 2633.697194
198 -1316.394480 0.600703 79.947954 0.756830 955.538018 13.980616 110.510277 0.463721 77.860222 20.299396 111.017020 0.534950 98.132074 2637.676416
198 -1308.614011 0.600175 79.997421 0.756556 951.647149 1.322848 112.710062 0.469017 61.742603 21.955337 101.501514 0.460245 88.748869 2622.233714
198 -1309.571800 0.600354 79.990939 0.755875 952.787412 21.481527 188.434922 0.094886 73.581824 19.102289 100.974224 0.464478 85.359419 2624.150379
198 -1311.152691 0.600172 79.990126 0.756797 952.370775 3.995988 209.093472 0.113816 66.850231 22.381283 109.854119 0.539358 87.592855 2627.275609
198 -1310.384593 0.600436 79.968622 0.757219 951.252948 4.410704 117.306366 0.095816 58.342084 21.983868 102.409944 0.510016 86.422371 2625.783503
198 -1313.122097 0.600064 79.998779 0.755905 950.657311 4.054781 231.430230 0.537699 77.538642 19.916551 133.511239 0.481028 86.935006 2631.252003
198 -1316.349060 0.600643 79.921062 0.761935 954.964199 17.683565 201.390742 0.082132 76.901323 22.004024 102.550018 0.479909 88.697426 2637.669703
198 -1315.056782 0.600226 79.972280 0.760005 951.299384 8.154040 150.672272 0.486835 66.732491 22.553139 110.129150 0.535958 91.451870 2635.098155
199 -1312.925361 0.600381 79.989144 0.758250 949.109327 9.611449 130.888206 0.371624 58.755321 20.541040 102.439433 0.512271 89.601847 2630.882743
199 -1312.965950 0.600245 79.986578 0.758233 943.424446 1.037298 154.833008 0.513679 59.824353 22.510909 100.762626 0.475078 86.847344 2631.058844
199 -1318.683785 0.600249 79.891066 0.761739 950.890567 4.700430 134.326940 0.437982 77.821162 21.922829 102.576110 0.510055 96.750989 2642.346328
199 -1309.109130 0.600078 79.998074 0.755362 948.370153 19.737381 108.959742 0.485075 58.179447 21.778811 103.623217 0.461278 87.504492 2623.278634
199 -1309.960020 0.600497 79.991032 0.755330 949.933551 18.196207 229.436112 0.043972 76.600723 19.088181 102.037593 0.468880 84.635094 2624.962568
199 -1311.377858 0.600036 79.993712 0.756752 947.735852 19.614888 237.937109 0.222307 72.183711 22.200257 102.121684 0.536191 86.109415 2627.804922
199 -1310.965765 0.600311 79.948902 0.755084 950.093364 9.525218 116.473024 0.272648 54.343759 21.941474 102.853816 0.520552 84.948091 2626.957795
199 -1315.614149 0.600076 79.958070 0.756327 949.556649 22.021340 203.183674 0.027115 73.353796 19.894456 127.664875 0.475050 88.255031 2636.285453
199 -1314.896732 0.600591 79.955779 0.760862 959.167021 7.745981 160.752920 0.212658 74.260956 20.952369 101.371776 0.454328 89.661334 2634.703452
199 -1312.337818 0.600581 79.986364 0.759768 956.521837 14.104856 130.730879 0.390289 70.069144 21.797842 106.756461 0.463661 88.653626 2629.625028
200 -1312.584984 0.600056 79.977685 0.759588 950.854406 5.318352 107.927401 0.199104 59.578861 19.433769 103.479060 0.476514 91.397107 2630.191770
200 -1309.084187 0.600312 79.991536 0.757077 945.460583 1.055335 179.175587 0.378501 65.552778 22.200504 100.125131 0.459676 84.640702 2623.271174
200 -1317.258360 0.600215 79.959735 0.758592 948.348365 10.266990 222.848205 0.019835 59.661607 17.924380 113.843421 0.469112 94.341414 2639.557265
200 -1308.745933 0.600099 79.998117 0.755588 948.589210 17.800988 130.675832 0.431410 61.126669 21.250275 101.640597 0.456289 87.682248 2622.549003
200 -1311.269891 0.600505 79.987742 0.755537 949.707617 15.855332 250.371045 0.049509 77.844496 18.762771 102.676643 0.483775 85.745699 2627.572748
200 -1312.482250 0.600339 79.985258 0.755672 955.434773 9.694129 209.134291 0.366517 69.576892 21.693224 111.879471 0.542956 86.162444 2629.892001
200 -1311.087104 0.600189 79.965114 0.755904 949.328952 7.949071 144.689974 0.124389 53.725299 21.186544 104.996790 0.498516 87.807492 2627.209855
200 -1313.232666 0.600176 79.993765 0.756320 953.163402 3.135712 221.153374 0.534271 74.868470 19.286673 125.972287 0.472371 85.853528 2631.444028
200 -1313.290756 0.600529 79.956601 0.756432 960.070812 1.461570 184.733859 0.061286 76.232787 20.778858 100.245905 0.493933 86.568915 2631.456946
200 -1315.669561 0.600225 79.974466 0.763523 958.164673 16.706001 126.869586 0.386094 68.199747 21.938728 109.992558 0.479166 87.667105 2636.280494
201 -1315.144958 0.600151 79.955070 0.760175 954.382848 11.561324 147.347285 0.115417 68.665339 19.636051 109.233812 0.490093 91.679186 2635.257720
201 -1312.678615 0.600515 79.958618 0.758606 947.856382 19.557504 208.283867 0.325924 72.137604 21.155598 104.137445 0.466953 85.546981 2630.434975
201 -1314.201906 0.600116 79.980080 0.756170 949.388157 11.271938 230.976781 0.296337 60.067101 19.854688 110.186911 0.482712 92.723659 2633.413074
201 -1307.801117 0.600146 79.996247 0.755580 951.137567 13.469042 101.093473 0.474335 58.005734 22.600122 100.668135 0.454534 87.198297 2620.623776
201 -1310.672690 0.600523 79.968662 0.755114 956.548164 1.017979 204.824757 0.595360 75.178726 20.265602 100.275911 0.505961 85.516671 2626.250726
201 -1311.957314 0.600128 79.997533 0.755192 957.277939 7.593102 232.983248 0.528641 76.472961 21.750826 114.063271 0.521882 86.655588 2628.807786
201 -1311.999191 0.600306 79.957460 0.755699 945.270180 16.255676 182.730565 0.091129 57.454218 21.400598 101.054224 0.495334 85.394088 2629.101088
201 -1315.819384 0.600057 79.997778 0.756126 947.476867 3.678994 260.368987 0.361581 70.802036 17.582042 128.905992 0.471019 88.838396 2636.689521
201 -1313.380832 0.600294 79.998084 0.755248 945.756615 18.054630 258.212686 0.277037 69.086203 19.458748 111.423604 0.523120 84.688831 2631.845473
201 -1313.894329 0.600471 79.997216 0.761343 957.810753 8.647253 146.242237 0.439861 68.071303 22.252664 108.110929 0.505334 88.212105 2632.709601
