1 -760920.793338 0.872837 34.272764 11.438714 372.515162 8.157990 595.676305 0.113158 67.108580 19.256800 184.426344 12.528449 87.793623 0.000000
1 -328965.937543 0.847183 50.970220 11.590621 393.155303 14.509459 495.349448 0.052171 54.763345 20.952700 202.736968 11.962051 98.283442 0.000000
1 -808842.254002 0.878381 65.341897 13.545903 384.019694 6.211577 454.107132 0.537708 51.966482 12.068864 175.940154 13.815677 90.334218 0.000000
1 -116740.948117 0.651922 67.947555 11.682202 326.159238 15.136042 604.554376 0.187034 54.714022 3.774020 482.848328 13.355207 110.594744 0.000000
1 -468254.819140 0.890578 69.743929 5.647784 789.778347 7.578927 394.573226 0.391236 77.867062 1.846198 266.848420 6.940864 106.875874 0.000000
1 -1201303.267598 0.884825 75.635947 6.774792 617.829580 2.174500 148.731465 0.256865 62.633966 17.329013 386.157981 2.992986 115.335883 0.000000
1 -704391.203885 0.724213 66.736068 9.872933 587.644600 7.963942 933.132807 0.254743 68.312336 20.105780 259.092995 7.791846 93.508462 0.000000
1 -61192.212428 0.865475 46.670995 19.862445 784.922809 14.179040 242.723894 0.192440 55.388378 2.080871 402.379458 10.118553 85.967564 0.000000
1 -9772.817095 0.619099 43.116543 11.657062 890.106237 21.426784 376.128607 0.229411 62.022175 10.882883 458.685790 13.321682 85.372747 0.000000
1 -672061.218557 0.649895 31.353582 13.831673 606.824212 11.119149 342.041782 0.081513 67.534436 2.932203 200.901417 5.763237 95.923269 0.000000
1 -21669.431807 0.851891 52.660922 8.666848 914.218622 19.360414 192.322214 0.163993 65.492128 5.555663 337.935253 8.785924 84.638801 -0.224617
1 -9487.980787 0.806262 79.392691 3.859412 989.176485 2.151378 334.056771 0.408543 73.457234 13.950428 427.229921 11.148233 100.913798 -0.224617
1 -1375841.570807 0.844064 51.308961 13.944215 514.318501 13.609235 797.457095 0.271693 72.537056 16.371643 148.365830 5.577273 99.895585 -0.224617
1 -25263.848630 0.651188 65.624493 9.482324 938.035290 15.025420 497.360725 0.156780 54.761127 3.218331 127.579739 12.128399 112.411807 -0.224617
1 -468254.819140 0.890578 69.743929 5.647784 789.778347 7.578927 394.573226 0.391236 77.867062 1.846198 266.848420 6.940864 106.875874 -0.224617
1 -158883.363907 0.889537 30.078246 14.316918 583.089304 15.088588 917.062543 0.389395 57.459712 9.475872 119.293689 11.272469 112.780435 -0.224617
1 -8655.078641 0.720061 71.186742 21.524690 927.649320 9.060015 724.509594 0.217422 68.626830 2.249975 335.155132 1.077984 87.296872 -0.224617
1 -353741.309067 0.630564 64.779377 11.901829 335.100174 6.498951 609.602064 0.328027 67.233220 9.029980 167.334410 12.047797 95.472410 -0.224617
1 -569941.974048 0.877268 52.764179 21.009900 814.567304 1.926702 153.960563 0.482314 76.579670 15.910399 331.462569 6.774513 114.343105 -0.224617
1 -221457.861341 0.632775 52.753339 5.236828 654.938206 7.573967 281.229999 0.200885 67.285246 7.330150 293.353758 6.889302 101.919142 -0.224617
1 -20480.843099 0.635803 42.070005 10.574205 751.992413 16.702446 287.191147 0.459547 53.306895 7.426832 239.144797 1.356504 99.321174 -0.634703
1 -93410.902160 0.713597 41.012653 2.326592 593.291220 5.451003 913.896553 0.451998 60.699707 7.503765 163.734454 2.136854 92.666758 -0.634703
1 -58605.630714 0.824530 46.640334 13.695452 671.925366 14.914385 789.888085 0.576444 71.536927 13.061233 238.169826 1.342498 107.429367 -0.634703
1 -39497.485780 0.792386 42.850922 5.544565 791.668685 2.836735 168.154961 0.300509 72.177866 20.397452 245.532953 2.883484 96.439121 -0.634703
1 -17645.585190 0.682907 70.011683 21.590740 922.532214 6.515857 846.189602 0.274962 67.927543 3.830033 369.609699 13.962499 92.521436 -0.634703
1 -53088.207906 0.690111 72.393748 8.581978 312.547998 5.607134 923.896342 0.133334 73.727510 19.662138 425.765414 9.982665 113.571372 -0.634703
1 -146515.683802 0.889735 54.982394 16.688188 476.350240 15.205360 959.804244 0.150856 70.898006 11.188649 294.374475 0.455160 97.009915 -0.634703
1 -1311687.343767 0.695643 38.871818 7.744745 447.832575 5.722912 867.098872 0.321137 70.671106 11.611376 184.082134 3.447136 108.403498 -0.634703
1 -124452.853650 0.813412 58.403434 18.751698 832.435998 21.952450 895.830143 0.435432 79.023263 15.376762 374.750998 5.684427 111.641920 -0.634703
1 -3296761.966617 0.888073 53.227037 3.264994 323.693502 1.433653 588.315323 0.346656 56.180978 19.107884 147.918755 2.373125 95.972214 -0.634703
1 -53596.149822 0.878166 44.108069 2.143604 914.211192 17.775397 842.408909 0.264426 67.225357 8.520790 119.318438 3.259382 102.886745 -0.698542
1 -93410.902160 0.713597 41.012653 2.326592 593.291220 5.451003 913.896553 0.451998 60.699707 7.503765 163.734454 2.136854 92.666758 -0.698542
1 -143764.522313 0.791510 69.307127 20.498501 306.870787 11.259976 832.793406 0.476961 70.711239 7.464377 475.855585 14.950417 108.284317 -0.698542
1 -247926.928015 0.722923 40.512782 16.577977 699.474751 15.488916 312.244677 0.578530 70.187910 17.559423 271.909510 11.622711 99.078960 -0.698542
1 -6459.181653 0.661030 72.143646 9.324194 968.187119 15.941145 769.240621 0.424747 56.188878 14.829087 135.630070 10.486530 85.858028 -0.698542
1 -76232.076200 0.717653 30.450233 13.077556 768.189650 1.752863 939.913280 0.363021 52.949544 11.963241 373.924174 4.860108 103.325876 -0.698542
1 -55406.082489 0.751669 71.124305 21.001200 761.413764 12.903556 766.556312 0.568944 53.070764 12.559175 491.513716 11.818974 95.052665 -0.698542
1 -16111.371960 0.815402 30.544538 17.852314 958.799595 4.503497 904.851100 0.041604 58.554731 15.663267 281.794762 14.148093 85.410558 -0.698542
1 -25762.867152 0.867928 37.593718 9.610476 951.839066 19.367528 606.575730 0.004031 74.959543 18.568160 288.211063 3.217754 102.786039 -0.698542
1 -135618.382740 0.868260 49.189607 3.729892 515.567620 6.673338 825.675593 0.092367 62.805335 11.169255 220.140982 5.455793 112.851981 -0.698542
1 -36088.637496 0.781472 42.635820 4.308761 600.017990 16.188719 445.458345 0.248210 64.580507 12.152279 488.177420 0.857237 104.441483 -0.757816
1 -85390.901553 0.717316 41.262419 2.668662 600.058541 5.087299 926.826314 0.458476 60.424813 7.263846 168.513061 2.048818 93.246477 -0.757816
1 -9216.268168 0.861591 47.493680 15.715614 953.766194 9.096704 872.863217 0.212707 53.143981 11.238373 485.793774 1.515298 105.329540 -0.757816
1 -42884.257679 0.742914 39.479548 4.777137 730.902152 20.477710 467.815332 0.010662 61.826992 18.664372 333.692341 4.184044 86.630901 -0.757816
1 -65897.972752 0.705150 46.082431 3.449734 911.340898 6.945660 722.149129 0.131004 69.596251 1.023788 154.362465 5.958030 114.418905 -0.757816
1 -11399.119536 0.702986 42.776990 2.597756 969.425955 19.461573 441.627715 0.163824 66.640350 21.423037 127.045654 10.465420 102.349728 -0.757816
1 -10850.018533 0.600090 53.779817 7.815638 889.352466 2.128778 325.881614 0.411809 74.379045 17.831714 442.145026 12.497677 92.240668 -0.757816
1 -11876.668036 0.650727 77.738125 9.494534 753.403083 15.460418 366.782131 0.044195 77.914211 9.670465 441.062259 1.995249 88.338322 -0.757816
1 -11653.776129 0.755820 78.929494 4.507095 880.686879 19.270068 518.333537 0.555001 71.719975 18.615943 237.988741 3.153675 103.492243 -0.757816
1 -166476.110932 0.603996 32.525051 5.638263 483.049494 5.225873 798.738848 0.371349 78.979269 3.337624 119.085220 14.438174 111.364667 -0.757816
1 -25463.729750 0.826361 42.864179 8.906999 920.527302 1.443359 537.958781 0.516023 79.362414 0.808114 236.558408 5.135303 95.888666 -0.931434
1 -39276.602076 0.896960 55.212721 12.615313 973.644562 9.681688 169.273536 0.588300 78.627539 21.492695 189.864583 7.150109 100.230815 -0.931434
1 -195958.155443 0.637482 77.319549 7.954128 364.637318 11.493424 983.676856 0.182274 64.487289 6.951383 326.784291 4.369992 111.073623 -0.931434
1 -12034.116251 0.896892 56.768753 14.622623 992.728577 6.429698 368.847676 0.029610 72.845977 13.944405 493.511470 2.578915 91.642053 -0.931434
1 -62597.425558 0.743263 40.411878 11.600404 764.219498 13.998134 462.596568 0.522999 66.744504 20.417819 346.732173 6.150141 98.491826 -0.931434
1 -116115.799645 0.798938 53.580717 12.141710 412.912098 17.781516 538.727046 0.324538 63.681023 11.769457 186.485162 7.193458 113.742532 -0.931434
1 -10322.309196 0.623808 55.131031 7.637961 904.984267 3.593865 278.668811 0.395352 72.454779 19.009714 491.470922 10.682705 91.315446 -0.931434
1 -13194.300560 0.892539 69.788625 4.129011 959.111307 7.209279 591.417251 0.281895 51.381539 15.414867 129.194456 1.689805 84.600916 -0.931434
1 -8408.328731 0.680241 48.692271 18.608114 839.923906 21.613521 630.128779 0.592383 77.299631 11.643455 479.512115 0.510480 86.980788 -0.931434
1 -299131.507807 0.628422 58.875145 3.066986 319.991631 12.605227 966.688936 0.032535 52.988033 19.572820 225.598549 0.537944 88.986418 -0.931434
1 -39258.068598 0.863059 31.865717 11.558578 785.205957 13.882595 901.133407 0.325217 50.392709 12.801438 482.618645 13.281602 87.028294 -1.023786
1 -70528.936107 0.854395 58.322330 9.053390 455.630324 3.234806 965.637027 0.128250 73.874259 2.940068 158.041224 8.283856 113.998661 -1.023786
1 -14966.917082 0.645081 47.377737 12.983991 976.115548 4.854582 539.077743 0.536711 58.920048 3.107828 281.983021 4.873908 112.040165 -1.023786
1 -118184.168514 0.803542 61.645917 13.651785 771.514815 1.192314 857.396880 0.534247 56.930274 17.045271 154.231996 9.811706 98.082088 -1.023786
1 -16849.524165 0.726780 65.860160 6.037734 862.009795 14.233845 862.431678 0.253965 62.162523 4.859988 355.870795 8.179964 95.077835 -1.023786
1 -47027.580239 0.753728 65.288337 17.460999 801.982228 13.381329 790.399552 0.166731 51.543410 11.372799 238.036778 8.237181 87.946784 -1.023786
1 -62124.909461 0.810405 52.233091 14.926915 818.835716 17.858843 639.895879 0.337520 55.472118 15.322204 295.513339 10.440542 98.636235 -1.023786
1 -37248.841953 0.899149 53.481182 11.600257 737.515229 0.983400 335.699301 0.307172 73.396106 21.686340 459.268946 0.854460 111.296433 -1.023786
1 -19380.065533 0.751217 70.085606 19.929135 903.665615 17.980970 225.207688 0.089936 56.760183 14.988340 458.420721 2.478964 110.233049 -1.023786
1 -16595.622729 0.763889 36.363349 5.621484 975.367359 9.810844 274.793806 0.413785 75.527589 2.599041 387.008081 8.417563 96.400832 -1.023786
1 -12202.504116 0.713091 74.453941 12.996937 899.055405 19.739871 542.341321 0.516280 55.167024 6.731508 152.251294 14.364389 86.105805 -1.275795
1 -101023.933735 0.871391 67.333893 13.304254 663.121704 13.083855 482.196981 0.344302 69.867114 14.186524 266.516190 1.749927 108.299898 -1.275795
1 -38702.945366 0.788528 39.196638 13.365355 863.642627 11.826802 946.900374 0.471168 50.527090 21.341803 495.024413 14.547011 106.154367 -1.275795
1 -173583.601945 0.614242 52.149727 16.883313 694.465635 12.112382 211.431743 0.467873 55.042919 13.554992 190.553969 5.019401 93.804941 -1.275795
1 -286922.735423 0.799574 59.584202 6.603437 446.328808 7.993551 266.973375 0.530099 61.847969 2.386307 142.993403 5.393118 110.349052 -1.275795
1 -7028.579965 0.704679 50.497229 8.429695 968.121235 2.270834 584.320374 0.047830 74.703413 9.697020 261.249453 1.032963 88.171589 -1.275795
1 -21303.470356 0.664228 42.950395 14.487493 951.733940 3.231587 582.405886 0.532210 58.394703 2.870241 296.439483 5.437107 112.267221 -1.275795
1 -12703.744202 0.746668 38.187084 2.166339 899.950670 19.512689 929.531252 0.512907 61.685463 4.068476 148.890870 14.687166 90.914762 -1.275795
1 -18862.361251 0.688869 62.241602 5.539407 990.552462 20.274732 721.371053 0.494597 53.261587 22.578479 419.776419 11.615475 104.972507 -1.275795
1 -14617.593002 0.774908 47.824091 3.713795 923.100266 9.152425 661.057861 0.056539 77.244432 2.877862 323.830901 3.252378 91.800906 -1.275795
1 -12202.504116 0.713091 74.453941 12.996937 899.055405 19.739871 542.341321 0.516280 55.167024 6.731508 152.251294 14.364389 86.105805 -1.378599
1 -64206.850511 0.881132 66.029032 12.649507 652.796651 13.987065 444.388608 0.302235 70.723042 12.680971 281.774715 0.898276 110.284737 -1.378599
1 -37742.818450 0.789255 39.147695 13.376798 858.481887 12.759723 938.757679 0.458199 51.294932 21.262667 499.844667 14.492217 105.323028 -1.378599
1 -97439.650069 0.680003 70.864887 8.198744 624.015395 8.234070 979.882826 0.303555 53.091099 22.363894 275.112518 3.210691 96.928315 -1.378599
1 -54677.033888 0.773703 74.789686 20.952122 875.553496 8.949211 114.239200 0.237263 55.044600 9.064544 157.310003 13.670127 92.609994 -1.378599
1 -9154.180613 0.744829 31.050744 16.972907 920.724503 14.663145 434.392160 0.428629 76.358709 1.179560 428.372212 2.012523 91.610908 -1.378599
1 -22415.471414 0.661892 43.785716 14.658296 938.316372 2.748058 625.666316 0.527718 57.788344 3.083381 289.672618 4.858945 112.101890 -1.378599
1 -9405.649532 0.761989 73.098135 8.883042 892.616168 18.382457 789.573256 0.080467 50.017462 15.499209 315.147763 3.673201 85.989892 -1.378599
1 -20342.786328 0.678150 42.012932 14.706675 852.884228 21.100918 426.439278 0.283809 73.102086 1.354441 388.767473 4.387580 96.343610 -1.378599
1 -20471.505701 0.726320 54.301168 4.811851 890.074647 17.822050 122.064367 0.392638 65.114702 18.137498 409.293838 14.675170 100.206678 -1.378599
1 -35920.781928 0.814457 79.102010 21.764552 920.218210 6.443394 360.230488 0.083843 68.950424 4.612797 256.654129 11.879928 93.670635 -1.457474
1 -4399.598147 0.610178 76.253031 12.512160 998.409758 1.309907 193.512605 0.343643 71.997525 17.385534 496.817420 2.300399 99.611269 -1.457474
1 -15778.452457 0.670741 32.630516 14.261130 939.488866 5.975208 546.219490 0.567448 65.260780 18.210807 194.549401 10.198412 96.316977 -1.457474
1 -5403.266896 0.603052 65.934313 3.442657 879.910332 10.116470 748.826446 0.234627 68.936429 16.906837 446.376882 1.069108 96.173580 -1.457474
1 -26640.289325 0.655138 46.235033 5.206650 882.301308 11.980311 266.320570 0.318524 74.962413 14.585439 429.311485 12.728915 106.784010 -1.457474
1 -9154.180613 0.744829 31.050744 16.972907 920.724503 14.663145 434.392160 0.428629 76.358709 1.179560 428.372212 2.012523 91.610908 -1.457474
1 -18604.853514 0.731147 45.198000 4.135753 856.967583 16.932059 689.209423 0.363934 53.558718 17.592422 229.720242 14.787264 87.390360 -1.457474
1 -5521.059703 0.649480 73.613811 11.049705 847.677647 20.655766 652.141911 0.595059 58.675555 3.935317 476.268548 0.908352 109.953394 -1.457474
1 -11924.559469 0.625552 68.364478 10.585090 992.145963 3.332735 543.445861 0.108735 56.097403 6.162323 435.997140 7.411917 110.053135 -1.457474
1 -63294.990595 0.794862 31.805722 14.176594 814.989811 17.939090 696.384025 0.287090 50.050090 2.037251 247.553035 14.319018 98.289013 -1.457474
1 -37763.393855 0.766115 63.302449 10.338802 816.606077 12.044898 156.310970 0.227462 67.554182 21.635493 100.406139 2.707160 109.936939 -1.632389
1 -4480.239735 0.609840 76.196669 12.451799 998.684290 1.419616 186.566075 0.343948 72.076295 17.449324 498.562198 2.395512 99.800548 -1.632389
1 -9076.109689 0.615032 58.934768 8.815644 935.520604 1.669105 637.813254 0.009868 63.263343 2.886822 362.946154 2.210155 111.071754 -1.632389
1 -111937.230135 0.601819 42.843192 21.885537 918.467119 21.607309 922.382445 0.170696 58.971410 12.163016 196.600555 9.193690 108.077904 -1.632389
1 -13543.526248 0.793783 62.233288 5.730476 854.905537 4.016866 651.171011 0.485549 76.591083 3.144703 443.698064 3.866681 89.934851 -1.632389
1 -41356.758637 0.877790 51.926279 9.166249 730.638713 10.211908 554.355579 0.058989 73.743136 13.872845 328.230792 1.072908 101.785424 -1.632389
1 -25180.645888 0.817526 51.824531 22.495695 953.993851 9.325446 953.140079 0.097314 69.347644 5.100959 270.115995 5.899506 96.391045 -1.632389
1 -25043.534595 0.792944 68.463830 3.750197 688.266016 7.456434 996.271758 0.417651 53.208410 22.361368 341.056234 0.884512 112.233249 -1.632389
1 -25046.662618 0.859118 47.188350 0.787778 893.188970 5.506731 795.312822 0.566020 52.976822 16.638056 175.632417 5.771039 88.325675 -1.632389
1 -124703.759460 0.853387 36.525366 4.354659 454.229539 9.795796 753.670538 0.250872 77.546438 17.356487 375.112704 6.454133 111.283932 -1.632389
1 -11166.458892 0.811552 75.565731 12.153784 959.170235 19.523964 940.898606 0.440419 61.026525 7.100126 266.559199 10.007208 100.073052 -1.797402
1 -18771.099778 0.678132 60.436043 13.284920 850.042917 20.048354 819.060761 0.271697 60.958480 12.643042 210.654529 10.063928 86.637628 -1.797402
1 -96344.307724 0.843233 54.372371 7.431717 766.284633 18.519787 359.326691 0.040078 55.042361 7.879950 396.863145 10.133346 95.673131 -1.797402
1 -45925.566854 0.660304 72.274063 10.022364 806.163993 1.699314 539.074734 0.344320 66.240449 1.953982 462.679718 13.230031 111.401566 -1.797402
1 -26376.573581 0.611487 51.112248 16.237940 895.166820 21.484846 469.380702 0.428473 50.286037 7.187692 284.630592 11.275443 101.483399 -1.797402
1 -26557.568658 0.659220 32.476699 17.980870 847.257073 14.023090 581.190747 0.295516 66.015867 6.061918 307.234973 12.338098 84.733235 -1.797402
1 -22395.225742 0.841506 56.245290 8.674620 937.732720 13.462790 184.594522 0.225587 52.442930 14.489212 314.578303 10.899628 93.345362 -1.797402
1 -18297.156352 0.878001 54.363706 6.090942 850.980118 7.097069 110.854141 0.016730 60.969828 18.118668 400.755317 0.704917 88.969688 -1.797402
1 -16595.329509 0.699572 72.858489 11.337180 881.769297 4.820927 943.683562 0.284308 56.130744 19.754815 486.426536 6.773907 105.428414 -1.797402
1 -136105.172340 0.895651 40.827364 6.907211 468.390062 11.525123 923.059514 0.276703 52.622036 16.570725 402.930494 5.355411 112.560777 -1.797402
1 -19480.210819 0.665322 74.947110 7.079502 905.915195 10.483417 935.191707 0.303153 74.258284 6.163829 373.077865 9.915722 109.513249 -1.912949
1 -42933.960687 0.718111 63.451227 5.757823 804.717964 15.636396 613.304546 0.281098 55.417654 20.304905 110.082855 6.895581 98.696668 -1.912949
1 -14058.759831 0.775899 69.528000 10.686898 927.679125 21.021922 262.046876 0.016474 51.552585 5.126933 304.279014 3.967745 100.529769 -1.912949
1 -15734.312108 0.692989 78.712176 2.993972 764.879693 20.476172 456.122315 0.389160 53.908374 5.643814 314.323065 6.674212 90.635751 -1.912949
1 -18828.765804 0.878623 57.418168 15.087799 946.111089 11.197989 797.901482 0.491041 67.106603 10.109516 453.888747 3.707886 110.629687 -1.912949
1 -31331.217154 0.673434 45.251631 6.982872 788.348159 17.257541 129.237193 0.510041 52.996907 19.902419 151.074462 9.028092 88.732164 -1.912949
1 -89120.941127 0.605830 76.316451 18.316022 772.547911 14.586933 434.141087 0.043372 67.838031 19.554297 333.602631 2.713763 108.922128 -1.912949
1 -35730.925734 0.838943 44.019860 6.255860 930.679527 19.746432 413.373415 0.270820 55.157634 21.580407 418.995689 9.401203 100.684882 -1.912949
1 -14653.126774 0.643982 34.018300 12.765248 985.304974 17.082222 679.501359 0.154184 63.093276 6.107788 477.844285 11.627235 106.702587 -1.912949
1 -11971.925856 0.714485 59.539543 4.156922 933.661642 5.534800 203.460671 0.452567 55.492563 16.777261 217.820449 4.763349 94.720533 -1.912949
1 -15043.723970 0.717385 76.874435 4.962753 918.824449 8.735398 737.049937 0.383189 70.659320 7.582300 224.935561 9.846231 106.148226 -2.024708
1 -6529.369587 0.821545 77.752331 16.442854 956.231624 7.885590 705.312310 0.217791 63.394139 5.003313 187.879380 0.749449 86.456221 -2.024708
1 -5461.637558 0.692286 61.285357 11.447963 965.837035 17.604158 813.488711 0.104846 69.138529 16.920460 124.520722 0.789837 91.310601 -2.024708
1 -18951.293093 0.692559 66.813268 7.871170 874.253228 18.798174 592.085351 0.475104 73.997970 19.028784 274.824285 12.564433 100.181195 -2.024708
1 -76484.578644 0.872037 42.978754 8.788461 379.964219 7.681634 830.820000 0.508586 52.443610 9.909339 185.702084 7.857507 112.230568 -2.024708
1 -12242.754425 0.814838 66.391500 20.699673 996.516171 11.610124 885.090985 0.080598 57.083581 8.854146 288.489142 3.073116 104.193961 -2.024708
1 -4693.164611 0.619971 68.961040 1.075361 879.494587 3.969175 187.917987 0.216511 57.275920 14.074336 166.307524 12.799216 101.014672 -2.024708
1 -13544.910959 0.765860 37.179036 6.538174 994.664622 10.922994 870.991081 0.325925 67.078513 14.309884 170.012739 13.883837 89.028863 -2.024708
1 -21890.651227 0.813698 32.889857 9.876515 756.849022 4.545846 994.545375 0.510718 51.625630 1.682945 250.497790 0.833498 97.329997 -2.024708
1 -8675.021457 0.701329 63.352693 13.734036 864.377901 1.806531 900.927751 0.250596 50.492160 3.525637 499.198928 2.013836 110.815635 -2.024708
1 -6455.476942 0.635104 76.759710 2.851234 982.941926 9.517695 324.128590 0.397271 78.694042 10.169125 371.152055 7.020627 109.109291 -2.149834
1 -9362.012019 0.710241 65.389854 4.800642 985.593434 20.928941 542.519913 0.294300 51.439948 21.494740 114.976646 6.711254 87.561477 -2.149834
1 -9677.129897 0.630907 42.230503 5.982406 972.035447 8.799259 549.166410 0.381427 68.495626 3.265113 335.455709 0.839429 113.231029 -2.149834
1 -10219.196630 0.687139 78.389803 3.086189 825.468233 14.946905 744.939271 0.385112 55.255279 15.795502 470.961422 4.592448 100.429773 -2.149834
1 -19694.867480 0.676157 57.549606 18.071961 987.924377 11.369924 591.918789 0.040870 65.110864 14.265482 447.110129 7.643402 111.707076 -2.149834
1 -29175.800016 0.803553 66.615277 21.959380 928.899183 1.666486 742.155944 0.110091 63.226196 16.865767 263.952233 3.343000 104.080509 -2.149834
1 -5385.821447 0.644120 75.372540 2.847668 926.341892 1.648373 139.870309 0.158686 54.528443 10.903149 109.339028 12.827007 96.982005 -2.149834
1 -89768.540188 0.759304 44.131322 2.422632 788.982208 22.429837 632.840065 0.205889 65.456469 11.817219 196.977690 11.346615 100.905998 -2.149834
1 -21678.799092 0.807738 35.299504 9.984905 747.058014 5.186201 971.866722 0.522849 52.188272 2.066653 259.020328 0.726214 98.236826 -2.149834
1 -11081.864777 0.658990 68.006725 11.444031 930.206203 15.906104 954.595512 0.448166 51.731926 10.652851 325.996273 13.529419 101.729985 -2.149834
1 -11712.087438 0.725493 79.649381 15.457775 845.838524 10.137306 755.707289 0.429611 54.120957 19.602183 230.394273 1.486732 87.727577 -2.278417
1 -6285.428277 0.606889 65.344411 17.112437 860.051010 3.339056 930.360305 0.512707 74.915058 12.856818 397.503810 0.697050 88.652145 -2.278417
1 -24260.197464 0.885032 38.526007 6.357604 741.527530 19.998919 429.028228 0.043483 50.361204 0.787535 463.696463 0.453843 94.538506 -2.278417
1 -38839.872731 0.620868 60.006719 11.198143 662.207081 12.522158 430.646093 0.009640 68.212183 4.142947 418.141961 2.817071 89.728522 -2.278417
1 -30601.164192 0.645349 45.026925 21.545270 803.422781 19.346684 936.025071 0.428808 50.437449 14.048446 482.059092 2.922230 99.800213 -2.278417
1 -24642.764592 0.614783 73.171829 17.847598 955.223345 18.947024 922.318109 0.109311 59.337705 4.900125 209.696828 7.364485 103.680496 -2.278417
1 -7428.626450 0.661586 44.768139 9.134049 951.066497 4.547175 472.603937 0.170506 73.953913 12.493905 408.145055 1.957763 92.252855 -2.278417
1 -8729.196270 0.734850 51.110735 3.240412 884.793766 19.614648 241.043475 0.143287 56.692271 9.800619 148.694797 0.702365 90.120156 -2.278417
1 -41909.902716 0.781732 71.042978 9.756766 713.965171 11.490349 112.060110 0.528061 60.551911 21.818643 330.744643 2.257107 102.185379 -2.278417
1 -8583.395924 0.770623 34.857495 16.263792 941.966710 6.282088 795.749048 0.377023 52.215454 6.728868 340.778358 1.341658 88.613739 -2.278417
1 -13972.233296 0.623533 46.237834 5.513336 936.700483 10.903052 952.200436 0.368255 63.879817 14.796883 405.534808 13.412686 89.135844 -2.405601
1 -3957.956414 0.607619 52.395151 0.963170 948.850961 14.287055 326.550397 0.318712 70.907193 3.101315 428.175470 3.871181 100.307798 -2.405601
1 -39496.734564 0.755061 33.898637 5.419292 899.828129 5.450002 242.109085 0.590206 56.795000 15.733001 206.948991 6.774645 107.457152 -2.405601
1 -20570.363105 0.869760 76.405272 10.679091 962.601368 16.511583 516.395776 0.535825 79.971230 14.453469 378.220520 8.321332 107.514466 -2.405601
1 -4818.192262 0.689709 55.977519 1.443655 948.167615 4.272779 898.257840 0.388667 53.016238 16.004551 310.661941 3.849609 89.440293 -2.405601
1 -19995.686913 0.753471 43.334899 15.169406 866.385408 17.927467 311.222863 0.290871 70.362516 7.034430 350.258204 10.279409 85.304432 -2.405601
1 -5269.998047 0.647283 66.709487 0.792424 784.344811 7.071850 606.264922 0.453231 78.456216 21.041318 389.125007 0.829290 108.434279 -2.405601
1 -6775.071304 0.627461 64.593304 11.969772 993.035709 7.695316 415.819150 0.344264 73.918177 8.197748 325.664330 3.620011 98.389007 -2.405601
1 -7888.433917 0.622483 76.611534 4.101982 941.065533 8.375764 263.482251 0.404639 66.192583 14.766800 402.448493 11.168717 86.851890 -2.405601
1 -26861.472905 0.654812 62.135859 19.181158 893.291421 18.102391 631.059865 0.595385 77.420075 2.494945 120.465808 13.497549 88.003249 -2.405601
1 -11737.879851 0.748356 77.240615 2.198335 835.116906 0.952178 655.591219 0.256852 65.194757 2.066655 125.347361 3.208875 96.910238 -2.494197
1 -11364.209160 0.792627 71.596904 14.974173 956.027196 14.652365 793.634393 0.058674 68.955407 3.925845 195.424664 11.689459 90.213046 -2.494197
1 -7189.705023 0.850813 78.699950 3.913409 992.381059 16.768191 258.686214 0.287144 66.181111 19.580927 253.927200 2.458914 90.407439 -2.494197
1 -10752.327271 0.748749 77.483375 9.924073 928.121213 20.283423 569.023590 0.560329 75.483569 6.189069 296.130352 7.162270 100.131507 -2.494197
1 -23700.386332 0.859381 30.474081 22.469035 976.066868 8.701205 306.729506 0.268168 74.267664 12.883829 388.988201 7.352755 93.556280 -2.494197
1 -9448.188887 0.603486 31.357286 11.561187 976.330973 9.200674 422.010733 0.440505 65.815864 8.728205 176.987716 14.488960 96.514691 -2.494197
1 -9514.307905 0.777761 62.740750 9.018909 875.442647 18.152084 284.119411 0.452844 53.105740 2.887875 247.467258 0.704144 88.430821 -2.494197
1 -3969.051915 0.603575 68.641554 1.856054 958.405868 13.138651 380.180322 0.179845 55.731559 17.887024 470.729315 6.319371 88.847457 -2.494197
1 -13687.888919 0.601433 68.937230 16.972951 942.639210 5.892617 751.818652 0.014824 68.997639 3.701677 195.854877 9.463041 89.775992 -2.494197
1 -9799.612377 0.607823 39.927272 6.716055 936.554079 21.320646 254.170839 0.259797 50.862024 15.558307 378.932990 11.435324 87.492652 -2.494197
1 -13864.355547 0.824954 75.782240 17.135124 980.573683 20.177451 680.790290 0.278643 66.898665 6.815091 362.613813 9.204270 104.638737 -2.583023
1 -7850.222149 0.651782 45.441838 7.956059 929.390949 12.439680 369.916725 0.508437 55.492986 9.671967 162.925712 1.595690 90.793166 -2.583023
1 -10638.758208 0.755018 34.686194 4.364394 984.551527 1.582977 863.032354 0.545775 69.162132 9.753894 144.461574 2.464303 97.026413 -2.583023
1 -15782.508612 0.753152 35.674436 15.480333 925.912013 1.976256 540.725205 0.540235 59.511510 2.559270 420.724393 13.324400 99.433273 -2.583023
1 -12882.343273 0.837933 35.781094 1.756063 976.560858 3.674683 210.626360 0.332024 67.973340 19.257227 261.004821 4.464302 90.333746 -2.583023
1 -4446.809148 0.628113 40.539296 1.145369 990.868880 2.459209 373.261104 0.216246 51.419853 3.115988 374.022409 10.263567 99.215942 -2.583023
1 -9022.808174 0.724588 42.645218 2.295847 986.371845 19.892505 170.332009 0.302481 69.168907 17.365567 100.201468 6.195615 96.960424 -2.583023
1 -10721.411243 0.621157 75.757333 12.915174 796.258895 20.002151 937.568884 0.092529 56.166861 6.968099 292.956559 1.499234 94.387221 -2.583023
1 -16500.168118 0.763075 48.572234 4.035980 817.228838 18.682159 919.272112 0.555150 75.133811 3.291528 469.544208 13.640756 89.118273 -2.583023
1 -11248.468680 0.872329 75.509973 9.862413 902.608030 1.896898 705.804715 0.110989 57.693113 21.782957 221.667923 0.788573 114.583845 -2.583023
1 -15669.149862 0.759350 30.108968 13.385480 930.408135 18.023746 691.859684 0.268804 59.207853 8.494460 323.433457 10.152322 94.093570 -2.687610
1 -7904.885785 0.625334 50.563349 14.117305 940.008130 3.961034 556.717965 0.245909 57.321653 3.633961 168.159516 1.158240 105.961367 -2.687610
1 -5444.788312 0.819902 79.596118 12.849962 982.899000 1.686677 788.862589 0.594519 79.391973 6.703571 403.703914 4.581393 98.165112 -2.687610
1 -14839.810425 0.779578 35.847331 12.334666 892.423019 6.458161 634.328430 0.486592 63.643528 2.401969 490.769227 13.045745 95.967038 -2.687610
1 -17754.377532 0.720734 55.110455 3.089688 834.036142 10.068183 397.235522 0.076639 54.693875 21.959196 450.959448 7.299189 90.218703 -2.687610
1 -16587.926828 0.635538 55.034075 12.494959 723.314380 17.060488 708.838478 0.077627 54.389975 13.219491 425.912223 1.050800 95.695712 -2.687610
1 -12593.111930 0.869606 57.906307 13.578025 978.825265 4.548026 794.681827 0.152913 69.843077 8.032428 280.195359 2.499205 95.964115 -2.687610
1 -6771.967221 0.717567 71.612277 1.110917 936.910923 22.520891 788.987565 0.582749 63.121329 0.831716 250.614185 14.660195 114.463030 -2.687610
1 -18299.884188 0.695883 45.080209 1.949411 750.298148 3.241787 899.800715 0.504395 68.255745 3.644829 469.938303 14.777122 91.519612 -2.687610
1 -15150.514194 0.682264 31.858303 7.190087 948.677922 21.573019 152.544495 0.470036 74.020747 3.297429 466.664772 11.869693 96.383445 -2.687610
1 -4932.582403 0.637768 66.444171 2.319946 882.394575 7.629965 472.371077 0.554128 60.271192 10.359446 220.846730 1.612676 91.932893 -2.796772
1 -12414.419538 0.747276 63.653547 5.319878 946.022238 4.957426 452.138086 0.257298 59.164409 12.081568 195.652702 5.513358 92.164241 -2.796772
1 -17674.677422 0.644048 49.768982 11.068222 705.552542 22.313603 214.970058 0.528474 52.473056 13.306660 395.917254 0.517973 107.535039 -2.796772
1 -19555.543840 0.750629 51.659912 12.000499 882.300857 12.456776 599.985052 0.372435 64.325388 3.178280 193.506674 14.498383 89.588799 -2.796772
1 -6897.883026 0.685473 30.102366 2.669646 989.453778 13.745981 970.808543 0.048320 58.681981 13.937602 178.485206 8.845356 95.301679 -2.796772
1 -27905.431166 0.783736 74.265902 8.903541 774.228305 21.561103 568.451405 0.347033 60.643043 17.320888 341.406055 4.748560 89.568768 -2.796772
1 -19297.152409 0.648713 63.850059 18.845717 795.342367 20.227734 306.499262 0.284842 51.335832 20.690410 475.697327 1.646794 85.302828 -2.796772
1 -12549.115536 0.667941 53.073396 3.658487 931.872075 20.802903 591.168146 0.381007 63.102973 12.766006 144.114088 13.155739 97.827054 -2.796772
1 -4805.435783 0.604848 50.104023 12.945362 898.389748 14.193316 980.280363 0.191308 69.868937 1.410290 436.904036 0.482871 97.215602 -2.796772
1 -10079.196521 0.809496 56.746488 14.904194 999.631868 9.413132 123.914255 0.229450 54.418158 10.459413 372.112265 10.029910 87.668113 -2.796772
1 -14638.912290 0.787171 70.912766 10.043109 953.818397 18.674308 664.347677 0.263402 72.628545 4.861697 158.950220 11.231614 99.627891 -2.927594
1 -9994.848682 0.701265 52.072435 7.295913 966.163747 4.386378 570.800711 0.204883 63.158013 7.842962 438.470635 2.805323 84.896251 -2.927594
1 -11797.027156 0.722354 72.108213 5.710646 873.226638 11.836088 166.760906 0.175158 66.818976 16.534280 447.156001 8.728364 91.717725 -2.927594
1 -20731.639643 0.779001 67.179003 7.384255 838.887144 0.904569 552.943927 0.295674 60.741405 3.047588 215.162257 7.050815 85.009819 -2.927594
1 -5583.909599 0.619393 49.379569 1.849909 966.344466 7.157546 753.753948 0.136428 65.991331 17.905461 346.283039 5.677087 102.078120 -2.927594
1 -11609.419752 0.688831 78.618147 5.234933 873.882894 5.600027 215.919733 0.507723 77.668772 12.997385 486.459349 7.953711 104.056480 -2.927594
1 -19753.830218 0.613776 45.182124 22.516248 851.659482 22.476878 243.907691 0.520065 64.711345 5.608956 380.077189 1.377728 105.979948 -2.927594
1 -16658.732936 0.795099 46.311643 0.983026 861.642712 19.414136 737.864944 0.050174 57.193554 21.496264 312.255478 6.399563 88.258324 -2.927594
1 -5739.984030 0.626969 46.406198 12.949637 897.089907 16.396109 955.577203 0.042832 64.940545 2.806153 423.063638 0.854061 91.701519 -2.927594
1 -11317.301119 0.792692 45.288091 2.677077 972.571753 14.431582 368.417027 0.039053 55.724327 1.269988 333.892788 2.385787 93.186803 -2.927594
1 -27170.922714 0.760635 76.279617 19.040029 959.513542 8.727032 140.427540 0.230554 72.177837 21.049703 161.154712 12.690257 100.429159 -3.047741
1 -11942.539816 0.605267 75.488281 8.014555 903.234196 13.514292 294.914972 0.386407 51.460458 4.833381 427.693151 4.673726 108.684165 -3.047741
1 -5558.127379 0.609682 37.152085 1.072673 937.414747 10.251033 580.940639 0.172923 66.545533 7.769867 213.469413 4.924508 113.293915 -3.047741
1 -15167.294437 0.681853 43.848431 7.685619 851.582408 5.505837 664.781581 0.011786 56.709394 19.466471 357.538883 3.378317 91.636541 -3.047741
1 -12115.946244 0.748642 40.699312 8.983093 930.082562 15.891660 563.292837 0.457462 73.281620 10.728359 428.286719 14.331192 90.559548 -3.047741
1 -7968.534234 0.691988 35.590256 12.574936 971.695285 10.454549 443.590129 0.492851 53.578965 1.803442 303.247076 1.629721 114.551329 -3.047741
1 -10270.333512 0.699265 71.281186 6.078811 827.184704 6.166503 128.274196 0.257766 65.584219 11.550944 460.813484 2.298580 98.939712 -3.047741
1 -7074.063604 0.894073 79.996890 13.875892 987.849760 5.645695 211.352892 0.145492 75.065796 5.832163 480.439025 2.948656 88.057825 -3.047741
1 -13100.117434 0.677064 45.393269 18.452028 936.563847 3.414890 839.985719 0.483544 64.928751 21.263563 412.398116 4.970491 92.058466 -3.047741
1 -9303.778170 0.711694 41.774328 3.410439 962.194971 14.469548 515.407579 0.026599 56.947716 6.428281 321.765436 2.141792 94.284671 -3.047741
1 -12987.140330 0.633149 76.303208 5.574429 726.313098 18.696189 708.287567 0.322589 62.141899 12.820431 422.208164 1.901418 101.225342 -3.193195
1 -22981.991231 0.774837 56.768030 9.537754 872.267145 17.848459 964.276402 0.218630 66.928309 11.282008 274.335352 3.734229 101.697905 -3.193195
1 -10310.213980 0.688369 75.325096 16.884561 965.888197 5.433847 548.503154 0.296211 55.564902 14.356323 460.295196 6.147785 100.170383 -3.193195
1 -9354.406645 0.689285 54.687346 11.939246 951.657188 16.100486 491.267545 0.305149 76.483553 8.900577 391.919736 11.160978 91.736218 -3.193195
1 -14005.647391 0.870671 30.454472 1.769506 957.617551 12.411325 469.277983 0.042531 60.104775 18.435392 262.880861 1.574252 103.756191 -3.193195
1 -3225.772864 0.690694 74.598099 1.201760 955.591487 4.739566 390.896344 0.142151 73.746710 19.675627 101.521075 10.806373 104.730673 -3.193195
1 -26680.685097 0.780450 32.219186 13.064015 809.303418 17.373304 313.579530 0.370261 61.623060 10.525349 487.300905 13.869291 94.196542 -3.193195
1 -11517.112938 0.848262 34.804812 19.627373 998.573304 22.456310 983.470055 0.134408 63.106012 7.509618 398.512793 4.870439 87.306235 -3.193195
1 -11941.974945 0.837388 55.593390 17.844831 989.594316 4.947004 696.472903 0.192087 61.697204 18.032917 307.826193 4.063712 85.702192 -3.193195
1 -24679.876686 0.621823 61.286305 7.581564 833.861469 17.339241 431.291036 0.186717 61.261033 4.915155 283.992114 11.915060 101.032304 -3.193195
1 -8046.874591 0.649156 71.919312 8.741373 891.737557 14.021899 477.598304 0.470284 62.540218 14.123764 376.576000 6.343810 87.486488 -3.309148
1 -16022.856560 0.729006 59.733838 17.422227 973.105035 5.557358 931.467147 0.342766 58.769590 1.641465 177.697478 4.857022 103.628484 -3.309148
1 -11056.296100 0.751862 73.646131 3.106192 896.979251 13.761545 501.834716 0.037829 63.130194 10.732136 188.434334 12.511000 94.420329 -3.309148
1 -16839.385165 0.880417 35.597192 1.270133 921.975343 17.736159 475.583032 0.184929 67.252124 3.538143 468.454437 1.483144 110.967906 -3.309148
1 -12551.061493 0.646514 54.618756 10.408573 891.711829 16.051663 659.516637 0.015094 69.080921 4.036709 193.236501 9.552528 85.552269 -3.309148
1 -7656.481051 0.728139 75.912786 7.471274 988.229463 19.846592 163.526071 0.377114 72.819414 22.114127 120.940463 12.170946 93.005811 -3.309148
1 -8664.132136 0.707120 51.405900 9.638880 860.881621 14.820929 439.184225 0.470234 69.996463 4.751765 302.357285 0.731493 87.124816 -3.309148
1 -14151.183729 0.632196 58.663340 5.657224 981.971602 3.989816 921.535012 0.339177 72.238448 14.822455 308.252749 6.488240 102.615024 -3.309148
1 -9878.534564 0.761926 47.695883 12.801007 942.370422 12.881949 342.885291 0.203868 56.935491 3.642507 215.610831 1.291234 102.160416 -3.309148
1 -6504.034891 0.713167 35.841320 2.312137 874.333783 22.516287 327.211040 0.599817 52.468702 12.778782 337.557976 0.692187 86.671115 -3.309148
1 -15516.553004 0.629997 61.274330 13.804409 898.689190 18.747554 149.760006 0.014012 72.722702 3.953243 239.048214 12.359310 91.198532 -3.417820
1 -3631.212335 0.730763 72.246849 1.582547 990.318796 22.594519 779.536606 0.501076 63.521827 18.816850 248.150358 10.819174 93.189768 -3.417820
1 -10446.711765 0.703877 55.038637 19.734273 942.955751 3.641680 276.775031 0.414663 78.921002 9.315674 448.317614 14.532854 85.624777 -3.417820
1 -7927.391738 0.717852 72.615247 6.893667 939.525582 9.268209 619.553183 0.191602 74.263832 19.151232 336.047411 10.424619 85.751638 -3.417820
1 -14819.902387 0.657404 40.831609 3.842690 828.960975 5.398291 549.325470 0.581121 71.060579 6.739260 325.992079 13.055760 89.920131 -3.417820
1 -11324.567705 0.796614 34.250006 16.980835 998.152180 12.057831 688.475532 0.265442 59.556113 1.061872 326.126533 8.937820 88.389326 -3.417820
1 -8413.986102 0.694827 68.801351 5.757042 885.529911 20.953475 253.470769 0.409079 58.654274 3.012786 175.700226 2.494910 84.909622 -3.417820
1 -15422.712919 0.750727 32.507102 14.670219 861.073898 17.544849 706.916114 0.017626 74.290842 15.590452 357.690447 1.169633 107.531337 -3.417820
1 -14376.418117 0.635868 37.161185 16.562661 930.912649 6.155062 100.386743 0.206673 75.455323 20.605341 256.424206 2.526201 96.285573 -3.417820
1 -6504.034891 0.713167 35.841320 2.312137 874.333783 22.516287 327.211040 0.599817 52.468702 12.778782 337.557976 0.692187 86.671115 -3.417820
1 -11607.467027 0.830432 59.286569 17.482931 960.165257 16.193588 818.590587 0.528703 68.726560 9.184838 369.846044 5.647021 91.704241 -3.524253
1 -8793.655905 0.679968 77.710609 20.701473 918.552113 16.157866 854.963442 0.526025 61.455898 18.549895 340.403565 1.236283 85.559876 -3.524253
1 -10039.358531 0.866717 45.133774 0.881349 913.876369 22.170520 927.621235 0.142754 72.828795 17.617720 305.784663 0.696604 100.705236 -3.524253
1 -15487.306567 0.741471 61.218057 10.980430 765.883466 21.736145 950.855067 0.187509 70.545941 18.725660 172.043487 0.748830 94.376825 -3.524253
1 -2040.406548 0.605169 72.865649 1.066950 990.779001 13.455930 550.407929 0.041590 54.170942 6.688382 113.066158 5.085240 97.640406 -3.524253
1 -9588.658116 0.700783 78.738181 10.211599 945.629066 2.178680 207.336152 0.396547 54.276551 16.012825 311.828683 9.933458 100.235937 -3.524253
1 -10099.258673 0.678623 59.649170 2.694660 975.773936 1.021968 825.977393 0.005097 71.381459 17.075505 368.702404 10.908053 104.564377 -3.524253
1 -19053.633364 0.711604 72.196375 18.278116 968.518546 5.803560 555.914118 0.544954 69.407727 19.420440 303.136792 7.058410 103.501150 -3.524253
1 -9603.206532 0.711964 59.111589 8.949563 983.397311 3.663100 145.928696 0.234514 50.596549 12.757439 281.606832 6.132063 91.032497 -3.524253
1 -11749.255257 0.637920 59.687835 15.272921 975.724541 5.014718 369.431940 0.065068 59.805387 9.169151 419.512824 7.089543 103.120661 -3.524253
1 -9132.744673 0.603185 66.028678 8.046746 872.642150 17.186678 166.025814 0.275834 67.821883 20.874346 346.788830 1.766963 111.810782 -3.679315
1 -8274.396489 0.828726 79.809577 19.037930 989.670441 22.006995 115.465874 0.180179 67.986610 2.751050 421.651773 5.046790 87.187503 -3.679315
1 -13412.311129 0.751264 45.410841 10.040496 983.055860 13.929638 512.969024 0.481515 51.461405 21.697896 483.215648 6.754709 104.823177 -3.679315
1 -3893.829102 0.640118 75.962621 2.542529 992.829243 12.585005 510.340421 0.044029 54.094567 6.875386 111.913203 4.535343 96.487392 -3.679315
1 -7715.098168 0.616969 77.881567 11.724141 878.787496 12.972714 297.765334 0.471263 60.723096 22.274483 499.392076 12.301538 87.481177 -3.679315
1 -2876.492923 0.660200 76.507480 1.697707 994.807671 6.864665 305.606068 0.000174 53.587832 3.327142 252.614906 5.303199 92.721994 -3.679315
1 -11353.807854 0.658158 39.256005 11.757392 912.551584 19.266112 963.682747 0.241180 66.629680 5.039195 367.599384 4.334536 95.061516 -3.679315
1 -16746.149615 0.832908 64.285705 18.099879 998.806120 13.535077 748.377956 0.095433 67.980600 16.182987 267.832508 10.794295 101.255322 -3.679315
1 -10550.549650 0.845860 66.077741 21.731137 943.316072 10.320708 568.400794 0.350127 62.139770 3.218407 350.465569 1.620196 85.934938 -3.679315
1 -11165.359537 0.636075 61.166153 14.982980 980.714879 6.272820 320.670657 0.046772 60.434836 9.118837 427.176465 7.458437 103.255508 -3.679315
1 -13906.449220 0.763562 77.427386 16.711002 983.625668 1.606313 812.895829 0.158454 52.133963 8.687401 353.567286 8.287140 107.640402 -3.832323
1 -5387.280241 0.691426 69.066705 2.253118 984.681198 14.512309 114.596206 0.180906 54.810597 1.437392 335.223969 5.256039 85.617280 -3.832323
1 -12518.289325 0.731076 77.768873 8.250882 888.206966 17.709177 870.217881 0.168696 60.565483 12.025220 235.300905 8.322534 96.221274 -3.832323
1 -8558.294934 0.780109 69.112368 7.307297 907.515751 7.967371 743.335675 0.317245 60.067099 9.901723 381.546225 2.881157 85.632317 -3.832323
1 -11866.961111 0.714739 77.987696 15.888151 956.136800 16.062869 912.710023 0.480939 75.508173 18.682975 343.454261 12.351950 103.056693 -3.832323
1 -4984.159309 0.695827 78.033325 3.329753 990.053825 6.632509 993.413499 0.553743 71.269995 2.016293 188.065429 3.716920 93.097036 -3.832323
1 -3651.439677 0.672988 76.454832 2.604342 931.373218 1.148913 730.295725 0.417390 57.962164 4.494804 146.815260 1.967795 88.772730 -3.832323
1 -9300.700932 0.676358 69.158650 1.452929 874.985496 13.328870 936.922737 0.063112 50.368473 2.778263 319.975337 11.582690 105.149598 -3.832323
1 -6771.815955 0.761334 37.953494 12.841119 977.750522 9.388605 446.110953 0.095059 74.300116 15.801632 359.331302 0.635985 103.495183 -3.832323
1 -19922.193071 0.787196 41.301266 10.512196 969.460361 20.014462 440.557856 0.333049 78.409707 12.804544 163.914777 11.595911 101.385481 -3.832323
1 -6268.955256 0.713359 53.301950 1.331085 961.935933 17.158934 769.991956 0.296348 57.673389 11.849568 346.547690 9.922484 99.439741 -3.977468
1 -9983.711549 0.638513 31.791000 18.316764 930.196714 6.553383 718.066130 0.465079 65.567802 21.773101 282.017832 0.485053 87.703364 -3.977468
1 -8895.103323 0.615612 32.028039 4.538281 945.885653 18.720577 377.628369 0.332305 53.984488 8.191399 143.309786 5.016051 96.491409 -3.977468
1 -10059.944182 0.828155 51.072671 14.803507 941.613760 18.129886 521.227487 0.290228 65.729238 16.428712 460.942620 1.829815 100.794989 -3.977468
1 -18074.054511 0.616524 31.038042 12.897436 805.546186 4.250980 224.263443 0.304656 53.012185 13.622921 374.313913 2.880343 86.766679 -3.977468
1 -6384.842226 0.639103 78.664396 5.679144 934.066675 4.705916 990.389002 0.436405 67.012983 0.785892 267.390633 14.604109 89.144747 -3.977468
1 -6347.441777 0.675514 63.114769 16.157283 880.313590 8.589083 890.416023 0.390799 69.908437 3.468397 378.659095 1.021499 89.784685 -3.977468
1 -5624.816842 0.609326 59.556547 1.742742 928.609241 13.012452 820.790683 0.171298 65.438647 0.812304 290.816301 12.332826 103.655156 -3.977468
1 -13682.622615 0.881984 65.030225 10.043624 982.688959 20.803491 701.215967 0.294308 78.536809 6.151874 162.799652 2.743173 89.412658 -3.977468
1 -8430.824222 0.680462 42.866849 11.790291 977.806800 4.284496 927.145596 0.102008 66.670957 9.530972 151.554099 4.517977 85.390066 -3.977468
1 -11018.472747 0.690283 60.888645 21.915255 990.932316 15.471755 128.620967 0.133083 75.466520 15.364700 468.155833 4.288452 87.339110 -4.149446
1 -9256.475027 0.792398 45.884635 15.707674 945.058560 11.904987 672.065175 0.288751 52.187760 22.041380 409.396696 1.798381 86.746512 -4.149446
1 -4915.277836 0.723823 32.379202 1.803104 958.754788 4.215185 719.354431 0.048842 60.757126 15.016138 335.708957 0.976501 96.615439 -4.149446
1 -5824.803137 0.639146 68.852269 17.016191 949.212253 1.700450 888.783093 0.405679 61.636245 15.242825 488.771326 3.285379 92.000211 -4.149446
1 -15520.398898 0.732993 31.125991 19.599095 927.949980 1.656147 623.040049 0.087223 59.992833 8.439941 270.895235 1.680534 99.847268 -4.149446
1 -8666.042504 0.808251 54.805127 14.760605 966.702829 6.019778 715.749997 0.290037 67.621579 14.880303 473.404378 3.883457 88.464168 -4.149446
1 -5537.193936 0.663585 61.438786 17.878476 907.609756 8.753161 999.820734 0.427739 73.522574 4.466998 347.760021 0.607822 89.933253 -4.149446
1 -7009.393403 0.646824 64.165823 2.597855 927.414502 14.421496 637.827162 0.303103 63.651620 8.803678 320.763756 9.468730 94.642269 -4.149446
1 -8534.656676 0.635785 51.531404 9.763802 960.996740 7.847858 503.371622 0.306287 79.280766 9.518455 256.058975 4.456284 89.815662 -4.149446
1 -35056.633816 0.673601 62.520892 10.505433 848.163663 16.382796 692.691854 0.588059 71.945313 20.216953 238.537117 6.030028 106.274113 -4.149446
1 -14185.864783 0.649838 32.351865 17.524088 923.831817 11.338351 825.458148 0.120280 76.752513 14.156959 336.241933 2.156860 107.209892 -4.345804
1 -4443.190997 0.722898 62.135842 1.035296 951.504144 21.386515 795.662007 0.366119 73.808649 18.818961 132.019224 3.582851 93.351205 -4.345804
1 -11617.686830 0.802490 38.241629 2.791084 989.377295 16.866738 124.845978 0.076174 63.893696 9.944070 158.938013 13.253480 85.469593 -4.345804
1 -9297.319160 0.730648 43.177112 1.274421 907.374333 6.918987 629.064439 0.176970 72.369879 12.409842 227.349480 6.088354 92.183350 -4.345804
1 -4808.467578 0.696818 65.710554 2.695959 921.830070 19.162127 763.530861 0.331320 71.902142 13.623903 105.685386 0.631815 86.640284 -4.345804
1 -9566.238274 0.616526 38.609665 5.075343 991.711004 7.482441 737.351583 0.183333 54.841941 22.381808 192.304360 4.111898 91.538296 -4.345804
1 -9194.939255 0.747533 49.326867 1.792928 926.737114 13.817302 107.098809 0.307758 76.767637 4.665600 161.066048 11.310724 84.763524 -4.345804
1 -9172.795752 0.683038 73.676512 12.135875 933.317906 8.237506 163.118456 0.468260 68.661877 3.285885 130.107927 4.310028 86.620086 -4.345804
1 -7806.329468 0.706266 76.004798 10.588234 999.294303 1.473661 729.259471 0.182415 58.956101 2.623858 384.605306 8.128856 105.383375 -4.345804
1 -2031.452901 0.618869 77.129592 1.216761 960.713026 6.523601 554.784717 0.253717 66.341686 19.915941 301.942386 11.095104 87.797750 -4.345804
1 -8582.333708 0.609188 78.524502 18.947817 997.690816 12.900456 314.633229 0.545928 59.289944 4.220464 222.941993 1.562587 107.084180 -4.644090
1 -9915.570445 0.601887 53.036523 11.081626 949.676591 19.511618 924.293167 0.439365 57.436852 19.874538 162.484904 3.340958 103.151583 -4.644090
1 -6752.451971 0.613393 70.065575 5.667528 872.833739 4.733300 276.909806 0.472456 51.108326 15.864063 248.830001 2.182528 87.565531 -4.644090
1 -11523.663756 0.774700 79.806072 10.149634 877.063243 20.795175 619.379431 0.060085 66.708863 21.681378 412.124439 11.759431 89.608584 -4.644090
1 -19453.856586 0.638178 65.957797 2.635069 733.439663 4.383288 516.285249 0.585557 51.443953 1.487698 335.042213 8.776634 86.582252 -4.644090
1 -4526.019926 0.616145 45.036465 1.403480 932.103631 22.634471 166.724884 0.314572 72.309890 13.098377 300.973423 15.093541 90.574962 -4.644090
1 -7850.100320 0.611811 49.986437 9.814116 947.362959 12.290461 975.168194 0.267378 68.884794 1.354525 270.198922 4.753349 85.876383 -4.644090
1 -7347.222463 0.674808 79.664845 18.000377 985.920676 11.733525 138.315593 0.536274 70.902381 4.901500 227.073017 1.742903 94.154547 -4.644090
1 -11053.038045 0.710482 74.902324 9.753387 952.723164 22.613337 783.738658 0.224476 58.147875 20.031149 418.371555 10.303781 105.104498 -4.644090
1 -5416.605844 0.658734 70.074151 1.187120 880.038856 2.465453 709.217357 0.189134 68.011034 20.428258 197.828509 10.335070 98.839207 -4.644090
1 -1966.046531 0.626512 78.830293 0.771733 952.502836 11.892566 478.607368 0.565018 55.808536 3.799520 351.981366 14.099431 98.248077 -5.064094
1 -4443.189185 0.616038 45.788406 1.349118 931.011453 22.599563 148.762719 0.317211 72.564976 13.281583 295.870975 15.013724 90.737842 -5.064094
1 -4925.068767 0.647747 73.699015 9.787089 896.927562 8.140221 477.985587 0.060207 74.163441 2.941461 461.755022 0.842610 95.800104 -5.064094
1 -8261.134752 0.771743 72.864142 7.645063 893.465592 1.556844 816.498465 0.596822 75.066887 3.091059 327.225403 3.812905 86.890650 -5.064094
1 -15390.066903 0.678576 47.163571 14.500158 963.232027 4.741657 469.983642 0.326061 70.204551 20.022865 367.870754 11.692135 105.503202 -5.064094
1 -3814.689042 0.656228 74.718393 2.446961 993.646883 9.198564 754.800954 0.478328 60.452299 15.611063 227.261271 0.472241 90.650829 -5.064094
1 -6271.970357 0.607494 54.021899 8.711683 959.703044 1.293450 788.529167 0.493750 54.302907 8.317783 113.203270 1.626684 91.298507 -5.064094
1 -15311.328989 0.667281 35.344499 10.747266 921.098642 4.480074 619.579710 0.545021 76.862742 14.899841 206.726671 7.750502 96.329955 -5.064094
1 -8278.242544 0.616835 72.010771 9.138291 966.758053 16.700528 192.704062 0.055929 62.608485 7.475325 433.537586 6.535756 94.451977 -5.064094
1 -7500.966719 0.657398 78.160466 9.582436 837.158505 18.229639 163.750085 0.470934 54.525075 13.190254 229.641971 1.060734 87.607706 -5.064094
1 -1893.212225 0.605522 79.443984 1.075190 954.352881 12.322397 684.987116 0.102884 53.842675 4.939262 266.035776 12.031792 95.562809 -5.508405
1 -3601.988276 0.686552 62.683886 1.184064 915.930534 21.043082 973.954736 0.135684 74.978220 10.651089 353.278933 0.811008 113.021913 -5.508405
1 -4822.153143 0.673717 78.451605 9.789210 957.289066 14.064886 384.941281 0.038405 75.694711 4.639153 428.117217 1.177411 108.640142 -5.508405
1 -6139.543143 0.627393 58.376907 10.082954 894.542577 16.950947 903.838538 0.184144 64.447896 11.868459 420.683649 1.211162 102.145650 -5.508405
1 -13213.387250 0.674911 75.494179 11.008476 844.146554 12.637711 514.982281 0.340517 61.123192 21.837104 340.061864 3.103370 96.536711 -5.508405
1 -2955.827278 0.685675 69.899662 1.205989 963.200654 11.169052 752.151937 0.443118 52.717808 15.242118 242.732947 12.598974 89.323969 -5.508405
1 -12275.138930 0.748943 44.122650 22.272374 904.918589 21.199555 937.764377 0.287215 62.050768 17.657452 428.527768 1.423053 93.722747 -5.508405
1 -9912.841420 0.606553 67.719770 8.090261 920.745723 1.648760 723.585153 0.598366 79.939776 11.045749 210.641758 7.739242 96.467140 -5.508405
1 -6772.450388 0.694277 62.052240 15.202389 996.246099 11.077153 111.323739 0.209883 55.699418 3.864237 419.874511 9.113576 84.612891 -5.508405
1 -5394.710807 0.773070 63.611681 18.239817 919.143508 6.809785 808.451203 0.597219 76.271705 7.865825 491.325702 1.842653 93.708572 -5.508405
1 -8661.837423 0.692359 38.205901 2.435584 988.011492 19.881416 700.671226 0.194378 76.704417 10.982253 393.618385 10.397520 94.429684 -6.024390
1 -9068.831782 0.606886 59.027615 3.481712 777.308367 12.168421 507.397039 0.096484 56.049916 11.460921 307.639855 0.826231 106.496699 -6.024390
1 -3974.761979 0.674874 74.652572 14.930601 997.050203 17.075668 173.267921 0.089920 74.668091 2.183432 419.266137 0.619911 108.271455 -6.024390
1 -2503.101975 0.746957 77.615082 1.061293 964.500145 21.955686 543.121499 0.581470 52.948698 3.479148 377.233727 0.808030 90.020962 -6.024390
1 -7551.766571 0.699815 36.671491 10.699815 967.834111 12.915218 400.144686 0.596575 79.498958 6.644845 170.234702 1.430419 102.851650 -6.024390
1 -3618.885339 0.699709 70.489660 1.611107 985.723537 12.668201 730.906437 0.488168 78.797725 12.962943 311.787472 11.976375 89.410006 -6.024390
1 -9066.469278 0.650316 33.997273 12.733556 999.463855 20.169122 256.264780 0.442483 57.599030 0.867975 275.363661 8.480737 95.779480 -6.024390
1 -10159.236170 0.705745 76.924135 8.128838 753.548904 11.935260 745.891852 0.578427 78.283464 6.879112 352.098205 1.472230 95.804826 -6.024390
1 -13306.893184 0.762204 58.411541 7.267275 997.443527 17.607164 328.368302 0.230817 63.281372 4.039160 349.498748 9.409556 95.553951 -6.024390
1 -6834.198288 0.683933 38.129203 13.437401 999.626393 6.271755 238.067139 0.305179 62.242927 8.321131 244.013082 1.913562 96.786101 -6.024390
1 -4176.041199 0.672307 75.786413 1.210214 876.664963 17.525890 624.828198 0.061455 62.619761 10.954895 391.549205 8.940556 98.162062 -6.461105
1 -7658.282422 0.612347 69.039429 4.438811 819.483882 11.215022 886.253909 0.103986 62.735396 4.636047 156.424580 1.146212 107.953463 -6.461105
1 -4048.581516 0.683220 75.865137 13.864847 990.842494 20.724420 252.832115 0.163542 65.987072 20.836752 366.418997 0.676491 109.532527 -6.461105
1 -7557.766100 0.739426 71.493674 19.420852 989.225283 1.830060 368.455510 0.499001 51.870298 21.403620 365.637881 1.842803 91.042290 -6.461105
1 -9325.493580 0.671265 76.191745 15.810886 881.786340 7.394128 946.499547 0.430695 60.736884 18.083667 443.842539 2.808203 98.786647 -6.461105
1 -4299.993062 0.673468 67.118322 0.979109 889.262843 19.070342 864.950770 0.527786 59.861475 8.230088 205.956907 7.955246 91.357328 -6.461105
1 -4665.182961 0.666396 71.748487 14.874343 987.672543 6.500731 383.931859 0.544023 76.362193 12.154055 169.305302 0.559131 88.973854 -6.461105
1 -2275.061436 0.708922 79.293663 1.294283 971.650646 14.469578 687.052778 0.426138 78.650220 11.285997 275.596896 10.245264 92.404724 -6.461105
1 -5752.686609 0.767704 42.880713 1.044776 991.813542 17.107963 570.177693 0.266418 65.802236 21.346133 357.986177 14.046302 87.604829 -6.461105
1 -6883.124759 0.605572 55.095044 1.075719 869.081806 13.948828 221.486838 0.023688 58.301691 8.978814 292.401527 7.215880 100.661352 -6.461105
1 -4246.303902 0.769925 73.677431 1.696702 984.535457 19.164951 482.037228 0.070227 57.759586 20.171645 372.590737 9.798314 89.780724 -6.930599
1 -9031.363445 0.800104 70.979164 13.334466 914.707293 10.723128 535.738667 0.356481 52.481817 20.746115 474.501269 2.144645 101.272946 -6.930599
1 -8594.678276 0.690084 34.465067 10.953980 948.456577 5.686972 354.192306 0.016846 69.607421 0.932821 474.061115 4.260647 84.877265 -6.930599
1 -6737.979742 0.703994 57.072401 12.725477 950.797830 20.297101 262.652496 0.374629 57.031377 1.533825 278.658848 0.918140 99.026764 -6.930599
1 -4779.956280 0.703723 62.688464 0.950486 939.176532 22.413684 652.955772 0.568453 54.737520 17.504224 408.055829 10.222892 103.074695 -6.930599
1 -4137.537472 0.607898 34.987729 1.205887 912.064006 17.091745 438.115895 0.128327 64.002592 5.384189 378.117253 14.140911 86.005723 -6.930599
1 -5325.781126 0.690042 77.057704 11.784108 992.839771 8.720644 316.261530 0.542235 79.031413 9.781667 106.760695 3.162860 85.796701 -6.930599
1 -1896.125080 0.712387 78.352840 0.873250 982.059970 14.606942 654.524200 0.415708 78.869986 11.882773 255.325249 10.688477 91.439939 -6.930599
1 -3716.809127 0.639382 77.495163 2.056369 963.542033 18.027251 971.915782 0.023256 76.675804 16.480040 373.940626 11.356720 98.752906 -6.930599
1 -6579.161504 0.612988 56.687242 1.238817 870.437903 14.128863 999.760881 0.496215 54.893401 6.935726 303.175569 6.813973 101.055918 -6.930599
1 -3778.637781 0.759040 74.363379 1.605032 965.087644 3.270214 501.975898 0.049827 63.204658 21.957681 468.857445 12.150909 84.914695 -7.362119
1 -5879.132978 0.731361 73.411494 1.303151 917.490411 2.802345 775.632229 0.004371 54.347142 18.692773 426.379083 8.986841 104.563490 -7.362119
1 -5850.519191 0.678867 66.635686 3.276449 903.055797 1.608447 892.677824 0.553897 73.934549 22.389401 184.744174 1.735595 89.542666 -7.362119
1 -8066.036536 0.755999 66.038477 7.890515 953.251420 14.365209 419.093453 0.006573 61.217006 2.595441 401.301297 2.076497 93.976468 -7.362119
1 -4840.160666 0.684092 60.579728 1.045208 922.869852 15.436019 634.581970 0.514479 76.837699 8.505387 138.426577 4.358971 94.050737 -7.362119
1 -4186.359612 0.609105 36.041563 1.202601 912.405310 17.401537 432.892175 0.133933 63.629442 5.247867 369.880870 14.375163 85.949966 -7.362119
1 -8518.871986 0.749037 57.658283 10.959750 993.543436 8.921078 112.878929 0.571225 52.326614 19.857511 336.991936 10.152302 85.003797 -7.362119
1 -2190.221921 0.757051 77.364953 0.936102 996.637550 17.174000 720.634292 0.414629 76.305868 11.114443 211.259276 11.527443 87.227666 -7.362119
1 -2771.274585 0.663659 79.089744 1.309156 880.157926 16.978145 865.225568 0.586461 70.697114 17.569872 400.763973 14.421645 95.678337 -7.362119
1 -4592.452148 0.684800 50.195695 1.281152 965.456975 22.537650 913.818499 0.130441 77.939257 17.788608 177.128916 14.882290 87.240370 -7.362119
1 -4034.942802 0.755595 79.329200 1.887767 929.343406 12.894245 635.821099 0.232871 70.913986 18.233413 485.197133 12.438791 91.723453 -7.815292
1 -7741.132059 0.745581 32.711012 6.306592 981.954125 8.135672 958.492758 0.187483 60.925011 22.407958 249.682074 0.610713 106.171874 -7.815292
1 -5008.360941 0.695698 79.810197 2.103647 907.756304 2.987579 312.460492 0.094995 50.958259 16.906181 212.213702 3.205775 105.373534 -7.815292
1 -6944.417586 0.731654 60.254068 8.549342 986.469075 14.576322 666.217457 0.125808 64.602218 20.280638 340.073283 1.867243 86.110838 -7.815292
1 -5832.307297 0.706734 30.550437 1.215451 916.872495 0.879176 405.029547 0.557253 77.523690 5.424130 488.868108 5.674132 96.323393 -7.815292
1 -3862.829468 0.650489 44.457086 0.933134 998.571947 7.308892 434.637137 0.336251 51.203978 9.836419 349.939486 11.002480 91.374638 -7.815292
1 -2136.766844 0.660813 77.118085 0.856955 894.664156 10.185126 583.339501 0.107818 65.453908 22.069425 486.400731 1.788182 96.489307 -7.815292
1 -2989.908903 0.784370 79.351450 0.775144 925.455751 17.890018 793.847577 0.433913 77.240070 16.547776 235.605270 11.775755 85.580876 -7.815292
1 -3676.975836 0.629434 39.747283 1.317270 969.107409 4.322801 612.652673 0.592428 70.236281 13.796469 201.900419 1.581628 98.031664 -7.815292
1 -5319.433311 0.658695 66.740936 2.895179 957.878601 9.154424 930.983483 0.249683 53.217157 18.164693 203.343735 2.340474 92.707118 -7.815292
1 -4898.528595 0.600909 61.552089 1.629090 916.022836 3.066076 451.610557 0.579108 58.806710 2.037576 420.610656 13.302159 90.702119 -8.174179
1 -2598.020338 0.673011 78.529909 1.364725 964.804283 4.099259 621.234164 0.158869 55.155755 20.351508 382.463116 10.055983 113.569858 -8.174179
1 -3177.175515 0.693680 76.747719 1.648320 972.051539 18.692356 164.693322 0.200904 69.525260 15.698784 237.250955 2.669008 109.433631 -8.174179
1 -5918.011833 0.699621 62.334752 8.467260 927.600754 13.926520 767.812638 0.554910 72.393565 18.167679 223.889168 0.612266 89.733331 -8.174179
1 -2477.353188 0.713912 76.798283 1.023547 963.657176 21.651744 537.739649 0.039264 77.232797 3.983368 147.157174 7.957011 95.105460 -8.174179
1 -4060.594862 0.649325 44.517627 1.048106 997.693757 7.258507 424.426412 0.338850 52.082141 9.748689 350.372615 11.062925 90.237667 -8.174179
1 -3734.287831 0.727413 74.310478 1.901907 872.634496 11.708397 756.152458 0.447400 68.348927 21.823429 469.799768 0.792093 94.050571 -8.174179
1 -3237.596838 0.790961 77.480789 0.814816 936.816903 16.659866 796.604381 0.389396 78.322454 17.937598 234.304184 11.086222 84.864085 -8.174179
1 -3073.415981 0.610357 41.890873 0.906410 976.660054 8.001976 758.564428 0.092692 66.391513 12.583605 178.521572 2.915825 92.963589 -8.174179
1 -4075.339916 0.687433 77.770612 2.420856 956.929707 4.179321 945.603716 0.535051 68.686388 12.185802 306.057733 13.753486 95.998824 -8.174179
1 -2305.281622 0.694566 78.798369 1.038879 959.877147 9.894417 638.737452 0.191889 63.179233 21.829138 325.058655 8.027874 109.322130 -8.659650
1 -3189.822384 0.664666 76.996283 1.284577 938.830261 3.080831 513.007943 0.129732 54.610813 20.928564 374.245410 10.416363 112.700937 -8.659650
1 -3181.604243 0.661537 76.569025 2.341712 962.927157 20.495687 220.057660 0.261448 77.179877 19.610663 203.850852 1.145017 106.783522 -8.659650
1 -5721.363872 0.692735 62.685801 8.541092 929.116194 6.859270 783.594340 0.587451 68.811515 22.527819 271.198974 0.670252 93.407899 -8.659650
1 -1817.644257 0.698343 79.633570 0.873634 973.193906 21.244243 526.340525 0.047338 78.216518 4.267213 161.271317 8.292721 96.514076 -8.659650
1 -3886.269172 0.683001 60.636487 0.909244 920.843779 13.106353 134.585539 0.195763 67.461660 8.342965 483.658349 1.499100 101.544740 -8.659650
1 -4022.853566 0.732306 73.363449 1.216652 881.261894 10.187062 749.521555 0.417591 68.954709 1.147402 105.566116 1.148519 94.115478 -8.659650
1 -5196.789834 0.782696 30.191705 19.094854 998.375915 8.695982 920.505088 0.289472 63.041362 7.634150 481.538360 0.504378 97.680433 -8.659650
1 -3681.369504 0.641343 46.685130 0.905421 928.933055 7.984009 648.908937 0.052687 73.483406 20.008230 232.614133 1.625035 96.763146 -8.659650
1 -3993.191072 0.778917 61.441351 0.893557 928.710023 3.415456 968.222066 0.442937 78.886495 12.795302 260.321596 0.768507 84.731030 -8.659650
1 -3329.904703 0.816756 79.742258 1.383426 952.231573 20.976543 206.607147 0.528653 79.287756 17.671923 443.514173 2.110300 85.788511 -9.186641
1 -3736.578588 0.665528 55.578219 1.111587 993.766210 1.039661 678.209296 0.199812 74.086377 7.247577 127.392527 11.712029 96.296935 -9.186641
1 -2686.627180 0.650256 79.821355 2.172376 941.320011 20.339676 260.892092 0.246373 71.555530 17.778271 139.310664 1.267292 107.379688 -9.186641
1 -3016.880479 0.606517 73.862152 1.312045 879.633159 2.294566 743.038224 0.026333 58.005359 3.449499 363.628644 9.008354 88.171747 -9.186641
1 -4813.257731 0.612609 44.957273 1.231357 838.207365 7.035649 378.564758 0.299539 58.497132 0.978479 452.199200 0.509397 112.044654 -9.186641
1 -5082.470425 0.764700 40.109130 0.800309 961.527735 6.252987 997.475949 0.035392 50.213931 16.770515 381.633162 2.769800 89.171010 -9.186641
1 -2650.725815 0.718799 74.784125 1.259446 911.412036 9.869096 676.144357 0.418223 75.414322 19.942773 494.675868 1.025199 87.440715 -9.186641
1 -3589.810688 0.815404 77.780571 1.306348 960.662682 4.903048 103.601607 0.371062 61.533908 4.840677 495.335814 0.872569 99.652719 -9.186641
1 -3727.333088 0.707406 54.561635 1.019993 991.005282 14.430059 517.715308 0.114419 68.657210 21.963437 411.396843 0.794646 101.455068 -9.186641
1 -4986.556723 0.777401 58.962839 1.461253 990.309727 4.751333 173.421014 0.415941 76.213075 12.708051 270.614390 1.073808 86.826805 -9.186641
1 -3862.804432 0.639557 43.870949 1.065334 937.376705 17.962076 948.438067 0.440297 58.568351 16.507208 350.413300 4.681544 85.760269 -9.649205
1 -4034.458109 0.695286 65.789738 1.094506 935.161807 2.207740 513.078866 0.389050 55.554366 12.205290 203.089131 10.950850 91.629640 -9.649205
1 -1799.467092 0.637651 79.320042 1.157859 972.632744 12.133464 358.137513 0.168704 75.281356 20.523052 104.810670 14.748164 89.753195 -9.649205
1 -3598.075246 0.611499 73.376449 0.790622 882.461575 10.168158 842.638271 0.485559 61.432996 16.077583 310.845314 4.902581 110.316642 -9.649205
1 -2055.484540 0.641581 74.682732 0.878096 951.275025 20.616434 533.609555 0.353156 75.727865 5.930056 298.351503 4.340652 87.806011 -9.649205
1 -2514.790424 0.632816 69.484955 1.122731 962.023156 18.011707 126.567606 0.012565 64.268158 20.883823 371.191386 4.258440 86.473326 -9.649205
1 -2535.545891 0.723637 73.238495 0.974967 927.413178 8.590915 594.066243 0.387639 76.055741 21.687134 430.051461 0.992507 93.187798 -9.649205
1 -2626.599447 0.663154 78.798941 1.743940 997.643143 1.498999 333.769231 0.065973 63.266846 17.596129 104.798125 3.601565 112.065635 -9.649205
1 -1952.219302 0.707449 78.680873 0.963698 961.749216 13.015823 588.134333 0.037098 72.865591 19.844588 405.518242 2.984098 87.193197 -9.649205
1 -2913.950055 0.626993 72.204275 1.854518 982.588151 20.420284 420.240070 0.293265 68.434826 14.099850 176.576501 1.017703 113.488597 -9.649205
1 -3681.722647 0.609660 38.959080 1.035025 917.046121 13.661938 882.256791 0.468715 58.012108 21.544952 294.097892 3.837107 90.315787 -10.091775
1 -3612.303273 0.639819 64.024265 1.239212 961.946509 5.581805 277.503960 0.184891 62.173990 17.734775 280.465591 10.461754 103.027896 -10.091775
1 -2096.883517 0.627685 77.166621 1.002562 901.546268 20.815785 359.838423 0.375884 53.843940 10.886197 456.867015 0.815647 96.226416 -10.091775
1 -3721.780564 0.605328 72.714047 0.758014 881.108926 9.942518 803.796249 0.494747 61.626825 17.848849 290.776769 4.961087 110.434364 -10.091775
1 -2011.908783 0.656307 75.601087 0.775909 945.610852 19.680601 556.362215 0.379675 79.014616 6.642067 363.189998 4.061120 86.100331 -10.091775
1 -2361.329780 0.661155 71.280936 1.026913 959.925026 17.704166 930.260029 0.507714 69.916608 19.558240 303.871611 4.021509 89.988029 -10.091775
1 -2951.672872 0.728059 77.007564 1.132676 926.427487 3.938409 535.242731 0.398052 72.717875 1.252937 489.916358 1.076224 102.128788 -10.091775
1 -2536.457017 0.665135 71.025501 0.931959 938.855972 21.848455 558.663160 0.152976 63.871538 2.500290 202.902690 3.106894 85.364510 -10.091775
1 -3667.195501 0.605679 30.259632 1.036295 861.683700 3.281082 167.571280 0.326682 56.105725 21.598260 163.862329 0.884254 89.675143 -10.091775
1 -2059.457313 0.711836 77.967390 1.215772 980.755854 11.292138 995.485412 0.331954 72.058681 19.781807 289.229240 1.259987 102.277508 -10.091775
1 -2435.585869 0.635853 78.364039 1.246954 911.731589 14.045328 864.858349 0.469100 74.178316 1.531573 340.676115 4.847657 96.205376 -10.626297
1 -2038.983443 0.651498 74.925839 0.814662 965.439205 13.661066 260.158067 0.538099 70.567922 5.803546 325.662504 4.823574 86.821368 -10.626297
1 -2438.328749 0.636840 73.871766 1.004040 931.200488 3.143016 315.501350 0.414750 75.727718 15.586874 244.337206 6.368220 95.803888 -10.626297
1 -3448.389115 0.669775 57.860491 0.767845 990.345755 7.270320 415.492714 0.007757 73.584873 12.706383 491.458766 5.409910 95.328704 -10.626297
1 -1827.264599 0.654951 79.264108 0.852716 993.611950 8.789155 834.645475 0.078368 63.967300 3.363500 280.129802 5.551243 87.651237 -10.626297
1 -1938.484755 0.656176 74.782323 0.791331 979.790971 16.909084 844.725246 0.461874 66.693988 3.245247 224.992760 5.479138 91.724760 -10.626297
1 -2626.592706 0.716731 76.336587 0.923984 941.399280 2.887849 602.489120 0.395872 74.131041 22.210356 147.979508 1.756636 106.051821 -10.626297
1 -3137.509558 0.675734 73.166437 1.654560 926.183292 13.828608 460.298515 0.185316 63.060000 19.142552 462.460891 1.487389 92.447895 -10.626297
1 -3811.761089 0.640505 74.938549 0.833153 774.053942 2.286458 990.599627 0.029017 52.826777 4.477211 484.716211 1.232684 100.729798 -10.626297
1 -2109.687594 0.734006 79.712017 1.371607 992.753466 7.830138 983.329922 0.387711 73.657084 2.258522 194.580477 0.815166 106.826639 -10.626297
1 -2538.152245 0.655435 78.489392 1.439180 931.536817 15.396359 833.294877 0.597626 76.540311 2.047798 331.975685 2.452823 101.084633 -11.199942
1 -3247.584842 0.644571 76.030640 1.496032 948.916114 22.416035 368.126073 0.511235 62.656235 4.677859 217.259869 5.406859 109.074476 -11.199942
1 -2805.472727 0.602214 70.330686 0.875700 909.783337 5.991646 533.319838 0.426065 59.431041 12.796804 236.639066 3.558557 103.659774 -11.199942
1 -3366.366047 0.657637 57.984606 0.755548 976.245106 11.635112 358.133590 0.003260 77.546991 11.042250 482.116010 6.089429 90.215968 -11.199942
1 -3387.129307 0.649421 72.913837 1.291573 865.311790 5.159691 459.766353 0.550756 58.827775 19.257884 255.390812 0.911581 107.909490 -11.199942
1 -2954.848112 0.676790 79.286218 1.272560 857.559394 14.725594 356.602284 0.430069 62.620069 18.486197 322.021618 1.268971 92.501179 -11.199942
1 -2203.436290 0.731119 77.052752 0.908750 946.789003 2.895916 850.081950 0.480768 74.175440 19.671623 143.369373 0.895031 114.165018 -11.199942
1 -2945.078062 0.650654 75.576040 2.067260 914.409443 18.520382 167.679742 0.493598 58.511981 19.323574 337.663717 0.533404 107.772789 -11.199942
1 -3359.075770 0.659258 76.588534 17.659903 934.854261 3.265363 909.582277 0.581898 74.466296 3.073498 446.402746 0.752117 103.575240 -11.199942
1 -2405.232845 0.686505 76.020926 1.159529 914.490094 13.119549 744.672185 0.151321 57.928774 16.936822 284.180286 1.573313 87.212498 -11.199942
1 -2111.901684 0.647338 79.235446 0.988595 907.703167 20.827219 900.912516 0.148671 73.723164 7.982233 361.197630 14.525344 99.801869 -11.834658
1 -2629.562731 0.634887 63.871417 1.084041 957.446084 16.946985 122.970826 0.281293 52.372129 18.515185 240.270030 0.859452 86.671742 -11.834658
1 -2194.173858 0.655842 79.754855 1.338434 894.866769 13.386786 527.866679 0.500603 69.036508 14.757675 379.897215 1.089428 99.588723 -11.834658
1 -3404.539097 0.661378 58.850841 1.032614 979.722074 9.452905 441.113984 0.024397 79.334245 10.924458 112.642549 7.829701 91.527051 -11.834658
1 -4698.834558 0.670696 79.038081 4.123920 840.966282 5.840863 476.601876 0.042391 58.485802 19.820062 257.197904 0.507404 107.147647 -11.834658
1 -2270.400424 0.661233 72.164979 0.901804 948.579848 1.095293 597.695024 0.488165 57.151382 19.407252 483.568181 1.150262 105.421023 -11.834658
1 -2506.716664 0.666162 70.833087 0.922618 958.988437 0.938697 805.283639 0.566917 65.399934 21.889738 476.813046 14.149081 101.664022 -11.834658
1 -2175.822612 0.731678 79.613939 0.851940 995.964335 11.569513 760.866888 0.091006 78.955953 5.110165 448.664275 2.460449 96.656176 -11.834658
1 -3441.982130 0.709214 75.187188 16.219558 957.485834 4.413003 964.343679 0.489457 73.578948 1.591389 363.090305 0.706543 98.503247 -11.834658
1 -2253.357896 0.735659 78.764168 1.011393 995.973133 15.494277 816.862045 0.524493 74.351969 8.898990 363.008859 4.907829 108.916236 -11.834658
1 -1737.780677 0.637378 77.124912 0.819418 909.247052 19.936419 841.019388 0.158651 72.918493 8.721063 294.538544 0.511919 98.384466 -12.359328
1 -2553.293598 0.626360 63.598998 0.947318 959.007615 18.682880 126.956750 0.241139 54.580599 17.545288 261.692937 1.819357 84.667687 -12.359328
1 -2750.541704 0.648243 78.677124 1.975737 886.246441 16.562045 409.445109 0.383114 70.054167 18.333982 416.755062 0.917390 96.927405 -12.359328
1 -3644.048641 0.650672 56.902433 1.245025 978.116153 10.674395 381.934281 0.090022 78.712240 11.564654 103.929039 7.062557 85.962460 -12.359328
1 -2266.111211 0.685423 78.611002 1.023856 921.377769 4.879097 565.803897 0.005969 57.602962 15.489157 135.000401 10.483444 85.815947 -12.359328
1 -1853.734198 0.655293 74.198106 0.851388 938.118091 1.543601 621.175601 0.535848 55.637308 20.573549 128.039415 0.458205 105.524322 -12.359328
1 -3179.904822 0.610644 71.645119 2.072795 932.246514 2.854349 146.369948 0.572245 71.159708 16.395924 120.395149 1.754201 90.593536 -12.359328
1 -2487.021941 0.728543 76.562928 0.932238 998.463899 11.465848 705.821223 0.039967 50.214547 4.930821 445.703155 1.097802 97.585046 -12.359328
1 -3704.932210 0.708625 74.860868 16.204402 956.021836 4.361684 957.650172 0.483339 72.816714 1.779584 356.715465 0.936489 97.507120 -12.359328
1 -2065.809095 0.725088 77.608789 0.806269 996.722248 16.332028 823.134529 0.488504 75.642629 8.794051 363.654982 5.300581 109.018401 -12.359328
1 -2075.873686 0.618776 70.902845 0.886969 955.153725 9.520901 893.427764 0.136231 75.611372 8.233386 206.567284 4.374787 90.444005 -12.905308
1 -2708.546458 0.613334 63.551971 1.187505 952.188644 20.140574 897.771977 0.255497 57.632466 18.036599 269.244920 1.261055 84.708677 -12.905308
1 -3049.324791 0.623426 64.295387 1.273943 956.996688 16.611918 333.903003 0.318096 72.441029 11.049259 225.857111 4.564639 86.047020 -12.905308
1 -3601.034462 0.603098 56.943348 1.373751 954.497700 12.291993 141.323675 0.122447 50.173968 8.392258 107.083077 6.734631 88.806406 -12.905308
1 -2483.127068 0.729437 75.290248 1.163730 992.855265 6.687554 636.036269 0.031430 61.051513 16.205784 228.736565 12.630039 86.950743 -12.905308
1 -2416.060577 0.636010 76.019918 1.121233 970.846116 16.814670 517.619995 0.451832 57.863560 10.588457 418.603683 5.296814 100.638273 -12.905308
1 -1890.347860 0.670228 77.899807 0.833042 961.517192 19.691807 117.811759 0.451316 72.381555 17.104889 476.541611 5.395691 87.649956 -12.905308
1 -2196.765392 0.724579 79.255497 1.068812 962.958607 10.133405 735.215941 0.061327 79.370919 8.285244 134.603401 14.847556 95.711765 -12.905308
1 -3967.989243 0.715504 75.005694 16.191670 963.002698 5.027616 984.671756 0.474797 71.178406 0.930233 372.694341 1.571817 100.092924 -12.905308
1 -2040.367744 0.698432 77.379580 0.864750 984.486448 16.048365 911.961976 0.500844 75.299715 8.762271 346.295854 5.850102 108.683593 -12.905308
1 -2128.213774 0.690511 77.656935 1.189257 977.872997 15.511780 684.118303 0.294662 76.518812 10.806844 125.268253 14.820828 89.862731 -13.463107
1 -2546.657858 0.611734 65.133261 1.132171 989.715911 17.794252 486.557144 0.351179 75.050228 20.022875 191.181653 2.907956 88.257489 -13.463107
1 -2725.345631 0.618629 65.261200 1.109767 962.451238 20.061843 560.929591 0.593799 60.565158 8.488526 180.914197 7.305790 86.606871 -13.463107
1 -2380.554962 0.627412 70.075141 1.225371 952.744916 1.294878 563.275708 0.579877 73.045425 13.881702 318.329100 0.742554 86.041910 -13.463107
1 -2140.748287 0.735626 77.626961 1.068975 999.498893 8.736811 860.042057 0.551746 59.786802 15.945248 202.927374 14.366846 88.783423 -13.463107
1 -2372.018931 0.623084 76.062837 1.080547 956.697495 17.976856 504.574201 0.386117 60.458529 7.445060 403.648337 4.848688 103.378983 -13.463107
1 -1717.166575 0.649996 78.954348 1.013735 971.275717 7.745640 153.608514 0.501472 70.307059 15.062669 176.113134 5.594591 86.916768 -13.463107
1 -2169.922794 0.687968 76.605160 1.063642 964.010944 12.653509 840.970354 0.595576 77.815602 6.175480 173.313850 12.313437 95.811095 -13.463107
1 -2279.794195 0.619661 71.501468 0.962403 961.925797 8.820493 184.001918 0.587068 52.408817 7.312589 255.966087 6.758176 93.081251 -13.463107
1 -2769.624818 0.708320 79.089264 1.123975 964.021583 1.170442 165.368371 0.247488 75.406562 3.423181 495.003058 2.678233 101.866102 -13.463107
1 -1909.916162 0.712787 78.172587 1.033963 985.591960 19.372465 772.015487 0.225435 72.721378 22.201467 120.951265 2.612131 87.151347 -14.202470
1 -2035.946268 0.712493 77.929654 0.825086 959.253958 6.749008 662.861849 0.108087 74.356137 13.375106 317.254558 14.799345 96.926969 -14.202470
1 -2106.935401 0.733028 79.963888 1.082480 998.011538 4.114126 620.252292 0.447474 61.571752 11.526543 302.039453 9.716494 99.015051 -14.202470
1 -1931.714857 0.605544 76.169680 1.008120 958.509830 7.535060 664.168786 0.237582 53.700935 10.501379 103.621886 8.956561 114.407990 -14.202470
1 -1930.011307 0.680126 76.204445 1.069449 979.305585 18.436711 964.345990 0.170488 71.654601 5.119938 130.171033 0.594447 91.399809 -14.202470
1 -2409.579670 0.619347 71.219347 0.984702 967.135269 20.243368 681.581504 0.167080 72.732829 13.237677 296.144058 15.028961 114.163138 -14.202470
1 -2334.546384 0.761511 79.537829 1.428513 994.692603 6.336964 554.248122 0.402294 77.306941 17.664800 263.925242 1.000839 104.227269 -14.202470
1 -2337.648543 0.642712 71.285876 0.864329 974.068290 2.037697 177.535568 0.397513 67.585673 20.323919 230.965270 5.295759 107.942574 -14.202470
1 -2808.620570 0.712889 79.336454 1.544663 995.698190 20.136640 161.402093 0.181750 78.716626 8.150677 341.610319 9.687304 93.648228 -14.202470
1 -1973.225184 0.623338 74.019482 0.772028 920.242101 19.460794 836.071491 0.479677 65.632976 22.481258 418.195162 4.472240 92.739006 -14.202470
1 -2112.601410 0.720713 79.888696 1.124898 998.457108 19.407885 711.239552 0.078159 74.378133 16.919070 445.395597 2.187825 88.985419 -14.898358
1 -2478.923499 0.612366 76.749541 1.377829 925.363668 11.852930 311.033431 0.061095 67.842905 3.212141 180.773064 6.012806 94.299906 -14.898358
1 -2284.989549 0.698823 78.771236 1.150613 962.781036 4.778999 802.233722 0.425193 59.340662 3.928824 248.655750 9.555148 100.660250 -14.898358
1 -2183.034577 0.650000 79.984898 1.097626 877.761738 19.163547 263.041827 0.560362 65.692397 3.398952 122.725487 0.895104 91.244712 -14.898358
1 -1920.332301 0.713315 77.936659 0.991845 977.404199 1.178872 639.461793 0.220265 68.470881 12.727872 234.162569 1.743632 88.587616 -14.898358
1 -2186.421772 0.655586 79.045326 0.947726 921.786651 13.333258 640.356420 0.401187 70.324617 18.134044 396.927572 12.884719 111.367371 -14.898358
1 -1988.700040 0.642445 79.107113 0.762186 861.923532 20.462105 763.812231 0.226405 75.341851 6.085676 135.286147 0.928347 87.008385 -14.898358
1 -2166.802990 0.652494 76.851913 1.202517 998.900123 19.282096 141.964718 0.380474 79.364505 17.628758 340.826432 6.519672 89.335547 -14.898358
1 -2206.837000 0.693398 77.922068 1.219396 973.344147 5.982965 667.496840 0.129550 57.295571 9.173247 274.495318 7.213239 84.657442 -14.898358
1 -2064.387921 0.621653 74.004491 0.859797 917.065050 19.293660 684.520363 0.497524 68.826705 20.590620 404.546996 6.136412 88.490332 -14.898358
1 -2544.631124 0.707054 75.542636 1.016601 931.602370 17.979981 655.795211 0.590209 79.398297 17.414820 443.321195 4.800297 91.831189 -15.572448
1 -1575.751721 0.604772 77.601036 0.779352 973.528185 21.944852 124.865614 0.529083 71.790584 2.807300 136.777454 6.874363 96.876593 -15.572448
1 -1865.993333 0.677079 76.466721 0.791147 973.372111 7.680467 799.832791 0.378048 68.279635 20.397022 266.511020 11.083502 107.459860 -15.572448
1 -1765.568779 0.616970 76.046780 0.873191 959.354100 6.458366 965.197674 0.081952 71.830254 20.960467 336.958357 4.497970 91.576181 -15.572448
1 -1802.784355 0.705110 78.237919 0.926655 986.620641 0.967395 803.820221 0.272429 69.244510 19.484808 250.632106 3.029387 91.665430 -15.572448
1 -1641.619761 0.649838 79.263442 0.980205 973.783212 8.537429 645.375356 0.060128 56.169669 14.227169 174.950619 3.106061 89.607127 -15.572448
1 -2177.111396 0.683483 77.327658 0.767693 887.252344 1.508960 915.798600 0.537844 67.729118 11.669474 254.621207 1.973541 84.861460 -15.572448
1 -1912.808174 0.670044 79.770753 0.965986 951.463383 20.907521 317.335872 0.061764 75.756084 17.297506 177.463466 11.737793 102.048604 -15.572448
1 -2479.923511 0.616405 79.046416 1.313537 947.556892 18.285769 386.340663 0.053037 53.509576 4.954563 388.115108 13.888447 86.759952 -15.572448
1 -2433.226305 0.671262 77.699713 1.308636 967.555975 4.375439 717.162390 0.357840 65.543905 16.647910 293.774505 13.483658 110.629730 -15.572448
1 -1984.041757 0.709873 77.982355 0.938873 981.315125 6.492661 941.074004 0.540553 52.305513 16.854014 297.259055 2.082807 112.814108 -16.178199
1 -1744.366625 0.627447 77.209745 0.831991 984.252963 8.028448 351.921254 0.538625 72.532686 14.836062 247.926734 11.262942 94.057003 -16.178199
1 -1540.338611 0.627206 79.899284 0.755916 941.180411 19.996918 153.984467 0.583798 74.463165 18.358636 160.056655 8.579791 95.072998 -16.178199
1 -1702.748406 0.601652 75.322312 0.772017 927.145854 7.763376 990.034652 0.205572 70.895130 17.969394 336.807210 4.158870 88.357010 -16.178199
1 -2130.723192 0.725760 79.339788 1.109406 983.143837 1.895344 103.046336 0.294505 60.760443 20.247769 312.260425 3.749060 93.431768 -16.178199
1 -1487.986326 0.654919 79.011209 0.832896 979.796774 12.337709 390.592632 0.027076 76.637111 17.202112 105.318331 0.703391 89.382213 -16.178199
1 -2315.926182 0.621935 78.093651 1.632199 947.048085 13.671609 825.880834 0.580287 60.326921 13.806625 205.182896 6.618532 88.481264 -16.178199
1 -1836.846811 0.603340 77.720800 1.014714 921.030657 21.022484 400.497084 0.125167 61.237107 19.371418 260.981501 13.531176 88.032173 -16.178199
1 -1803.267215 0.602243 77.406659 1.073306 948.847959 9.763053 251.036129 0.176488 59.084783 19.860576 281.617364 5.206108 88.810465 -16.178199
1 -2338.992924 0.656184 77.635343 1.252600 919.337462 18.285162 867.135643 0.498017 50.045789 2.805612 242.768063 3.880970 84.976067 -16.178199
1 -2019.023948 0.701001 75.890242 0.835542 985.876757 20.115018 371.759325 0.471445 50.317047 5.687780 115.350162 4.372864 92.639973 -16.841035
1 -2088.725710 0.659797 76.104176 0.986030 971.228446 3.685166 725.275823 0.338289 72.156811 2.742936 257.702370 11.020175 86.615124 -16.841035
1 -1535.968504 0.611243 79.051346 0.766518 949.775203 13.200906 306.297894 0.083230 77.363390 12.503413 169.078833 8.240228 98.972742 -16.841035
1 -2297.370395 0.618084 76.493141 1.059306 986.425873 7.599023 823.214085 0.198631 73.056008 1.678808 337.749241 4.023297 91.953616 -16.841035
1 -1768.105075 0.723377 79.949753 0.809331 989.659474 2.348537 194.081837 0.305413 67.052648 16.799243 228.894834 9.453247 95.561341 -16.841035
1 -1836.530915 0.665135 78.934099 1.095827 985.869409 9.288177 425.218358 0.053584 77.863804 16.131044 103.969596 14.500839 89.551059 -16.841035
1 -1685.218833 0.609162 76.866396 0.885763 989.450909 21.555245 247.036494 0.540245 76.550766 18.565907 154.322421 7.777238 96.927914 -16.841035
1 -1935.165547 0.620320 79.205305 1.091076 923.561087 5.541643 320.648057 0.448642 51.866900 22.115962 352.306331 14.088220 94.351790 -16.841035
1 -1888.530055 0.619117 78.328006 1.045867 985.132023 6.877806 316.224655 0.396340 56.933672 18.882587 418.515487 2.433864 114.709467 -16.841035
1 -2039.725261 0.662934 79.454794 0.862011 902.390397 17.259850 593.601155 0.234445 75.068570 21.681327 205.585829 13.934233 88.498661 -16.841035
1 -2085.292635 0.713709 76.171197 0.833696 975.149334 18.927534 968.180246 0.376811 52.876616 5.378271 100.640780 4.361317 97.971950 -17.546411
1 -2069.178941 0.710261 77.339754 0.759185 956.713692 16.750973 535.398805 0.265214 63.856084 13.932773 130.882987 2.896495 93.848281 -17.546411
1 -1914.828277 0.616723 78.992155 0.887012 932.779886 12.873870 413.097688 0.104500 55.695038 9.717760 242.975638 8.781351 110.799875 -17.546411
1 -1857.664522 0.648291 72.407909 0.768410 968.820367 11.053626 765.969941 0.156853 72.783068 6.859459 150.724864 1.062790 92.379948 -17.546411
1 -1911.996604 0.720436 79.621037 1.084786 981.931699 2.596452 988.299516 0.390898 64.790362 18.953456 244.251721 9.693940 95.431259 -17.546411
1 -1927.862224 0.638267 78.140999 0.920695 920.830480 11.344245 784.896655 0.261049 57.236532 9.827260 333.274203 9.626381 89.166434 -17.546411
1 -2186.632565 0.639070 77.081563 1.272546 999.575897 20.433022 982.814991 0.055826 71.896704 15.326113 122.109896 7.522150 96.307440 -17.546411
1 -2425.831413 0.702940 79.674412 0.888660 911.439705 9.094648 106.443915 0.457180 72.524168 12.439391 187.426488 1.135429 114.140782 -17.546411
1 -2099.258663 0.615529 76.266783 0.826197 924.850006 19.773104 227.446976 0.012320 62.994104 17.468787 416.242861 3.705407 108.582290 -17.546411
1 -1702.518350 0.615358 79.788058 0.958029 890.563504 17.678742 754.466902 0.207697 53.677623 5.489649 254.499276 0.845363 89.221763 -17.546411
1 -1886.628722 0.694713 79.414676 0.896483 959.712110 17.695980 825.662497 0.425168 56.258206 21.770520 183.675716 8.061590 101.179919 -18.183250
1 -1570.949979 0.684090 79.969394 0.778597 955.492711 20.235960 944.313105 0.093280 76.095422 15.689572 170.671102 3.388193 86.253957 -18.183250
1 -1652.946153 0.627403 77.755597 0.869169 970.966817 6.182349 704.298344 0.386151 73.830267 17.620642 196.973078 3.941369 105.787476 -18.183250
1 -2089.125992 0.605370 69.232112 0.783181 979.135519 11.220980 408.449269 0.350206 66.165971 9.420765 260.601765 5.007740 94.224038 -18.183250
1 -1688.738315 0.624641 79.300821 1.048423 999.992026 18.240939 428.454230 0.342208 69.944800 5.216385 132.296182 3.872526 95.331695 -18.183250
1 -1863.175140 0.609111 79.839133 0.875244 914.506160 11.788041 803.534014 0.069971 51.036909 9.708591 451.100544 6.921579 86.684768 -18.183250
1 -2021.678122 0.607011 76.168896 1.141329 983.845904 6.588401 940.436747 0.411429 56.944345 13.738249 162.876763 8.818182 99.781074 -18.183250
1 -1625.804121 0.607624 79.520849 0.755544 927.041703 18.392863 263.639561 0.567516 60.633504 16.420990 409.890578 7.694433 87.739486 -18.183250
1 -1612.658451 0.665916 79.598497 0.866112 943.496631 21.359726 408.465380 0.510458 64.641442 19.169799 285.922963 0.716689 105.372748 -18.183250
1 -1704.163757 0.602927 79.420862 0.868985 879.854482 5.041458 994.096006 0.462812 71.384632 15.954616 228.030078 9.322427 85.099432 -18.183250
1 -1673.060006 0.706514 79.101635 0.756647 988.190818 18.332020 255.417882 0.097265 77.263392 17.203155 155.849847 2.352315 97.819881 -19.022179
1 -1749.690571 0.606849 76.574782 0.895200 919.770589 17.208934 794.920028 0.515823 79.406451 21.883210 430.091938 1.634251 98.958059 -19.022179
1 -1644.515550 0.647213 77.584844 0.851247 989.637019 1.672224 313.943327 0.272001 72.708555 20.380262 188.625176 1.900770 110.391204 -19.022179
1 -1988.788839 0.650238 75.253460 0.840257 956.014577 5.637810 872.493387 0.593939 56.621380 18.235776 329.031577 3.370008 107.395555 -19.022179
1 -2033.963744 0.648201 75.557225 0.840076 963.539442 6.720492 700.532136 0.463963 60.117096 7.653958 299.935318 14.872028 91.564368 -19.022179
1 -1503.656913 0.608317 78.571668 0.782294 948.696517 14.515423 943.559545 0.354203 75.704687 17.943640 173.588468 2.070806 112.089639 -19.022179
1 -1696.206678 0.600643 78.221116 1.058564 977.803012 8.637796 206.443894 0.340843 64.052687 12.119009 105.919905 6.245228 99.765500 -19.022179
1 -1795.389891 0.602099 79.388123 0.869711 915.831361 18.068592 475.676592 0.561215 62.355549 12.804594 425.266363 9.833478 85.060985 -19.022179
1 -1788.644422 0.676160 78.480401 0.854126 991.323701 3.273824 407.172656 0.513579 66.467699 13.308396 208.862572 13.469059 105.867868 -19.022179
1 -2106.328664 0.617256 76.806150 1.325318 982.567700 2.000708 925.329770 0.472414 76.921471 10.517005 162.332117 8.465065 89.744517 -19.022179
1 -1783.576624 0.709263 78.711340 0.921243 993.795131 14.154846 223.895533 0.136512 78.635355 0.760498 191.028592 0.882549 102.249626 -19.846493
1 -1615.962775 0.661051 79.968224 0.829580 956.593944 13.591603 433.708565 0.459766 61.348381 19.208598 327.115111 1.642348 105.791813 -19.846493
1 -1872.137036 0.600221 74.253362 0.916076 966.136875 11.488689 652.244739 0.005000 67.987851 21.825372 246.378249 11.219965 87.272055 -19.846493
1 -1787.190851 0.682008 77.268550 0.891320 981.216179 4.939148 755.152109 0.532693 68.951971 12.004066 223.853911 2.732513 86.422089 -19.846493
1 -1915.859393 0.622454 79.998550 0.956122 917.447733 2.032934 399.146756 0.016243 61.997905 17.441796 440.612105 12.994180 107.165351 -19.846493
1 -1618.918996 0.623209 79.420056 0.991252 990.902570 11.654395 312.688556 0.264571 68.372172 16.214131 220.008404 3.139675 84.795045 -19.846493
1 -1685.301119 0.631780 78.488488 0.787762 969.129162 11.068856 176.245055 0.097920 68.373269 21.312912 475.036129 3.079394 104.028598 -19.846493
1 -1625.876400 0.625182 79.831531 0.875121 966.914573 14.295394 130.968241 0.402822 75.422080 9.013104 165.579055 8.024702 113.503595 -19.846493
1 -1573.017669 0.654159 79.390551 0.850861 972.475213 3.208261 673.415917 0.578218 69.435928 12.939673 170.389508 1.586425 114.453869 -19.846493
1 -2014.674020 0.690436 79.947638 0.993467 946.918269 13.866823 293.110258 0.499440 78.315359 7.194453 211.278493 4.596054 91.523094 -19.846493
1 -2010.152597 0.682637 77.821539 0.945477 992.299238 15.281230 295.054230 0.252144 51.415050 3.240017 220.407432 7.281671 105.444692 -20.625723
1 -1898.848734 0.602408 73.960420 0.821293 965.209483 10.004046 535.381435 0.078611 50.123734 9.542845 146.391592 5.384354 112.728033 -20.625723
1 -1803.113389 0.644796 78.772327 0.868795 921.928882 4.916151 809.061340 0.526805 70.916732 14.578778 235.674110 8.461709 93.192873 -20.625723
1 -1670.013597 0.629745 79.792943 1.019080 992.124209 2.133195 138.633346 0.371193 63.949843 2.339005 159.149344 4.800703 97.775728 -20.625723
1 -1811.795220 0.629793 78.301803 0.798043 927.772005 4.362733 432.502982 0.060592 56.322715 19.893102 451.014496 12.574584 100.725494 -20.625723
1 -1550.044239 0.635327 79.874102 0.782024 969.793984 12.645983 267.423161 0.086494 61.230842 21.642920 264.574615 12.692315 97.654420 -20.625723
1 -1537.307956 0.610036 79.714198 0.834531 982.831307 9.871020 423.533017 0.302853 58.923209 21.276078 333.895179 0.685717 103.320332 -20.625723
1 -1570.414741 0.611188 78.095303 0.760478 971.556360 13.896505 333.173101 0.423718 69.929494 7.385606 130.903894 6.286465 112.164295 -20.625723
1 -1503.045506 0.630813 78.467111 0.785596 987.344104 4.731635 617.729713 0.557279 67.463312 11.091860 138.010228 1.612228 84.698071 -20.625723
1 -1869.898029 0.727433 78.958362 1.051156 996.935636 6.845259 929.665329 0.338216 58.857564 20.788296 268.500361 2.046512 86.082637 -20.625723
1 -1912.284918 0.648484 76.672783 0.972074 944.759518 16.447408 874.663930 0.074311 56.053763 19.813752 221.304793 3.872085 92.505565 -21.394448
1 -1790.626401 0.606760 73.997676 0.783392 973.053849 9.177225 581.180667 0.547194 59.768310 7.839377 146.789236 8.661902 99.281158 -21.394448
1 -1613.191543 0.659636 79.610345 0.789212 942.222011 3.142254 721.699711 0.544097 53.597962 5.335736 122.916866 10.125977 87.165087 -21.394448
1 -1775.205430 0.634067 76.296164 0.810699 983.186629 10.106381 297.016433 0.189442 77.652108 8.560985 252.890907 4.930787 98.272687 -21.394448
1 -1767.704606 0.600861 77.339924 0.928561 953.206575 4.667209 142.831089 0.280691 65.581810 10.842347 299.126133 4.478963 94.160942 -21.394448
1 -1758.963049 0.627975 78.999572 1.169126 996.092044 12.317404 121.598092 0.539324 64.521481 17.096602 198.257589 2.585609 92.607200 -21.394448
1 -1695.350309 0.617555 78.364309 0.761142 940.696579 10.269738 285.889396 0.255471 78.870992 8.939805 323.237286 9.073639 92.860609 -21.394448
1 -1693.431300 0.604715 76.853349 0.784941 942.199742 0.860447 618.325307 0.128601 61.619657 2.995009 195.104645 2.177073 105.585054 -21.394448
1 -1664.601066 0.634597 78.343524 0.891374 999.449893 3.756356 596.990768 0.500144 64.965928 13.693903 171.928349 5.357403 112.141914 -21.394448
1 -1726.322875 0.621640 77.172492 0.955298 960.860467 19.112396 203.269344 0.369890 77.980143 12.888780 115.469993 6.104348 88.180426 -21.394448
1 -2221.083226 0.647542 69.412583 0.763335 934.585763 18.731478 537.684402 0.015341 54.260073 16.575646 257.713306 1.297271 93.255035 -22.609764
1 -1910.173540 0.613863 72.846947 0.850235 987.288368 14.659931 660.419963 0.435952 57.261803 13.698755 130.543813 7.926910 101.027000 -22.609764
1 -1625.453622 0.661971 79.867646 0.928870 971.299430 3.559439 750.141305 0.524178 53.732956 5.064980 116.032314 9.909247 86.915099 -22.609764
1 -2394.793969 0.632602 70.473742 1.080369 994.784821 2.944392 379.661300 0.112740 74.053671 19.830131 282.408144 6.563504 100.669754 -22.609764
1 -1771.696389 0.609465 77.868596 1.011595 957.294626 1.360124 211.231071 0.237043 63.549593 8.827657 264.680778 3.542390 88.728661 -22.609764
1 -1851.810289 0.655134 78.640325 1.229297 989.880596 13.060271 220.310421 0.532884 60.295161 14.926664 103.414433 2.404712 95.070398 -22.609764
1 -1720.987235 0.630234 78.012511 0.765508 934.108939 18.838110 425.259669 0.159039 73.324806 16.963497 343.426691 11.030386 93.770100 -22.609764
1 -1637.233871 0.604840 78.121487 0.816459 936.040951 5.029490 675.971050 0.247922 59.545911 3.539477 153.004873 2.355950 103.227880 -22.609764
1 -1496.995517 0.623237 79.914361 0.768042 992.162440 7.646512 662.337986 0.380371 65.659751 19.076733 193.232136 5.376149 88.450285 -22.609764
1 -1792.619244 0.649535 78.234164 0.850860 943.947331 9.763173 707.228874 0.216268 50.824422 17.271581 197.540442 9.604068 99.255409 -22.609764
1 -1725.093949 0.626411 79.882846 0.765261 996.753487 16.193695 573.810944 0.306610 65.477500 7.504096 261.344524 8.367075 98.797847 -23.666452
1 -1955.222740 0.639610 73.296139 0.786736 985.934959 21.606617 662.727821 0.306110 70.402561 1.790254 149.143130 4.743238 108.338080 -23.666452
1 -1637.910451 0.620364 77.312528 0.794943 970.278104 6.152719 815.485850 0.551512 51.308305 6.724396 107.065677 12.078234 89.982938 -23.666452
1 -1890.421121 0.613569 75.785972 0.868748 973.805273 13.158552 628.590617 0.106354 73.015271 19.382168 320.388526 12.254938 91.769002 -23.666452
1 -2039.598111 0.621294 77.825845 1.053229 914.714682 4.889406 110.325318 0.081302 74.915223 14.165738 323.570071 3.977753 88.181937 -23.666452
1 -1620.087568 0.657211 79.084759 1.054215 985.508720 13.122437 250.908535 0.498745 65.483826 19.297569 104.831740 0.534018 95.822293 -23.666452
1 -1800.055113 0.607625 77.375177 0.902105 964.081273 20.279164 334.613459 0.082057 74.499206 17.820445 355.679961 9.822823 93.076126 -23.666452
1 -1691.005599 0.709840 79.428528 0.790625 985.652027 15.006086 834.895550 0.322163 79.688877 12.128702 165.475221 4.992968 97.562453 -23.666452
1 -1500.704906 0.639746 79.166596 0.770098 997.113560 8.112232 671.050189 0.460764 66.877061 19.798020 140.716819 3.752931 92.176867 -23.666452
1 -1846.865306 0.645369 78.345039 0.928915 927.901654 4.712658 926.956179 0.245670 50.430188 13.335245 206.162227 9.542023 97.349076 -23.666452
1 -1679.235815 0.618441 79.390790 0.980244 982.636658 18.287890 218.126424 0.427631 68.797833 6.620170 208.234663 5.281694 98.369344 -24.808188
1 -1771.049579 0.613804 75.110210 0.840027 964.179058 8.143795 561.052793 0.354616 68.001021 8.908219 100.421092 6.081667 98.645591 -24.808188
1 -1605.799673 0.672415 79.337456 0.793114 936.992680 8.480107 156.979212 0.087564 54.991057 12.119361 128.082458 0.646745 95.263238 -24.808188
1 -1729.045482 0.607646 73.443335 0.808013 947.704158 5.814862 169.942453 0.545664 73.045077 22.142408 218.854525 1.132521 86.436916 -24.808188
1 -1654.075866 0.627102 79.514935 0.910789 929.837611 8.487750 832.865236 0.339463 54.165034 21.209194 331.577048 6.733472 88.883002 -24.808188
1 -1702.772561 0.628643 76.792296 0.782722 946.872873 19.821519 585.269703 0.396272 55.632228 5.817668 128.487421 3.054434 92.114035 -24.808188
1 -1795.239679 0.607582 76.818412 0.905667 940.289133 9.077931 671.634890 0.283616 61.318139 5.610245 197.059714 13.683413 91.633392 -24.808188
1 -2106.311798 0.735682 79.952943 0.862639 974.306925 18.343811 753.068989 0.213505 53.133030 12.967983 240.978741 4.264246 104.230849 -24.808188
1 -1516.637016 0.636159 79.442276 0.758741 995.084624 7.831408 627.010889 0.387854 64.725511 15.117555 121.649357 7.216982 94.091223 -24.808188
1 -1932.833194 0.643903 74.478613 0.822018 968.409337 15.083907 453.448436 0.018089 78.962957 11.972030 252.256902 2.142952 107.186419 -24.808188
1 -1851.439560 0.681796 78.779986 1.048615 993.007927 11.849291 526.821718 0.103402 75.905942 18.916617 124.580105 15.065210 88.483090 -25.925677
1 -1895.294025 0.620759 76.546121 1.015457 974.868930 4.062022 710.451419 0.355228 62.971680 12.040910 212.773631 9.527611 98.369717 -25.925677
1 -1710.890612 0.689112 79.668883 0.924251 964.056111 10.166571 970.054639 0.059052 56.257447 15.198703 215.573386 4.423069 92.428511 -25.925677
1 -1760.532822 0.616345 77.685349 0.956207 975.542784 3.350818 206.264747 0.579139 77.736772 2.248196 221.003543 1.780783 113.404905 -25.925677
1 -1616.505784 0.614079 79.299230 0.845476 972.916260 6.395736 565.675009 0.432625 61.952238 21.228760 345.772801 6.002509 88.089281 -25.925677
1 -1656.241648 0.632288 75.734438 0.815753 958.926893 20.092349 597.433507 0.368900 60.079064 7.889261 160.085339 0.478138 89.010928 -25.925677
1 -1460.816252 0.614616 79.611615 0.780961 952.758912 6.539952 856.976748 0.324315 79.779534 13.591926 236.943863 1.806565 111.466278 -25.925677
1 -1813.379294 0.699419 78.851071 0.818080 962.916181 13.811897 971.090081 0.254023 51.898142 18.202148 343.859042 6.962188 98.203493 -25.925677
1 -1677.660345 0.653836 79.798820 0.999159 995.843386 7.567506 609.759232 0.347550 64.891042 13.888455 120.116233 7.941235 94.649653 -25.925677
1 -2114.576108 0.665964 75.496366 1.031575 969.489417 18.612175 219.222009 0.595432 53.087337 7.975990 210.608036 1.516377 107.079183 -25.925677
1 -1633.846502 0.646666 78.277992 0.883294 972.546242 3.455049 603.658754 0.156725 71.689601 19.254060 194.560503 5.197895 86.151236 -27.062756
1 -1657.288529 0.622204 78.852406 0.891103 974.571928 9.722804 114.519649 0.565348 59.213292 6.237935 138.975350 7.290267 109.532428 -27.062756
1 -1808.193118 0.638321 77.940502 0.948836 951.861205 18.456941 812.225227 0.107070 70.261560 14.051289 347.440028 2.761642 88.183478 -27.062756
1 -1636.015763 0.610730 75.432452 0.805174 979.676027 3.926869 219.367539 0.002202 50.135594 2.942158 133.404072 1.189569 107.324417 -27.062756
1 -1540.845398 0.607607 79.707415 0.791021 951.538899 9.420004 647.474425 0.501374 68.673270 19.628433 346.683262 7.205302 87.654590 -27.062756
1 -1540.541327 0.633313 79.209898 0.755586 940.019169 19.118376 762.615869 0.432051 61.967832 9.769923 119.636280 14.706086 86.947756 -27.062756
1 -1496.470158 0.616234 79.107407 0.756987 938.516418 9.077522 999.912898 0.155926 75.952773 13.479368 240.286661 2.067873 108.610048 -27.062756
1 -1616.686190 0.606074 79.172798 0.958704 952.664930 2.483198 168.469057 0.138476 60.597612 8.313620 165.492234 2.777904 99.088198 -27.062756
1 -1994.287577 0.681460 75.869000 0.802483 963.772211 9.284379 785.774329 0.389508 75.910421 16.790923 369.576958 9.030830 102.450292 -27.062756
1 -1997.335806 0.659568 76.371592 1.011318 971.364088 2.703344 628.704307 0.127043 79.809555 21.849217 364.672252 3.999045 99.754786 -27.062756
1 -1686.662263 0.624390 78.846237 0.939334 947.646811 5.852173 569.558702 0.264020 51.576028 17.096233 193.467939 7.772964 94.693393 -28.272849
1 -1720.072558 0.628806 76.112163 0.810255 982.313094 5.451004 647.811166 0.260891 64.332989 12.310610 244.004871 3.826727 84.748798 -28.272849
1 -1550.784243 0.609716 78.322931 0.779245 940.922420 17.453146 871.246256 0.084557 58.766312 1.624636 202.625441 1.526179 85.493510 -28.272849
1 -1948.454542 0.637920 75.976113 0.813921 947.843245 19.104126 645.983687 0.162569 67.198326 4.627338 181.463094 8.887808 102.992464 -28.272849
1 -1717.009028 0.605089 77.943916 0.949575 963.625336 2.046692 312.240861 0.407009 73.901701 20.698386 364.330071 5.865655 87.403430 -28.272849
1 -1426.148120 0.638923 79.574141 0.763270 965.009526 16.864516 635.462561 0.522688 64.344980 13.091933 125.971834 1.275918 86.109341 -28.272849
1 -1498.827210 0.604083 79.205096 0.767885 955.507888 10.772348 849.194710 0.189430 70.892642 10.653250 217.751141 3.086801 114.915700 -28.272849
1 -1521.210435 0.617659 79.981212 1.002035 956.849496 5.077315 916.118511 0.250900 56.526174 2.939844 109.063388 1.589713 95.953090 -28.272849
1 -1661.748672 0.616961 76.979430 0.776849 946.276353 2.871340 245.948580 0.550946 65.803053 19.139060 327.850016 4.466919 85.348015 -28.272849
1 -1630.032515 0.668046 79.443612 0.773917 996.825761 5.644554 746.265036 0.366929 54.818936 18.886797 316.912356 4.486264 95.657258 -28.272849
1 -1612.645751 0.618815 79.010942 0.918536 982.629674 5.009279 616.946994 0.274776 76.090261 19.563731 255.352867 4.356968 95.431652 -29.509005
1 -1758.723240 0.628270 74.395512 0.848520 976.189101 9.921376 788.105951 0.411499 69.030401 11.092432 167.783501 0.809778 114.582645 -29.509005
1 -1485.627754 0.611176 78.293848 0.785684 940.309953 20.299478 997.970133 0.002349 59.545453 21.097460 192.144985 0.996864 87.776551 -29.509005
1 -2139.458310 0.687876 76.573923 1.000138 956.691448 1.974746 980.578571 0.531906 67.223294 19.836716 105.543073 4.538657 98.536874 -29.509005
1 -1831.706707 0.629064 76.641233 0.896827 971.767139 21.505206 267.652967 0.341887 75.174434 17.630042 340.234815 8.686027 88.145775 -29.509005
1 -1553.384659 0.625759 79.448859 0.778441 982.644689 11.561557 548.629671 0.000176 68.242021 14.258030 120.544924 14.652673 90.857889 -29.509005
1 -1557.570516 0.615690 79.726878 0.763814 936.460738 16.710031 921.904972 0.071918 67.122628 10.969606 229.618736 4.970783 109.508535 -29.509005
1 -1644.858892 0.659917 77.876712 0.844181 955.351068 15.860906 703.154403 0.519587 54.236716 8.280541 181.243183 0.805152 89.699945 -29.509005
1 -1770.389884 0.624418 75.831190 0.847987 959.365464 8.472582 865.504697 0.043654 74.453276 10.866469 132.330009 6.569411 104.039229 -29.509005
1 -1712.799489 0.676483 78.882192 0.791528 962.557705 3.427001 770.168163 0.362598 57.684338 12.061670 292.198439 4.841921 93.242310 -29.509005
1 -1656.970530 0.637825 78.729061 0.950113 986.085077 8.336783 482.397749 0.392958 65.681609 15.837595 200.244162 2.986951 104.375929 -31.244618
1 -1542.591824 0.637879 79.597940 1.005084 962.620647 12.472903 288.040265 0.166949 53.296374 20.228443 175.130257 0.675302 93.778967 -31.244618
1 -1460.850300 0.600617 77.526340 0.766998 951.660818 21.481326 139.086368 0.529883 61.412124 21.083464 156.950908 0.909896 94.011300 -31.244618
1 -1768.073932 0.607764 79.700244 0.904625 909.060077 2.685961 565.403688 0.057748 54.841937 20.332581 450.859538 11.055840 98.753716 -31.244618
1 -1697.040518 0.616689 79.371295 0.952677 945.646094 6.473367 245.950705 0.321461 62.673895 14.897614 318.766852 5.875002 91.728862 -31.244618
1 -1661.360807 0.609960 78.347571 1.041066 996.535107 12.631834 515.894534 0.017806 77.816448 13.273931 115.547762 0.773118 93.899430 -31.244618
1 -1474.209851 0.600120 79.760374 0.755640 938.640237 10.768294 923.281740 0.562804 76.318030 13.826254 256.372147 5.161790 113.265772 -31.244618
1 -1580.843207 0.619204 79.543976 1.031207 976.541270 7.351011 241.952288 0.231158 70.321495 12.006974 202.616949 0.672613 109.728686 -31.244618
1 -1510.000920 0.678609 79.345728 0.761146 985.636778 20.333683 148.323033 0.587313 72.141864 13.984230 169.445489 1.223317 96.137122 -31.244618
1 -1944.704733 0.673694 79.225861 0.807884 964.198195 5.200146 442.115146 0.419984 64.236458 16.041166 291.372044 5.908487 114.978767 -31.244618
1 -1553.556276 0.641608 78.923042 0.817093 963.702068 17.532075 423.580213 0.111569 63.554275 16.577177 122.177434 2.406687 95.670420 -33.310300
1 -1487.657404 0.624976 78.996478 0.846678 973.901680 12.359655 720.377662 0.538849 65.531183 17.925912 141.442357 0.550075 101.207916 -33.310300
1 -1428.211282 0.635184 79.679937 0.789078 997.759158 18.302973 187.961087 0.017209 57.652173 22.217523 136.603697 1.274529 94.368091 -33.310300
1 -1965.049894 0.638897 79.131566 1.016036 940.434907 7.066022 862.431124 0.467642 55.674572 14.634782 431.982749 6.197839 98.308240 -33.310300
1 -1681.080377 0.605933 75.948563 0.871017 975.362985 8.643074 431.019468 0.518980 76.023029 18.993177 290.342079 0.679257 88.856570 -33.310300
1 -1772.711099 0.620034 75.681860 0.771591 946.796640 17.078698 810.053858 0.004580 79.222734 22.376795 232.112291 13.397878 105.172133 -33.310300
1 -1421.831955 0.603360 79.613656 0.761210 942.516278 11.673632 735.155569 0.421023 71.998758 16.475733 214.737248 2.700749 87.653184 -33.310300
1 -1611.446557 0.619356 78.905722 0.786691 958.966003 16.622963 529.941319 0.534738 57.507108 12.778949 199.876924 12.397097 106.810771 -33.310300
1 -1705.911331 0.664699 79.614004 0.774901 944.676656 20.353178 186.694683 0.357136 61.896245 7.163029 247.405095 3.319871 87.889254 -33.310300
1 -1516.983584 0.622250 79.782598 0.799867 952.372808 20.153598 631.667008 0.253565 75.591169 20.732478 184.822940 8.066787 99.911033 -33.310300
1 -1512.758711 0.634697 79.916506 0.853657 989.484533 2.353652 479.026779 0.140661 69.700148 9.137625 127.490918 3.224637 114.107391 -35.243929
1 -1591.125471 0.641878 78.110434 0.761036 989.527314 16.765989 563.645736 0.024417 55.582557 7.758698 229.106828 0.931287 111.486833 -35.243929
1 -1427.803027 0.629137 79.941486 0.769140 987.442843 16.448629 215.175662 0.046566 55.183016 3.971215 143.401113 1.914751 97.593548 -35.243929
1 -1664.295181 0.644116 79.961131 0.775697 967.106918 16.144885 118.147978 0.014879 55.777682 17.725769 398.732563 10.620606 98.857112 -35.243929
1 -1578.596657 0.633219 79.734188 0.837755 913.922083 7.470510 440.568119 0.345374 50.166998 18.066347 249.946991 0.869550 92.033893 -35.243929
1 -1812.922135 0.602320 78.365882 0.957486 918.634339 15.695532 712.640645 0.006373 79.982889 22.523414 249.882400 12.700402 102.007048 -35.243929
1 -1449.285361 0.626314 79.851550 0.777693 954.824647 13.310403 164.043826 0.190774 66.969299 3.558141 188.600251 0.817212 99.725074 -35.243929
1 -1635.485714 0.651150 77.647444 0.909236 986.797392 19.488300 531.829200 0.518601 51.688335 9.768759 114.119937 0.799581 87.215369 -35.243929
1 -1518.692011 0.601603 79.828574 0.989123 944.080431 10.078874 702.977670 0.374222 69.794828 15.985940 223.879413 1.598236 85.834262 -35.243929
1 -1541.536988 0.621880 79.912549 0.836844 951.037859 19.449583 645.020130 0.096356 76.426504 19.906818 187.018382 8.093561 101.041693 -35.243929
1 -1668.185803 0.601904 77.606556 1.023423 965.473382 13.718179 901.659110 0.238568 57.870819 20.872120 159.025622 2.332163 88.942422 -37.656826
1 -1595.935415 0.633028 78.536677 0.794260 959.516593 12.731613 616.490427 0.221529 54.093363 11.991565 153.596396 8.663096 95.746667 -37.656826
1 -1401.949628 0.622580 79.984639 0.764217 988.796181 15.336629 162.953451 0.553836 59.723934 1.531528 113.016188 0.526240 98.426843 -37.656826
1 -1771.749823 0.659455 78.731768 0.764027 979.120849 20.429910 239.388129 0.589528 79.638944 13.798939 389.164971 9.374415 102.308819 -37.656826
1 -1631.256115 0.641891 79.829693 0.756541 933.072544 4.252952 848.008497 0.263897 53.623832 17.438859 220.414239 7.725068 104.960638 -37.656826
1 -1654.428641 0.621168 78.978454 0.790750 972.063667 3.705715 468.568131 0.417748 59.592155 1.862594 194.548610 10.414304 112.588167 -37.656826
1 -1530.915586 0.622177 79.888366 0.860713 984.776946 8.580409 675.204293 0.001694 58.629404 12.483904 129.963120 6.163442 114.317567 -37.656826
1 -1724.784281 0.656169 77.952576 0.842083 979.236161 19.967934 805.321245 0.514867 55.211465 7.926463 139.777686 11.288698 88.250156 -37.656826
1 -1454.230178 0.606314 79.639695 0.794023 924.956790 7.374052 112.064367 0.260512 64.410912 13.852354 195.434378 1.225326 85.075613 -37.656826
1 -1583.613918 0.616574 79.092636 0.824666 989.773460 21.249817 382.862792 0.217876 69.748278 17.894449 114.160952 10.060994 107.331067 -37.656826
1 -1672.229012 0.605440 75.858138 0.794411 962.024733 8.746788 929.092097 0.118364 61.871845 18.399087 133.487104 9.514384 98.526331 -40.265595
1 -1469.770091 0.643476 79.025038 0.782627 947.242285 9.084089 990.571671 0.492079 79.668637 15.957722 127.571493 1.236521 93.596987 -40.265595
1 -1506.982207 0.616313 78.907033 0.758535 953.994271 16.899240 765.707089 0.302042 77.860636 20.208427 277.339828 3.523796 96.547145 -40.265595
1 -1623.383819 0.687714 79.197060 0.764955 994.030981 14.433585 222.868053 0.177297 71.472495 18.118924 206.678110 12.719664 88.210399 -40.265595
1 -1600.260912 0.634210 79.286393 0.775790 924.862555 3.022981 996.106867 0.200130 78.095531 19.027058 194.336696 8.681252 103.471540 -40.265595
1 -1455.573604 0.605609 79.726138 0.804456 938.118997 20.631186 485.940311 0.039213 78.775864 14.387436 246.171413 1.657135 90.121016 -40.265595
1 -1513.721429 0.611069 79.825643 0.785797 955.326984 12.699538 845.993847 0.151919 54.923514 11.115766 229.096887 5.254397 112.915972 -40.265595
1 -1707.803688 0.632316 77.423484 0.846183 971.002588 9.509492 440.663487 0.172625 73.331116 17.018343 136.524495 12.768032 103.265204 -40.265595
1 -1606.180435 0.639836 78.797062 0.869280 946.385044 1.655039 985.254857 0.135590 55.761230 12.768432 199.139486 9.125348 88.766759 -40.265595
1 -1555.797128 0.621603 79.291434 0.813769 985.649834 15.324714 764.708748 0.231387 53.870502 7.732287 197.846726 1.595699 94.567874 -40.265595
1 -1669.047822 0.631338 76.994765 0.832011 952.946808 3.159249 921.867754 0.124036 59.917738 18.535862 105.521835 10.262993 99.626893 -43.445456
1 -1655.291375 0.660646 78.770292 0.927027 978.676199 6.479178 920.220071 0.424122 52.114875 17.986406 110.149486 6.394607 92.609169 -43.445456
1 -1531.961697 0.615966 79.691789 0.839884 954.775913 15.266984 820.198426 0.254466 71.574177 14.912968 256.928943 3.667702 96.413474 -43.445456
1 -1717.362399 0.714431 79.880267 0.918901 990.109426 12.899118 266.920401 0.214725 52.446914 17.362935 231.660383 2.569793 85.111674 -43.445456
1 -1609.351147 0.609410 79.744831 0.936469 965.955609 5.475449 172.048759 0.142051 79.019710 14.614058 252.668488 6.102730 105.056839 -43.445456
1 -1384.207604 0.606492 79.924288 0.762038 927.162622 12.036350 621.135010 0.060669 54.718316 16.985240 233.270335 0.640687 91.730739 -43.445456
1 -1493.424370 0.604494 79.792408 0.791961 983.725690 9.151223 961.170195 0.226840 69.895434 2.616890 138.830904 1.322908 109.892865 -43.445456
1 -1580.851138 0.641224 78.946894 0.815474 950.619116 6.488582 984.463896 0.284908 75.019731 16.661219 160.560129 7.397769 104.992465 -43.445456
1 -1508.391798 0.645359 79.896445 0.764886 974.474352 1.017286 893.479136 0.028379 56.803075 1.980282 138.841010 8.542515 90.472129 -43.445456
1 -1551.547812 0.622613 79.349251 0.807410 982.875117 10.378548 867.743103 0.266176 69.961390 11.270269 218.825060 2.046033 93.851758 -43.445456
1 -1632.381386 0.607509 77.819749 0.898977 937.732841 4.513089 958.996344 0.005172 77.192993 18.120759 141.558030 9.710823 98.808075 -47.071651
1 -1625.539251 0.645424 79.357239 1.014846 990.803552 17.927926 467.534955 0.469276 55.226290 21.918076 205.434337 0.592779 97.844694 -47.071651
1 -1486.326369 0.605406 79.522840 0.850202 947.729090 17.545729 954.457511 0.263325 68.740468 16.628658 231.353132 0.951393 104.933967 -47.071651
1 -1669.223408 0.688312 78.748192 0.816994 999.306320 7.758835 421.504577 0.194951 56.948937 19.993191 233.589689 5.508912 91.815467 -47.071651
1 -1599.476906 0.611903 79.828282 0.913808 946.268559 3.803037 922.094434 0.017319 71.567212 10.149456 270.458797 5.400521 99.980058 -47.071651
1 -1549.112427 0.640470 79.476768 0.843178 992.634749 9.430705 435.776979 0.070235 55.715866 15.639168 114.747461 7.865695 90.573273 -47.071651
1 -1460.986513 0.633075 79.382337 0.788757 973.075371 11.351221 952.279353 0.137894 68.351907 20.752408 113.096622 1.947899 109.694715 -47.071651
1 -1526.488727 0.632384 79.137104 0.839917 939.947763 8.436839 597.653967 0.143415 71.528538 15.062316 152.276946 1.395598 90.187583 -47.071651
1 -1539.135355 0.620382 79.504275 0.757295 988.154816 6.793489 808.609315 0.277580 76.280725 18.426539 112.182887 8.702380 96.167899 -47.071651
1 -1505.681037 0.607948 79.902759 0.929295 979.919940 3.471776 541.402750 0.080587 51.289145 9.199150 171.373104 0.603892 99.262500 -47.071651
1 -1535.271781 0.609409 77.709791 0.762093 977.942061 8.927421 424.516683 0.129192 51.915001 21.101196 129.533371 8.538755 88.899964 -51.670951
1 -1493.968794 0.612427 79.982324 0.772247 958.890103 13.300151 793.247327 0.145760 78.054314 3.998413 120.448642 10.250244 102.179203 -51.670951
1 -1488.074143 0.601909 79.156338 0.821165 951.948524 17.126676 948.947841 0.258611 70.927700 19.186381 242.638308 1.420364 103.182537 -51.670951
1 -1651.107556 0.674697 79.004165 0.817972 985.167905 13.446303 493.321466 0.192075 60.542140 18.912015 234.296232 5.265745 96.712850 -51.670951
1 -1505.153993 0.645895 79.819203 0.821715 967.390902 22.129622 166.129443 0.545034 52.894609 17.286867 149.197953 2.541183 91.837169 -51.670951
1 -1540.572960 0.609797 79.687737 0.826229 951.320677 17.398497 482.207953 0.284709 79.291645 3.599885 138.886961 9.169644 99.550314 -51.670951
1 -1430.265120 0.635366 79.533974 0.778215 988.993443 12.791457 198.793609 0.091651 65.652660 2.293119 112.633195 0.625339 111.531636 -51.670951
1 -1463.908161 0.609120 79.377299 0.849196 959.398578 0.992389 143.273424 0.283329 63.939783 14.620727 160.917482 2.468607 88.000508 -51.670951
1 -1524.075571 0.658926 79.785873 0.795550 990.040348 12.166620 484.611088 0.512023 56.003388 15.120898 243.676184 1.513957 93.100514 -51.670951
1 -1536.123830 0.630722 79.156542 0.756230 985.977556 5.514684 129.988182 0.483641 61.966315 2.649657 185.453395 4.219072 90.679656 -51.670951
1 -1550.136193 0.609083 78.744592 0.886620 973.771483 5.528879 221.477511 0.079766 77.078070 18.608684 114.938565 9.092061 87.410984 -56.674324
1 -1481.076069 0.614735 79.815177 0.811384 960.263081 8.593105 548.819673 0.113633 74.158095 7.376344 102.691746 10.389127 91.725247 -56.674324
1 -1489.837975 0.615628 79.581034 0.755056 965.277084 19.011311 955.417083 0.230651 67.378240 19.479954 259.182059 0.776383 99.089447 -56.674324
1 -1463.756054 0.619387 79.711035 0.784107 995.330493 16.602968 536.691079 0.059239 60.961419 9.073777 107.590360 3.903205 110.439883 -56.674324
1 -1519.943949 0.630611 79.371024 0.847789 969.294756 18.963354 325.155847 0.050602 56.533879 21.985561 161.362792 6.565888 86.317461 -56.674324
1 -1409.815077 0.608620 79.549545 0.779287 938.278566 1.410448 731.018635 0.042560 66.153186 9.507267 199.839165 0.612707 99.604536 -56.674324
1 -1487.555200 0.609831 79.373763 0.806387 984.106384 17.980268 418.330892 0.172692 66.221260 5.913604 154.465724 2.722400 114.590719 -56.674324
1 -1538.507649 0.604674 78.603431 0.867814 962.270227 19.553453 936.145192 0.579827 74.993543 21.720928 193.694239 2.026343 94.298838 -56.674324
1 -1531.667211 0.659034 79.898784 0.799391 993.823204 16.716910 365.467565 0.554198 53.459407 16.569003 200.504630 4.157016 97.747238 -56.674324
1 -1484.250429 0.605384 79.782362 0.757732 957.818625 14.683560 127.601703 0.160851 70.087084 8.373741 167.201260 12.778256 97.341723 -56.674324
1 -1441.862866 0.614018 79.645817 0.805708 961.100994 5.138756 723.608003 0.111706 59.486989 6.910747 176.968344 0.779655 107.480272 -62.424414
1 -1473.449226 0.618305 79.891407 0.759627 949.404074 11.741913 647.698753 0.127024 67.688819 12.939121 137.448942 11.702355 95.046088 -62.424414
1 -1431.247465 0.606835 79.675000 0.803303 948.845684 1.032663 686.381607 0.173626 65.264370 21.459720 232.410656 3.174633 85.701575 -62.424414
1 -1434.297220 0.610880 79.581723 0.755577 983.331145 19.847086 525.539531 0.411914 70.321340 7.361280 102.083680 3.639965 112.933892 -62.424414
1 -1502.486026 0.609377 79.520806 0.877299 960.323442 4.905016 185.061295 0.151837 59.510391 18.671628 114.780702 6.508222 91.057024 -62.424414
1 -1442.567807 0.612679 79.554748 0.812121 951.162058 0.861557 824.708002 0.029922 60.580719 11.524029 220.531306 0.456769 101.260224 -62.424414
1 -1493.231777 0.624154 79.492267 0.778126 981.456994 3.137858 544.920620 0.548452 54.527531 7.549855 151.687298 5.348014 91.258526 -62.424414
1 -1570.453625 0.646905 79.753717 0.773162 957.960895 5.445046 906.092936 0.171123 50.366493 17.151507 227.692079 13.567325 97.956083 -62.424414
1 -1434.476382 0.611162 79.503839 0.768671 964.668653 6.606667 763.578001 0.248008 74.924336 11.164061 161.506613 3.152585 91.381377 -62.424414
1 -1430.126609 0.618351 79.783628 0.763614 932.985406 2.919066 973.344965 0.377412 64.793338 22.125347 118.279134 8.000439 89.538525 -62.424414
1 -1396.231468 0.609378 79.993692 0.766815 955.562700 5.402957 653.431323 0.154168 61.925951 5.278671 171.777228 0.705140 108.074302 -67.147818
1 -1472.649416 0.612388 79.967551 0.773603 912.877937 3.327209 963.083537 0.189881 73.488748 18.831976 113.864384 7.199818 87.048789 -67.147818
1 -1426.043643 0.637983 79.660900 0.833485 972.299189 5.662561 210.526201 0.248866 77.472411 12.667823 106.172727 0.685777 89.916384 -67.147818
1 -1445.453522 0.648923 79.639978 0.767944 981.060258 9.106255 243.821660 0.172430 54.522490 14.537140 200.625997 0.731943 93.849086 -67.147818
1 -1489.380372 0.608335 78.510323 0.777461 953.441364 7.266747 975.378412 0.132115 61.789040 19.554468 136.662164 6.762485 85.735721 -67.147818
1 -1498.983306 0.621318 79.417898 0.829433 978.028482 14.428493 547.085920 0.025573 79.818692 16.490235 181.204469 4.161225 89.503987 -67.147818
1 -1474.395877 0.622744 79.558647 0.769666 941.529228 8.427685 921.798062 0.417528 61.022168 22.465439 107.046597 8.166791 95.369968 -67.147818
1 -1435.240331 0.620020 79.646449 0.793315 949.764745 4.266405 413.543343 0.402749 69.757485 16.828322 191.643260 1.028086 105.004441 -67.147818
1 -1387.513507 0.614282 79.463085 0.762295 966.318318 10.473020 225.586201 0.337472 74.234502 13.457130 173.929507 0.516031 93.101213 -67.147818
1 -1456.416846 0.615871 79.803530 0.855329 950.157846 14.215845 542.278792 0.118651 65.857291 15.141002 203.520820 1.548617 85.850997 -67.147818
1 -1409.073962 0.601260 79.500981 0.798610 964.654864 5.733615 649.899604 0.123495 58.764892 2.878528 122.213077 0.552823 99.377850 -71.670589
1 -1485.360937 0.611122 79.799436 0.774006 915.516409 4.380742 860.302798 0.245527 77.908885 21.928554 133.094515 7.355538 84.733637 -71.670589
1 -1420.490673 0.628113 79.992976 0.835106 970.672340 9.117198 318.157896 0.306945 78.186539 13.168619 104.848812 1.916863 85.946550 -71.670589
1 -1535.854441 0.653057 79.421880 0.904212 972.705055 9.526865 298.180304 0.131254 52.662921 15.314593 180.938271 1.080144 86.358085 -71.670589
1 -1461.728776 0.607621 79.845387 0.802924 959.213838 14.065555 492.300669 0.398993 61.300837 17.572629 219.006346 5.411043 88.990479 -71.670589
1 -1475.971635 0.608783 79.920757 0.825160 971.027403 19.428125 536.219073 0.111861 59.148206 20.750912 158.326990 5.457388 109.440350 -71.670589
1 -1398.527425 0.602906 79.566623 0.762676 972.884371 14.568070 296.450378 0.466817 72.510691 11.525386 184.273101 0.688673 96.797694 -71.670589
1 -1457.377259 0.619492 79.448022 0.824722 942.982548 3.654662 339.026935 0.479274 79.551522 13.900417 230.187933 0.701740 99.395110 -71.670589
1 -1423.253088 0.606231 79.698871 0.762873 978.315056 6.821028 582.926374 0.200119 59.624808 6.150346 158.837868 0.768750 100.940006 -71.670589
1 -1463.032108 0.619950 79.978756 0.776963 942.001979 13.562142 859.595483 0.554285 63.160027 9.571061 192.331670 3.094188 85.723800 -71.670589
1 -1397.874672 0.600522 79.642989 0.777919 955.681617 4.293828 627.171736 0.224518 58.698136 4.352398 127.978474 1.566464 96.731675 -76.186216
1 -1447.833703 0.605213 79.708090 0.768437 919.708616 2.391458 921.209551 0.271611 77.874856 19.575582 100.336626 8.133816 88.432896 -76.186216
1 -1420.929827 0.620878 79.775790 0.759156 948.173425 9.635826 209.803971 0.483293 51.664630 14.532847 126.412430 0.852698 115.177043 -76.186216
1 -1545.301356 0.656255 78.842926 0.787363 969.367461 6.378062 199.749980 0.248279 50.216229 16.319225 213.938084 1.570362 91.398367 -76.186216
1 -1454.850096 0.600743 79.977899 0.811395 965.134070 15.219290 547.697210 0.351346 64.116284 15.311246 206.058484 5.090195 87.468136 -76.186216
1 -1397.554273 0.607988 79.806945 0.797703 966.420051 17.816295 503.718995 0.070700 56.166421 19.295572 155.054456 1.836742 89.807651 -76.186216
1 -1372.581482 0.627128 79.958754 0.787584 967.917938 15.793730 116.348534 0.339799 77.668828 19.770294 133.869692 0.617830 100.973943 -76.186216
1 -1470.144292 0.609502 79.658924 0.834202 947.598533 5.385726 304.918495 0.482406 54.414351 14.234059 220.200102 1.111088 104.406170 -76.186216
1 -1401.269311 0.605467 79.918585 0.772707 988.729074 6.283307 560.249208 0.169165 64.499034 4.828223 105.086890 1.290005 105.477822 -76.186216
1 -1442.414249 0.606706 79.274627 0.822977 933.899344 7.357955 820.901204 0.194877 68.169023 19.198755 149.272910 1.307096 94.966029 -76.186216
1 -1406.861100 0.603708 79.802512 0.792859 963.191817 8.947254 533.475234 0.222432 58.693100 4.517722 120.283750 2.034806 95.531058 -80.126569
1 -1415.984475 0.602945 79.908153 0.767719 934.626967 6.906912 823.021997 0.275904 75.765791 20.886471 127.365524 8.855569 86.670493 -80.126569
1 -1404.644320 0.624698 79.799979 0.765483 938.494747 6.220781 369.822971 0.430497 51.730731 11.483576 148.729050 0.626017 91.110442 -80.126569
1 -1379.621562 0.602088 79.875082 0.772604 958.311755 6.874460 656.263016 0.216212 57.987921 4.846104 106.584044 2.110041 88.633823 -80.126569
1 -1414.369733 0.614277 79.945727 0.800524 974.739299 3.646079 912.530299 0.380066 64.655594 8.922692 108.087651 1.718866 106.997910 -80.126569
1 -1378.190584 0.616474 79.884007 0.770724 968.176992 1.656004 372.534643 0.046363 69.507098 19.897975 126.627338 1.772881 93.965367 -80.126569
1 -1390.489995 0.604018 79.917283 0.756972 968.839158 9.872444 218.042653 0.340922 58.342240 14.837638 191.212195 2.341161 95.824932 -80.126569
1 -1427.801077 0.619324 79.859646 0.774720 961.178840 5.870315 824.533057 0.044543 65.456403 14.289931 211.893132 1.517729 104.692253 -80.126569
1 -1367.017679 0.607897 79.651892 0.766966 964.290978 18.818983 268.319676 0.147669 75.935823 16.346512 160.187709 0.550654 113.201668 -80.126569
1 -1437.243608 0.615256 79.376379 0.827411 918.561870 5.969373 781.764265 0.260089 63.331333 19.936853 152.853865 0.539634 90.407101 -80.126569
1 -1409.440456 0.610651 79.854957 0.756577 958.524429 3.271375 530.995172 0.434070 77.627811 1.926951 109.362724 2.339277 98.940737 -83.915531
1 -1450.969297 0.607194 79.758501 0.788078 926.878451 6.997588 967.277845 0.079666 77.284054 21.405790 182.975175 8.179270 89.044023 -83.915531
1 -1433.389957 0.620949 79.123997 0.786225 955.820805 22.257173 401.872572 0.542387 74.900505 8.719362 135.694355 0.992142 87.465503 -83.915531
1 -1406.368574 0.603728 79.796389 0.822348 956.737762 7.380123 689.664522 0.208953 57.333404 3.481645 101.971545 1.740950 87.886173 -83.915531
1 -1422.864839 0.624613 79.814174 0.783919 972.888638 2.108328 870.106078 0.483201 66.261247 12.237867 155.946066 1.230488 108.281663 -83.915531
1 -1398.233155 0.608745 79.857100 0.764020 969.178347 4.682083 382.490259 0.140974 69.953902 21.989008 108.989482 4.508336 95.571210 -83.915531
1 -1443.910246 0.608002 79.854593 0.758044 963.080044 16.984476 530.276154 0.175183 69.124752 16.920761 253.167900 2.908561 104.904879 -83.915531
1 -1423.987218 0.611557 79.850547 0.794949 953.288236 7.394361 808.417797 0.592090 59.145354 4.132993 141.219406 1.431261 89.270781 -83.915531
1 -1412.612966 0.608881 79.853190 0.864264 964.503273 16.180585 357.629436 0.276520 73.070414 17.620935 161.491894 0.964366 85.276490 -83.915531
1 -1455.605600 0.611672 79.363944 0.761844 979.456970 16.961898 836.226404 0.554243 64.193182 16.152381 138.134051 1.044553 90.285476 -83.915531
1 -1356.783316 0.609748 79.642592 0.773008 964.028675 3.571696 406.888482 0.513313 78.644439 22.550527 115.038913 0.634824 100.176132 -88.166873
1 -1398.869003 0.610368 79.969069 0.757631 966.112500 1.846870 398.988753 0.135596 67.426658 19.102948 133.786451 3.788061 98.679397 -88.166873
1 -1369.728478 0.612872 79.903261 0.777708 981.802960 8.364957 100.070587 0.513617 59.412128 20.002132 129.443949 0.507334 96.870004 -88.166873
1 -1437.111649 0.617259 79.988777 0.826513 990.828714 21.462120 163.345189 0.339855 76.896143 14.523683 124.504462 3.089078 102.408519 -88.166873
1 -1448.805764 0.602701 78.815667 0.789538 973.880586 14.192659 778.129092 0.315713 74.673621 20.368727 125.467270 0.557789 111.884868 -88.166873
1 -1471.593425 0.609091 79.488990 0.800759 948.067091 8.522738 794.086048 0.441302 66.479786 20.621730 138.852588 7.516272 93.577226 -88.166873
1 -1469.558826 0.603091 79.322881 0.771307 964.886010 13.911227 771.423605 0.172570 62.680076 18.188637 267.505712 1.914675 109.073010 -88.166873
1 -1374.104073 0.603111 79.925810 0.757522 972.480205 1.567949 137.366395 0.499114 64.249178 19.284225 113.005899 4.069706 91.597899 -88.166873
1 -1474.831706 0.607271 79.778776 0.885194 957.626194 16.433270 553.326637 0.277041 78.684320 10.508340 182.786088 1.944415 88.499510 -88.166873
1 -1427.154704 0.606470 79.101059 0.764214 962.046399 2.888658 680.558358 0.442435 70.900701 19.326908 142.555236 2.067248 107.358685 -88.166873
1 -1384.941176 0.606894 79.756969 0.803679 962.477955 9.056845 612.392712 0.471190 55.338282 18.354808 129.596070 0.774910 101.813964 -92.801204
1 -1441.499103 0.600571 78.949567 0.794607 954.306887 21.435619 921.259702 0.212165 50.494269 20.255804 133.353719 0.657210 105.459002 -92.801204
1 -1417.358541 0.603510 79.988054 0.799261 982.217839 4.223254 286.571736 0.049127 61.823253 18.977279 145.674286 4.393845 97.757358 -92.801204
1 -1369.743253 0.616230 79.959852 0.776674 976.362355 1.473818 172.422161 0.332246 50.003644 11.642338 124.474548 0.650060 102.251418 -92.801204
1 -1537.774555 0.622143 79.482674 0.901107 975.926822 16.770935 897.192446 0.439262 72.935475 20.262077 188.029224 1.662320 108.870373 -92.801204
1 -1405.499112 0.602291 79.984468 0.755753 948.451973 5.752039 598.173313 0.484099 63.279399 22.301065 132.965555 8.191758 90.207835 -92.801204
1 -1380.386858 0.610382 79.400701 0.759271 942.043904 8.970224 121.176389 0.209084 79.017117 21.981378 157.300069 0.775102 90.556939 -92.801204
1 -1388.872667 0.607545 79.842829 0.772461 968.260083 19.139024 212.294091 0.546031 65.751764 21.733328 111.765319 4.329584 86.582850 -92.801204
1 -1433.427488 0.622108 79.464029 0.778605 982.438949 14.005522 502.459324 0.299801 68.615394 16.099852 122.810578 1.983651 107.096602 -92.801204
1 -1428.274733 0.603026 79.677556 0.795404 960.230076 14.549260 572.054267 0.366709 54.167300 9.863828 127.703289 3.617662 90.084533 -92.801204
1 -1468.203767 0.618675 79.877165 0.808412 966.097944 0.977671 145.765190 0.340416 57.831196 21.652439 117.651519 2.845537 105.246402 -97.063885
1 -1391.879929 0.608205 79.484137 0.788468 962.505856 3.641716 317.304895 0.526450 71.018633 22.366544 102.744460 1.038518 111.921498 -97.063885
1 -1434.383193 0.604422 79.969258 0.810602 985.259925 5.321250 130.973296 0.127281 63.376787 20.151309 141.452184 5.259320 97.033864 -97.063885
1 -1385.753515 0.606977 79.691417 0.759825 963.240047 13.904708 776.373359 0.258031 50.091881 19.878630 143.916432 0.592413 101.757430 -97.063885
1 -1392.140857 0.605979 79.880086 0.759096 977.733652 12.079536 594.516731 0.007289 64.283647 19.742873 100.114164 3.365568 102.379215 -97.063885
1 -1442.742509 0.602668 79.661144 0.772598 955.672129 5.956616 657.689262 0.485595 57.808460 3.524985 109.244801 6.866683 92.400395 -97.063885
1 -1402.783958 0.615736 79.256414 0.766718 948.583855 8.978390 816.410668 0.030364 51.213591 17.522026 162.632918 0.659793 90.318650 -97.063885
1 -1411.618632 0.620141 79.580385 0.755259 965.055211 21.294992 101.756863 0.438011 69.322729 20.151667 105.795108 3.248611 88.582195 -97.063885
1 -1422.579942 0.622582 79.742631 0.772408 995.468932 6.758188 301.198976 0.529908 69.308380 15.096738 103.278023 3.200665 86.677471 -97.063885
1 -1411.191602 0.610434 79.894670 0.755143 973.797127 19.282883 700.450563 0.030604 73.994949 18.955417 135.377377 3.351995 104.234423 -97.063885
1 -1409.464282 0.627423 79.829616 0.797542 973.480977 6.524752 126.035152 0.257899 78.966263 21.946858 105.659490 2.542570 85.814127 -102.618393
1 -1379.861618 0.610749 79.561945 0.776300 949.659083 2.283244 921.068687 0.435632 75.544911 15.538538 131.054542 0.813499 115.018737 -102.618393
1 -1472.408411 0.603467 79.997605 0.870852 991.508944 20.054197 131.299462 0.501444 51.516626 21.021066 124.031169 5.154294 90.063665 -102.618393
1 -1377.092661 0.602155 79.682542 0.795759 962.943588 17.926825 258.872208 0.073868 73.706514 6.849018 129.865078 0.654671 93.188986 -102.618393
1 -1413.403751 0.600292 79.714279 0.778449 967.213126 16.856473 885.184577 0.523093 59.939054 17.876451 119.750877 2.137398 113.997393 -102.618393
1 -1464.628041 0.602353 79.795423 0.865601 979.908822 12.854427 487.137582 0.071696 56.766370 9.474371 155.021191 2.157644 101.308074 -102.618393
1 -1410.667142 0.623420 79.794594 0.831558 945.653709 6.547335 900.503071 0.516705 78.605840 22.462155 168.005668 0.739594 89.634723 -102.618393
1 -1388.552921 0.602441 79.718453 0.758749 948.732161 14.362310 846.455612 0.592957 63.165156 21.808447 130.766225 2.216927 93.331009 -102.618393
1 -1467.484032 0.601689 79.086339 0.808182 951.792576 11.018558 901.479581 0.009277 50.437160 4.614047 147.676254 2.279535 88.436276 -102.618393
1 -1399.244782 0.614156 79.607735 0.770852 976.030574 11.857118 607.253333 0.237563 72.667708 19.418213 136.166238 1.280588 96.960563 -102.618393
1 -1443.099746 0.625384 79.395355 0.769313 943.423656 12.516066 646.815459 0.184678 63.510580 21.864824 109.637888 1.689777 88.259452 -108.260697
1 -1401.204387 0.603235 79.017274 0.771952 953.102814 8.112138 889.144010 0.403014 74.061221 15.129732 102.536244 0.909497 110.920388 -108.260697
1 -1498.535833 0.625191 79.558515 0.815441 954.515115 7.656681 143.716776 0.500480 64.426806 18.608989 263.531984 1.879599 93.635271 -108.260697
1 -1370.277439 0.608836 79.306151 0.769902 960.049454 20.392622 218.254473 0.466121 79.576132 18.624560 111.660573 0.583285 108.007132 -108.260697
1 -1517.828567 0.633539 79.787605 0.770514 974.133568 14.241017 469.450161 0.300850 67.019463 5.444120 230.856767 2.082701 93.345900 -108.260697
1 -1364.409466 0.601495 79.675270 0.798859 958.719890 17.984584 307.537218 0.145572 75.794194 11.110041 119.830292 0.519668 95.032825 -108.260697
1 -1435.325053 0.623221 79.683102 0.790720 942.733106 5.306555 222.317600 0.029177 77.050834 13.307275 167.561584 0.937986 94.922854 -108.260697
1 -1387.970125 0.600402 79.997881 0.762913 962.139052 10.273965 312.654763 0.144122 54.468486 10.506260 132.439276 3.460996 94.365680 -108.260697
1 -1399.064045 0.608937 79.700256 0.766584 946.682859 4.659183 710.906849 0.089551 64.461098 22.059073 189.193264 1.821468 94.523031 -108.260697
1 -1410.256863 0.604673 79.884415 0.804958 900.854506 13.648751 929.476808 0.191827 77.930086 18.071197 177.105254 0.491697 93.024112 -108.260697
1 -1419.088553 0.630833 79.415096 0.755689 966.840047 9.896474 513.282316 0.195058 77.561093 19.511905 122.486806 1.855896 90.641277 -113.237546
1 -1363.999182 0.615356 79.706432 0.774719 933.332700 6.214217 949.157878 0.233140 56.402282 21.953287 129.690784 0.497811 85.915202 -113.237546
1 -1335.238845 0.601002 79.901601 0.757722 966.940067 18.823435 154.315328 0.097746 76.776030 8.727585 109.404522 0.559786 91.381649 -113.237546
1 -1396.503146 0.601502 78.879167 0.784169 939.899226 5.230327 306.761798 0.494077 64.435621 20.619206 135.349132 0.701213 85.094584 -113.237546
1 -1468.684534 0.624887 79.762566 0.845854 962.097559 17.627357 242.346332 0.182154 56.393040 8.694692 187.049223 1.237100 89.260338 -113.237546
1 -1379.528777 0.610553 79.365244 0.766071 959.372562 16.033697 179.476200 0.073514 75.604516 8.948762 103.150709 1.049895 89.832889 -113.237546
1 -1402.628587 0.614410 79.971610 0.788337 953.448456 3.578788 241.447104 0.320999 68.269961 3.589109 160.150060 0.848560 84.966467 -113.237546
1 -1394.442170 0.605793 79.867226 0.756798 962.538196 5.578962 448.998921 0.099266 57.082791 12.431471 122.440357 3.819541 93.398727 -113.237546
1 -1395.801885 0.608572 79.871445 0.774518 943.529920 3.107530 851.378768 0.120517 58.525793 21.627289 209.873557 1.927044 94.831871 -113.237546
1 -1387.515369 0.603927 79.912457 0.777379 902.213986 13.940083 973.305621 0.170112 79.012739 17.839434 151.094523 0.525736 93.886654 -113.237546
1 -1423.200033 0.629480 79.980610 0.817431 973.044884 5.537086 358.971743 0.212113 79.516659 13.777543 114.263031 2.322538 88.039277 -118.300052
1 -1365.945966 0.606646 79.750611 0.767164 958.923708 6.890269 441.038099 0.454495 53.552914 18.655066 170.954920 0.766762 88.263585 -118.300052
1 -1330.196062 0.601582 79.988957 0.757118 966.091258 20.494217 211.151673 0.031752 76.469075 7.895852 101.971206 0.489948 91.524867 -118.300052
1 -1349.698673 0.601438 79.579445 0.771676 953.995209 2.936802 103.560243 0.458233 63.087550 22.401779 154.920068 0.603770 92.305197 -118.300052
1 -1376.828524 0.609217 79.262071 0.765027 972.033952 16.530634 179.574428 0.226294 78.282463 16.284260 123.413460 0.675598 96.188320 -118.300052
1 -1366.565134 0.607532 79.653560 0.756049 962.700551 15.757816 307.233980 0.588197 79.913436 5.130667 100.746993 1.307711 88.971285 -118.300052
1 -1363.102995 0.610168 79.803847 0.760859 956.148975 7.711456 226.673123 0.258469 69.727489 6.963586 139.544340 0.655850 86.765414 -118.300052
1 -1395.087006 0.601122 79.715422 0.785186 965.901005 7.367710 245.167630 0.131985 60.260649 19.115816 107.874078 3.627961 91.858869 -118.300052
1 -1389.760282 0.600311 79.739337 0.765459 944.090219 14.001431 676.597435 0.071406 72.632765 17.924084 223.358308 1.040943 99.034262 -118.300052
1 -1394.200752 0.602771 79.446914 0.778294 985.087923 21.044081 242.542144 0.183753 52.861319 21.875627 148.545810 1.211680 110.668603 -118.300052
1 -1425.503956 0.623148 79.720073 0.804112 962.931334 2.134412 390.565031 0.303515 55.025094 19.183663 157.456565 1.573729 95.129056 -123.102180
1 -1383.978892 0.603821 79.387242 0.770353 972.163676 8.891649 423.267398 0.192023 74.984074 22.176415 154.565279 1.206719 91.568277 -123.102180
1 -1334.208708 0.600288 79.960977 0.756038 966.358926 21.565268 249.199388 0.573991 75.716525 9.503808 101.964386 0.947702 91.630093 -123.102180
1 -1375.249164 0.612445 79.688868 0.793404 953.487204 21.793583 132.315860 0.471201 64.626352 21.144892 166.033435 0.567064 96.417756 -123.102180
1 -1395.276046 0.606307 79.362256 0.795014 980.385999 16.930847 226.827289 0.120094 76.895223 17.356310 107.447600 1.174694 90.619166 -123.102180
1 -1357.279888 0.604769 79.843900 0.787347 955.046931 12.865630 167.263836 0.019005 57.152122 10.492355 112.934533 0.843872 92.833711 -123.102180
1 -1355.797677 0.612461 79.947860 0.756659 965.285457 8.496706 206.698735 0.194342 79.418582 7.512424 132.865043 0.709788 90.734535 -123.102180
1 -1382.240740 0.600955 79.814330 0.759584 967.539591 7.714456 433.377310 0.022943 55.534804 21.367843 146.553498 3.376151 94.646699 -123.102180
1 -1388.607177 0.604125 79.897603 0.775608 947.661805 11.505106 684.878661 0.009063 58.907526 22.237107 228.522644 1.137830 103.121346 -123.102180
1 -1389.626113 0.607986 79.532942 0.773161 987.849361 7.039141 107.328803 0.256036 63.283300 22.330875 135.732384 1.325131 115.345356 -123.102180
1 -1379.507155 0.624286 79.398393 0.757397 959.694904 8.576696 156.820637 0.398326 57.212858 15.388613 112.308780 0.636887 88.537523 -127.813913
1 -1356.139949 0.603433 79.689040 0.763851 964.138687 20.556178 257.205172 0.276415 59.671920 18.694897 146.835363 0.970168 90.619650 -127.813913
1 -1332.761739 0.603287 79.924453 0.755060 951.577520 4.417032 365.410162 0.140979 75.095513 8.970330 118.927399 0.504391 94.205451 -127.813913
1 -1382.795044 0.611458 79.588077 0.785181 958.526472 18.614542 202.744319 0.488075 63.739206 21.752561 176.108867 0.764626 97.057085 -127.813913
1 -1381.953467 0.610337 79.330200 0.784880 972.890079 10.259351 198.125725 0.065670 79.328631 16.793034 107.715142 0.723386 89.824641 -127.813913
1 -1358.843944 0.600726 79.925311 0.786973 966.891725 4.220745 132.079734 0.343385 78.958391 16.669123 144.634910 1.552133 87.424701 -127.813913
1 -1364.397596 0.619909 79.948269 0.757468 959.968060 18.259552 150.265314 0.111818 75.108794 4.742582 129.911162 0.575892 89.134497 -127.813913
1 -1434.326795 0.602265 79.380491 0.771143 974.166734 3.427358 302.883140 0.040129 53.428992 6.839850 140.654672 3.616305 98.047365 -127.813913
1 -1373.822463 0.600650 79.821333 0.771999 948.538824 13.414955 678.765267 0.181700 71.074218 18.129857 192.711270 0.779787 101.584146 -127.813913
1 -1343.102470 0.601471 79.989191 0.765787 971.418503 19.868099 215.371918 0.093020 66.626128 22.495152 156.408226 0.753632 87.525031 -127.813913
1 -1371.436437 0.624837 79.481475 0.759755 961.382660 6.406262 122.230600 0.402781 56.477836 17.382724 107.474760 0.543419 87.968203 -132.180239
1 -1380.254014 0.600185 79.226987 0.762755 966.855580 17.532655 125.563222 0.138242 65.513404 17.379513 132.158702 1.952323 85.479383 -132.180239
1 -1337.094034 0.600290 79.902054 0.760288 955.141115 2.950144 322.563872 0.256417 77.440126 5.593784 117.470477 0.453188 92.965301 -132.180239
1 -1343.668203 0.600745 79.945023 0.761734 958.079723 21.736607 337.032645 0.084362 62.461911 19.628600 115.433524 1.552376 88.409028 -132.180239
1 -1348.259387 0.600658 79.914185 0.760111 963.545655 19.622595 432.373336 0.042511 76.412562 21.062176 159.698940 0.929913 96.611075 -132.180239
1 -1358.799520 0.602571 79.981653 0.786496 958.896254 2.444611 202.356684 0.334543 54.256119 15.670124 144.391666 1.288629 88.201304 -132.180239
1 -1347.325128 0.600141 79.891153 0.757918 969.869641 11.055693 150.135849 0.424479 71.524027 5.228193 104.065815 0.785378 114.688825 -132.180239
1 -1452.449510 0.601420 79.004124 0.763013 988.499686 9.892350 118.007413 0.310421 65.859429 16.382305 167.243221 4.098566 93.371567 -132.180239
1 -1390.284101 0.603120 79.551864 0.771637 945.226409 15.390541 565.511650 0.255980 59.468873 18.595688 169.567923 1.035704 98.616163 -132.180239
1 -1372.446807 0.603799 79.575623 0.757028 973.682071 17.294162 256.152344 0.044472 70.883609 20.907400 148.300766 1.960930 88.473573 -132.180239
1 -1357.212021 0.627198 79.876495 0.756458 965.482096 5.112893 330.040896 0.050625 67.322509 16.034421 105.421565 0.504865 100.013566 -136.357098
1 -1374.819263 0.602645 79.331550 0.761625 964.277157 18.948284 136.814930 0.030608 66.821771 19.593737 125.964656 1.590985 91.739952 -136.357098
1 -1339.720828 0.602292 79.820071 0.762355 948.352386 3.211550 332.572175 0.120313 72.397944 7.287176 119.316778 0.489367 87.078647 -136.357098
1 -1372.743525 0.600811 79.771333 0.765641 980.474630 18.163393 211.092203 0.127049 65.488084 16.237616 101.518245 2.940475 85.162549 -136.357098
1 -1398.060452 0.601411 79.714349 0.819993 943.156184 11.984723 994.846202 0.482088 77.068491 16.432378 127.615048 0.633752 111.742702 -136.357098
1 -1346.895408 0.600754 79.943191 0.788853 958.713977 7.912626 313.418588 0.312675 76.115684 12.974796 128.490283 0.649011 91.341542 -136.357098
1 -1375.219474 0.602663 79.538223 0.774440 966.615242 17.714907 232.708994 0.499052 70.923830 9.859558 136.647529 0.690866 95.670630 -136.357098
1 -1413.080402 0.610834 79.644629 0.779017 965.111091 12.652072 361.843638 0.362613 76.242734 15.980352 188.216531 1.693496 100.516192 -136.357098
1 -1343.133949 0.604021 79.920336 0.755644 939.175883 14.469872 575.712200 0.086747 60.015950 17.506609 144.182733 0.556233 95.320789 -136.357098
1 -1344.905329 0.605117 79.699148 0.755254 962.383879 14.276084 319.989308 0.539241 73.456003 20.356479 138.029889 0.694413 91.474489 -136.357098
1 -1375.135072 0.628025 79.771024 0.758941 967.883694 1.905140 251.908414 0.441455 65.057024 13.221352 103.326379 0.792562 100.886080 -142.459211
1 -1396.320425 0.604244 79.672328 0.771951 948.579593 21.869541 425.794769 0.038514 61.771498 5.091603 129.485415 1.097941 99.497503 -142.459211
1 -1353.660178 0.600361 79.798032 0.785016 946.165189 4.637391 387.545949 0.217978 66.062910 6.226573 107.294414 0.695325 86.497654 -142.459211
1 -1371.800244 0.601020 79.975927 0.773531 980.156665 19.825796 277.008373 0.194795 63.240028 16.203115 100.797008 3.013299 87.123827 -142.459211
1 -1377.017256 0.600076 79.493838 0.769168 950.545530 14.499424 814.819100 0.372041 73.587945 18.451092 129.788199 0.656594 90.167477 -142.459211
1 -1368.922923 0.615770 79.720768 0.785568 966.051947 6.563515 168.936847 0.394747 51.905261 21.396885 138.092621 0.591882 92.982911 -142.459211
1 -1384.041462 0.607941 79.929772 0.770210 957.969681 17.843012 730.738567 0.181684 77.084039 9.212278 117.981209 1.398501 94.593734 -142.459211
1 -1401.938223 0.614253 79.476414 0.759176 978.120276 16.237906 237.199588 0.214104 69.542704 20.781597 171.508912 1.895453 98.005300 -142.459211
1 -1345.234915 0.603835 79.941945 0.756797 949.904900 13.630193 351.188537 0.097795 60.439513 18.133844 146.484856 0.965699 93.251262 -142.459211
1 -1338.404135 0.606141 79.950297 0.771421 958.770435 16.148212 291.320951 0.563179 68.162640 17.312176 121.319901 0.608734 89.545193 -142.459211
1 -1367.634449 0.624582 79.840926 0.779261 968.194402 2.493184 391.366885 0.105754 64.675507 18.395093 101.753336 0.595498 95.307232 -149.428016
1 -1374.510769 0.603421 79.701043 0.758508 945.272374 4.615927 521.695948 0.594512 61.110319 5.118447 118.446475 0.835355 99.687590 -149.428016
1 -1353.061088 0.602279 79.697957 0.787366 949.648911 3.066041 287.369846 0.220503 63.853666 6.812955 103.384407 0.512984 86.503747 -149.428016
1 -1362.040820 0.603216 79.918664 0.757885 978.300875 20.696725 193.387932 0.135667 64.065206 19.401204 103.844462 2.877284 90.433975 -149.428016
1 -1374.281733 0.604527 79.595021 0.762339 966.994422 13.220265 510.612121 0.135824 64.427151 11.708532 127.299017 0.864912 87.195696 -149.428016
1 -1353.397716 0.607656 79.881099 0.761635 954.162241 18.478973 218.390222 0.397233 54.116527 21.606284 174.223013 0.784388 95.103743 -149.428016
1 -1394.362349 0.613526 79.987341 0.795909 977.557631 6.050880 535.351951 0.130149 74.549862 13.773715 125.531277 1.679639 87.905524 -149.428016
1 -1392.773389 0.617917 79.889731 0.794657 973.122052 9.233502 277.581780 0.072002 78.047967 21.184767 161.110668 1.420374 97.639589 -149.428016
1 -1343.387854 0.600624 79.884327 0.776815 943.550587 18.100151 562.626707 0.142509 61.815703 20.280276 124.581406 0.566679 92.108510 -149.428016
1 -1349.760459 0.610103 79.889805 0.771865 960.813002 14.768098 315.484894 0.044446 71.423667 18.159555 126.389732 0.717547 94.914279 -149.428016
1 -1378.488410 0.600683 79.755448 0.789734 965.654207 3.479754 137.278721 0.216864 76.688493 20.960945 194.105298 1.389777 97.373872 -158.765762
1 -1431.586305 0.608484 79.561407 0.816758 965.352111 5.597825 415.972819 0.334596 64.058866 7.887610 132.505477 1.583791 101.134020 -158.765762
1 -1343.313094 0.601070 79.827397 0.776903 944.327891 7.338218 173.500886 0.214646 65.013294 6.555912 108.884420 0.500291 85.997857 -158.765762
1 -1363.327704 0.604825 79.983446 0.760446 977.241098 19.820120 126.162030 0.146987 65.315263 16.704294 114.789741 2.797580 90.769337 -158.765762
1 -1386.308719 0.611203 79.929316 0.782478 952.667799 4.815774 884.611914 0.072714 67.629160 2.965436 122.136402 0.555693 93.406734 -158.765762
1 -1380.139632 0.603881 79.973665 0.790487 940.367392 6.796691 266.699412 0.378011 76.766587 11.087077 183.374637 0.620844 101.172703 -158.765762
1 -1411.710310 0.612650 79.802824 0.827041 971.826887 21.383699 206.422729 0.242911 56.641922 22.146722 195.179510 1.171308 96.245515 -158.765762
1 -1358.069292 0.600059 79.986922 0.800257 955.779347 15.473931 313.881916 0.449361 74.520076 14.733335 144.620187 1.062336 86.217812 -158.765762
1 -1370.155581 0.621085 79.866344 0.779046 965.199140 18.776628 321.158898 0.238226 78.964094 13.162019 125.142651 0.538984 94.552751 -158.765762
1 -1340.103137 0.600322 79.887016 0.766696 961.650629 10.432682 141.167107 0.118246 63.958742 13.651345 141.250996 0.685243 88.425748 -158.765762
1 -1371.562003 0.601258 79.962732 0.769677 952.271015 6.643096 265.972647 0.225005 77.721669 17.246347 195.250466 1.442310 95.520406 -167.165248
1 -1400.141078 0.607914 79.181501 0.790932 960.759118 15.703225 667.663786 0.375938 70.777800 20.793055 100.547660 0.591559 99.177843 -167.165248
1 -1340.391691 0.601064 79.938453 0.758235 938.568567 8.342697 290.800968 0.269027 65.297681 5.057648 119.283463 0.474012 87.247562 -167.165248
1 -1368.460733 0.604575 79.881003 0.755226 976.854828 16.297945 102.937835 0.570517 59.859906 18.817762 111.141373 2.788419 96.043366 -167.165248
1 -1379.542377 0.609017 79.856112 0.767042 941.734770 5.447517 807.566933 0.466493 65.566464 6.358909 144.546379 0.612370 96.195214 -167.165248
1 -1361.913754 0.600368 79.637859 0.771962 968.777929 15.930721 198.394611 0.255853 74.595741 19.430770 169.298248 0.503762 100.342070 -167.165248
1 -1353.080789 0.602757 79.991808 0.765151 960.303124 11.429896 221.561405 0.142506 62.223882 11.773679 135.056823 1.380263 91.352314 -167.165248
1 -1364.730615 0.602506 79.817886 0.774100 967.224359 17.902198 313.238946 0.433381 76.739394 18.971593 143.548735 1.709393 89.256105 -167.165248
1 -1352.140510 0.617547 79.968202 0.783232 964.036353 2.240069 107.522164 0.200852 77.621604 13.817383 115.492782 0.461857 89.353255 -167.165248
1 -1348.529103 0.600637 79.701051 0.766556 960.035544 13.837851 307.545344 0.222695 66.866240 17.974865 150.212842 0.592461 93.235671 -167.165248
1 -1354.307234 0.606128 79.871764 0.776321 946.170271 22.416028 236.054380 0.593329 76.067565 16.528630 181.490983 0.505337 89.585766 -178.065969
1 -1366.528064 0.606017 79.808795 0.760537 958.941670 12.297996 762.827242 0.433023 68.709232 22.612141 114.892654 1.255588 97.107261 -178.065969
1 -1361.382017 0.602508 79.506380 0.770320 940.105027 11.054399 405.271288 0.256263 69.273074 6.726036 103.780622 0.510284 87.758115 -178.065969
1 -1375.993317 0.605860 79.726007 0.758240 963.185892 18.096643 236.287639 0.415220 77.732805 15.604296 102.592912 2.595114 90.206214 -178.065969
1 -1376.222433 0.605769 79.532796 0.769148 961.154144 15.602925 147.374642 0.254039 67.500322 6.907493 100.074129 1.426227 89.589058 -178.065969
1 -1348.435162 0.601788 79.742203 0.765688 967.552294 18.590213 207.214136 0.388112 79.580955 19.962371 153.760914 0.567127 101.185361 -178.065969
1 -1382.071527 0.606718 79.021708 0.760943 962.580923 6.980126 296.734172 0.057008 65.679395 11.453312 118.968443 0.685562 89.825692 -178.065969
1 -1356.820375 0.608626 79.950268 0.792342 966.035073 14.066513 224.061493 0.411822 72.352244 19.079595 108.083329 1.257062 85.343181 -178.065969
1 -1363.772303 0.618743 79.813960 0.788448 963.163977 1.831312 100.497455 0.240029 72.376958 14.442715 108.605676 0.628538 87.255470 -178.065969
1 -1365.109987 0.611387 79.840127 0.793948 948.517044 7.712434 186.533170 0.300896 65.488581 10.414115 102.899052 0.706653 86.331408 -178.065969
1 -1359.294682 0.601638 79.838909 0.785703 945.745757 2.306759 220.534778 0.494983 78.766104 16.555156 182.793059 0.736505 89.994924 -190.427991
1 -1390.025339 0.607618 79.555385 0.759635 966.700726 12.480756 480.054024 0.265721 73.889888 14.526970 145.095557 1.710739 95.404775 -190.427991
1 -1368.951712 0.600483 79.357627 0.776520 941.354121 11.936930 437.169764 0.292714 71.042971 6.710202 104.685301 0.528406 87.769839 -190.427991
1 -1405.395486 0.600847 79.145168 0.780571 960.728733 18.189439 208.749326 0.369098 53.529629 16.533484 109.042658 2.325231 87.867363 -190.427991
1 -1356.096859 0.617381 79.880460 0.778515 953.392818 17.865810 187.062124 0.314916 66.482217 12.140104 107.773199 0.544023 85.919164 -190.427991
1 -1384.990867 0.614809 79.012846 0.763961 969.172512 1.120394 240.527146 0.578143 76.093980 20.618878 117.042291 0.633798 85.754347 -190.427991
1 -1349.546138 0.600860 79.934038 0.778761 947.204565 6.012976 410.841198 0.078777 79.193816 15.101609 175.166740 0.509010 92.408925 -190.427991
1 -1394.280107 0.612770 79.797282 0.809428 963.154848 1.065444 193.663187 0.213858 72.393605 11.675688 120.426013 1.544733 87.789418 -190.427991
1 -1380.411312 0.604647 79.953172 0.770895 953.442628 11.461876 867.314790 0.030629 65.488180 20.234974 118.890801 2.279785 94.008173 -190.427991
1 -1346.541523 0.608095 79.971037 0.763728 960.746460 3.580255 240.580993 0.447455 72.778181 15.759085 120.784898 1.151854 91.778499 -190.427991
1 -1381.674319 0.602941 79.233743 0.764949 961.378228 22.173395 272.577630 0.230660 58.172595 22.538168 162.096349 1.149327 93.592020 -201.989737
1 -1404.278468 0.621794 79.936701 0.783946 964.768853 15.447278 184.402475 0.090589 60.118436 22.571917 109.785610 2.317334 92.049407 -201.989737
1 -1354.823200 0.601070 79.569491 0.765219 940.567086 13.364098 492.038859 0.240465 72.221199 5.603915 101.372337 0.456788 90.530986 -201.989737
1 -1362.609705 0.602503 79.534633 0.756331 962.458704 18.165207 141.919691 0.505911 53.589304 19.288844 111.372994 1.861993 85.542822 -201.989737
1 -1357.252647 0.616336 79.972576 0.775112 953.550103 15.035706 256.370159 0.259483 69.386361 12.259222 114.369920 0.781041 86.492483 -201.989737
1 -1384.484733 0.615845 79.443128 0.769348 962.203768 17.466383 452.199995 0.044122 54.582524 19.758939 126.213978 0.954756 90.539900 -201.989737
1 -1349.976404 0.606330 79.886057 0.765097 956.236371 6.289754 422.706029 0.023938 57.740192 18.013589 169.397622 0.624225 89.506576 -201.989737
1 -1381.720925 0.620412 79.919271 0.782139 964.990794 9.134605 613.346061 0.371587 71.236366 20.842708 157.005644 0.650823 94.215110 -201.989737
1 -1354.288473 0.614489 79.987027 0.771456 947.109168 17.984523 558.681902 0.468722 71.216697 22.492189 115.551537 0.457244 110.057957 -201.989737
1 -1359.246143 0.605316 79.594700 0.763656 955.670017 6.865072 125.410134 0.455961 77.498288 11.758139 102.367150 1.091795 90.380433 -201.989737
1 -1402.445716 0.611805 79.131457 0.761890 950.003196 20.496968 190.069336 0.043342 76.458949 12.853546 164.721112 0.753846 93.153783 -219.311493
1 -1364.092347 0.611066 79.779865 0.763201 948.630897 5.179987 610.577408 0.004682 77.056814 7.309734 114.509197 0.575891 105.753430 -219.311493
1 -1354.781039 0.602635 79.590420 0.771840 940.703575 21.263265 433.654337 0.233060 73.982657 12.335385 108.859953 0.462234 91.920827 -219.311493
1 -1353.850854 0.606614 79.909167 0.763249 966.606995 12.093325 266.145277 0.501096 54.596196 15.804440 106.483060 1.417332 93.722937 -219.311493
1 -1438.221872 0.627426 79.180667 0.755803 951.075459 9.681001 468.552856 0.495877 64.180616 13.638207 195.242970 0.949801 85.262678 -219.311493
1 -1353.661121 0.606846 79.713547 0.764835 954.653915 0.894846 679.651495 0.366484 74.590278 14.937123 111.225867 0.853788 94.875329 -219.311493
1 -1347.568436 0.601910 79.920146 0.757212 959.164066 10.112463 453.140254 0.144247 70.848826 14.684920 152.044229 0.681570 106.377157 -219.311493
1 -1387.024723 0.600027 79.795628 0.769209 947.246369 5.663464 177.468626 0.168211 74.997159 3.195044 153.737394 0.657464 111.774912 -219.311493
1 -1347.236024 0.608064 79.922736 0.758933 952.966645 17.387200 623.805770 0.094356 75.754079 22.423517 120.656853 0.541352 110.388088 -219.311493
1 -1355.025648 0.607249 79.737307 0.767515 952.189863 8.634371 156.342561 0.450318 79.720428 14.055778 108.918669 0.802533 97.480203 -219.311493
1 -1402.482393 0.609621 79.306284 0.766300 952.751275 4.718999 121.650831 0.155949 52.254234 7.837753 172.724769 0.470831 100.893055 -234.109147
1 -1337.882934 0.602830 79.873449 0.755788 960.739199 1.054760 305.525659 0.225225 70.865717 22.115705 124.279034 1.074738 96.810316 -234.109147
1 -1330.977953 0.605038 79.962826 0.758398 959.962740 21.685061 139.375225 0.454102 55.879155 20.183184 104.578018 1.102367 84.866580 -234.109147
1 -1355.257504 0.605823 79.840446 0.766248 965.381104 19.494594 352.827732 0.465557 59.617290 20.576682 105.410716 1.168894 99.728968 -234.109147
1 -1357.138766 0.601092 79.975645 0.793550 950.382306 3.695043 808.163169 0.329202 62.199521 12.283529 111.170332 0.907060 86.753407 -234.109147
1 -1337.541337 0.608403 79.966880 0.761984 956.211450 1.992891 433.684462 0.187931 66.305753 18.907371 100.873984 0.740230 101.321742 -234.109147
1 -1364.879737 0.605639 79.761569 0.758765 971.786943 13.297073 183.081223 0.421614 54.855064 7.897929 106.259286 1.470293 93.287488 -234.109147
1 -1341.268742 0.614209 79.973379 0.755105 957.742541 12.357986 240.559559 0.374269 79.137458 18.174483 112.253044 1.028649 85.019892 -234.109147
1 -1356.323033 0.608221 79.795427 0.761897 959.752269 11.962628 551.740602 0.082512 79.359296 21.654254 153.376969 0.616047 88.852730 -234.109147
1 -1355.372408 0.608786 79.974324 0.758159 972.185305 4.468841 253.903952 0.495934 54.581216 19.883386 122.375452 1.459453 100.099090 -234.109147
1 -1389.730346 0.608093 79.330974 0.756786 954.667250 4.888318 105.265180 0.179579 51.820107 8.933242 169.382789 0.564798 93.975667 -252.121639
1 -1352.322175 0.604422 79.890113 0.757586 958.124951 15.845405 249.915818 0.387870 56.440738 14.406911 111.150429 1.069499 102.798451 -252.121639
1 -1327.560873 0.601257 79.918981 0.760805 959.055180 14.693137 109.426051 0.294057 53.378503 21.944510 111.736183 1.011080 86.029281 -252.121639
1 -1328.365593 0.601997 79.960590 0.762222 945.349793 2.638825 319.786494 0.141244 57.685641 7.623797 107.162430 0.485726 85.124396 -252.121639
1 -1342.976505 0.604428 79.976371 0.786411 947.141367 14.694067 161.016429 0.266851 79.412641 17.803912 107.630872 0.616594 98.172637 -252.121639
1 -1353.082730 0.616427 79.878167 0.772356 959.362606 1.528402 504.281947 0.226219 70.006755 21.738896 125.829834 0.524107 99.052331 -252.121639
1 -1329.005722 0.602651 79.966757 0.759267 953.328061 1.764638 362.097755 0.286025 63.247676 15.790601 110.756343 0.892330 86.052961 -252.121639
1 -1356.735393 0.604570 79.893713 0.756791 977.149984 13.003450 311.292870 0.022464 65.472295 21.957589 136.594612 1.412733 103.935863 -252.121639
1 -1344.599023 0.601579 79.936063 0.764482 954.380696 13.268982 624.706584 0.597473 74.642452 18.429658 137.521646 0.481251 85.929082 -252.121639
1 -1366.989214 0.602957 79.898623 0.792544 973.940075 19.808217 326.827680 0.017377 59.546089 19.384883 102.384465 1.240466 107.285334 -252.121639
1 -1366.991007 0.610667 79.851256 0.781945 952.714951 9.470133 329.743304 0.275321 61.443444 19.162765 183.716092 0.524228 98.759371 -269.627890
1 -1349.565017 0.603481 79.932851 0.764372 954.108588 7.815208 206.100861 0.453990 68.134132 18.676102 100.866004 0.996999 104.622179 -269.627890
1 -1327.469611 0.602038 79.962229 0.757098 963.769065 17.037260 105.157678 0.266338 52.281334 22.386995 108.783795 1.151614 87.447652 -269.627890
1 -1332.995123 0.601762 79.937529 0.772374 949.912165 2.862626 379.727006 0.134656 68.404356 11.154552 114.824308 0.504387 88.046793 -269.627890
1 -1325.903367 0.601686 79.817071 0.755566 941.321988 15.670233 100.963308 0.159831 74.407781 16.655695 100.874975 0.484612 89.173701 -269.627890
1 -1357.503637 0.615947 79.750875 0.755168 953.303645 15.462760 470.819511 0.037775 62.299043 10.308215 109.621858 0.483820 95.625986 -269.627890
1 -1347.057085 0.600077 79.892822 0.770820 960.954433 8.026821 609.624213 0.144360 78.698244 22.511522 131.675123 0.604549 93.795144 -269.627890
1 -1365.559127 0.608609 79.823526 0.778105 970.581347 5.116280 172.255209 0.036181 68.615703 21.413251 139.902346 1.167109 101.585565 -269.627890
1 -1342.849101 0.601748 79.855966 0.786161 948.845553 15.811218 268.788981 0.596846 73.027826 13.385244 110.960446 0.628803 85.940502 -269.627890
1 -1335.863003 0.604242 79.903646 0.759869 949.905094 5.958492 445.844761 0.039801 58.318731 10.287091 113.197510 0.559655 90.793761 -269.627890
1 -1352.283954 0.605278 79.909123 0.759781 948.510072 8.956344 129.672203 0.195858 64.378819 12.869339 162.101469 0.682497 95.213256 -294.151108
1 -1336.402462 0.601333 79.946153 0.775332 952.465612 4.311116 246.112552 0.005052 55.981718 12.003195 101.495313 0.694874 97.711373 -294.151108
1 -1333.604293 0.600805 79.909751 0.760839 963.568727 19.025208 168.523344 0.536620 73.644337 18.728011 106.455602 1.009173 98.117985 -294.151108
1 -1327.014373 0.601476 79.891305 0.756582 948.151287 4.491217 195.306588 0.135788 73.325419 14.293252 136.530163 0.486796 88.698690 -294.151108
1 -1323.727916 0.601550 79.821631 0.755264 948.047873 17.307723 212.371614 0.185601 64.702767 22.571865 111.639940 0.551822 91.547906 -294.151108
1 -1352.538019 0.615807 79.983099 0.770472 957.777497 13.518195 435.343321 0.569008 61.445970 12.735144 106.472415 0.596052 88.333269 -294.151108
1 -1366.582002 0.606140 79.989189 0.780880 961.978404 4.473138 717.289377 0.592125 53.102206 21.993538 146.656732 0.517832 92.725965 -294.151108
1 -1323.679364 0.600659 79.936698 0.759465 953.503971 10.292434 169.078273 0.205278 62.684022 14.834749 101.935510 0.830779 84.876505 -294.151108
1 -1338.720170 0.602118 79.982881 0.784245 940.267422 14.237954 261.272031 0.490861 58.655287 20.627967 131.623562 0.541136 84.981207 -294.151108
1 -1328.726095 0.600508 79.917954 0.757014 948.812633 3.113581 477.977480 0.030101 58.072915 9.765308 116.877744 0.506018 87.824462 -294.151108
1 -1340.626869 0.607765 79.969626 0.756326 948.720993 16.166365 120.452777 0.141990 67.482884 18.442301 187.868831 0.488617 93.040711 -316.374215
1 -1341.379546 0.605652 79.855502 0.759866 960.399600 21.391260 328.653725 0.024937 51.492115 10.273548 103.679596 0.589041 99.195947 -316.374215
1 -1342.257045 0.601565 79.902851 0.776235 961.219969 20.650650 157.264701 0.007667 70.108442 19.766198 108.093957 1.047881 95.986134 -316.374215
1 -1330.948005 0.600321 79.862832 0.777664 943.351773 7.602335 128.274022 0.288688 75.818514 17.290638 123.062356 0.460318 86.380075 -316.374215
1 -1331.261772 0.600617 79.937466 0.780723 945.386529 16.810133 223.340507 0.129222 61.580424 20.931246 113.639799 0.520878 93.343519 -316.374215
1 -1342.512358 0.615623 79.959815 0.767404 964.151886 12.471711 202.838314 0.149870 74.916602 21.348802 105.641963 0.706181 92.361630 -316.374215
1 -1328.937266 0.601695 79.961233 0.759586 950.230508 4.815971 470.521789 0.095910 51.936765 8.791858 106.139670 0.520646 88.560238 -316.374215
1 -1318.646038 0.600021 79.992894 0.755265 953.617312 11.677931 142.895429 0.229728 63.627949 16.534783 102.979687 0.871770 85.958735 -316.374215
1 -1339.853933 0.600371 79.903071 0.784225 947.630534 10.398830 428.612325 0.364656 78.494157 15.717266 100.322820 0.743782 88.193600 -316.374215
1 -1342.812260 0.601664 79.973809 0.766974 975.538552 11.217495 105.821948 0.449257 69.360398 20.438578 113.167652 1.229563 99.271369 -316.374215
1 -1345.870824 0.608827 79.993990 0.763240 953.191435 22.139623 112.513499 0.312289 74.259026 19.615031 187.255888 0.591211 98.707277 -341.867737
1 -1346.223857 0.604380 79.802581 0.779264 960.065284 19.069687 236.874796 0.038165 68.905324 12.685400 106.044126 0.523994 101.521491 -341.867737
1 -1330.340766 0.600598 79.988623 0.756545 951.025679 18.353822 271.670573 0.097201 65.238925 14.651689 113.316620 1.009038 87.563195 -341.867737
1 -1343.522816 0.601618 79.635084 0.768590 941.684068 11.931207 189.102302 0.338784 56.146752 16.235347 118.847319 0.467511 87.018150 -341.867737
1 -1335.058960 0.600496 79.984085 0.782067 954.908589 11.422084 155.169180 0.304877 56.773320 20.904792 121.720824 0.755800 94.708600 -341.867737
1 -1349.804880 0.602472 79.986260 0.759528 945.827213 9.097505 474.385733 0.137331 50.625381 9.466672 103.412975 0.688526 113.117582 -341.867737
1 -1325.620484 0.600193 79.983728 0.760781 945.119109 5.206943 521.131203 0.018041 50.406523 10.492499 105.035847 0.568516 87.682299 -341.867737
1 -1333.956178 0.600425 79.962369 0.782555 947.871046 14.035209 182.596306 0.203253 79.979481 13.868504 101.215660 0.738601 86.399215 -341.867737
1 -1327.865978 0.600879 79.914780 0.755915 952.423846 8.354129 328.948212 0.025547 73.638877 19.289858 110.649199 0.875596 90.981804 -341.867737
1 -1336.961785 0.601506 79.997091 0.754999 976.439633 8.281742 104.021973 0.517374 70.208173 18.319157 110.420435 1.291408 95.290206 -341.867737
1 -1342.847559 0.610029 79.996838 0.756265 955.246287 22.246114 100.765285 0.332244 71.252910 19.698092 188.405414 0.507961 101.621857 -368.164875
1 -1349.230141 0.601778 79.723397 0.774734 963.742825 10.278759 380.456587 0.475004 55.379698 15.288513 101.794621 0.511817 100.962927 -368.164875
1 -1332.664581 0.601269 79.993107 0.778160 953.402643 19.478754 321.447539 0.416347 68.345245 18.602843 119.972249 0.567916 94.182212 -368.164875
1 -1338.465664 0.602303 79.964745 0.794625 955.258537 9.666279 186.479620 0.288084 76.503333 17.856161 109.096773 0.537276 100.314401 -368.164875
1 -1346.958726 0.602402 79.819451 0.760813 965.923186 5.917864 552.659852 0.025321 50.958687 15.686175 105.754323 0.532276 100.972185 -368.164875
1 -1332.891544 0.600904 79.970465 0.756403 949.878956 14.999554 213.292514 0.003987 68.375282 16.184693 132.138911 0.866374 92.807961 -368.164875
1 -1326.269126 0.600233 79.995981 0.759149 952.919419 6.025717 458.225256 0.228519 79.311912 12.181322 105.041406 0.749301 89.288239 -368.164875
1 -1337.171065 0.603883 79.948441 0.767209 944.722002 9.449217 217.803412 0.187666 51.989985 13.091531 119.628334 0.571792 90.858284 -368.164875
1 -1329.429670 0.600973 79.835010 0.757923 952.734899 8.795515 348.649776 0.071543 77.788833 19.929672 112.441160 0.756258 90.613587 -368.164875
1 -1335.787333 0.600682 79.943321 0.756679 971.839998 6.582249 132.284785 0.591458 65.481329 16.023150 102.258979 1.210549 95.001020 -368.164875
1 -1342.152401 0.609250 79.996761 0.763133 952.069802 21.306711 122.212664 0.282739 71.655202 20.586960 186.104922 0.463807 101.250908 -393.793135
1 -1343.431076 0.605244 79.774966 0.756696 966.005060 19.073540 198.925901 0.363455 51.517080 12.757615 112.839657 0.520998 102.493222 -393.793135
1 -1336.176544 0.600956 79.968944 0.773721 955.177017 16.920764 330.521200 0.014473 58.697467 16.969878 119.417230 0.761100 93.910272 -393.793135
1 -1336.607357 0.600545 79.998500 0.795882 956.202947 13.932244 187.819115 0.229016 56.053749 18.528423 103.315883 0.575766 101.003670 -393.793135
1 -1340.238749 0.604641 79.925336 0.759770 969.508249 2.822383 231.671796 0.226848 65.430984 12.709350 114.116375 0.709036 90.837112 -393.793135
1 -1336.557433 0.602499 79.830540 0.777274 959.046440 2.380456 236.546534 0.159169 52.651378 16.970401 111.692543 0.536980 88.259341 -393.793135
1 -1326.415886 0.601512 79.799620 0.756197 951.841915 17.325476 192.347505 0.374862 51.179688 22.351034 116.929079 0.531456 94.829813 -393.793135
1 -1329.983216 0.602108 79.841551 0.755726 948.505455 15.856783 101.779093 0.074881 68.373219 13.284340 106.142227 0.764631 84.910967 -393.793135
1 -1328.575738 0.602712 79.955072 0.758192 957.273767 3.229453 323.748716 0.066026 50.534246 16.022848 115.002328 0.805342 89.270511 -393.793135
1 -1338.141699 0.602792 79.956199 0.765778 967.764541 11.004559 139.846963 0.081608 60.611007 13.538606 106.035002 1.010113 93.680214 -393.793135
1 -1343.497495 0.608158 79.997983 0.765312 952.721940 21.700066 108.324382 0.231264 68.078645 21.148620 180.672438 0.575192 100.428072 -423.062188
1 -1348.993942 0.602767 79.634817 0.767998 964.565844 18.973024 216.541961 0.189943 74.353198 11.788972 101.832310 0.576857 103.061269 -423.062188
1 -1337.765030 0.601831 79.971250 0.767617 958.739513 5.461794 282.970596 0.271968 60.824990 16.086963 129.893186 0.677953 104.639255 -423.062188
1 -1322.625435 0.603307 79.899420 0.758548 951.348126 1.459212 114.524182 0.417424 50.880001 22.343023 118.352041 0.473982 93.253499 -423.062188
1 -1327.606317 0.601549 79.959098 0.759252 956.319883 2.927269 513.499068 0.363212 52.041993 15.902081 104.754215 0.459043 105.157310 -423.062188
1 -1324.116344 0.605220 79.995701 0.770596 956.682125 3.140082 128.425804 0.232335 76.929669 19.043407 113.500802 0.485673 88.418101 -423.062188
1 -1328.386247 0.601949 79.979083 0.760471 957.620569 7.142666 557.319106 0.152906 77.931848 20.049243 103.466866 0.582525 89.415873 -423.062188
1 -1327.567312 0.601646 79.989799 0.758094 957.067859 4.106311 419.061420 0.585402 77.276888 20.359145 100.982440 1.062454 90.338500 -423.062188
1 -1325.037312 0.604006 79.914417 0.758303 953.454401 6.200277 193.041670 0.085829 75.511368 16.506341 111.891777 0.616571 88.232543 -423.062188
1 -1332.516224 0.604733 79.869463 0.761583 938.860919 2.365443 348.200618 0.024075 62.811704 20.239235 129.023062 0.461345 86.782056 -423.062188
1 -1344.330912 0.606999 79.936720 0.762406 948.753325 14.614793 264.247498 0.499090 75.277030 14.897594 170.726885 0.507376 84.765486 -446.302902
1 -1343.375721 0.603252 79.953918 0.781974 966.537215 17.343062 180.355133 0.271726 62.730631 12.435198 106.659809 0.504599 106.847567 -446.302902
1 -1324.341809 0.601815 79.948471 0.755531 956.085568 20.360476 171.113713 0.206223 54.186371 19.097125 132.145984 0.542363 98.956975 -446.302902
1 -1326.387321 0.603348 79.874446 0.756390 952.572250 3.603522 120.544493 0.500836 54.379421 21.083122 132.205128 0.465241 94.541382 -446.302902
1 -1326.738629 0.602344 79.970616 0.759953 953.699662 0.867164 545.334311 0.306334 53.922231 16.665378 106.712667 0.510064 102.376673 -446.302902
1 -1327.389105 0.605164 79.926618 0.755507 960.821943 3.107850 116.384878 0.302015 77.467507 20.097229 110.647123 0.540156 113.906997 -446.302902
1 -1325.182300 0.601589 79.994144 0.757615 956.247060 9.604110 527.041044 0.225756 70.896500 20.499094 105.610197 0.535758 95.134108 -446.302902
1 -1335.139464 0.604313 79.978830 0.765751 958.866930 8.673422 200.954836 0.035863 76.527032 17.171718 108.182088 1.071773 88.606914 -446.302902
1 -1334.500162 0.603465 79.712034 0.756110 960.146601 2.280789 218.784692 0.007066 54.594233 16.009908 110.719535 0.628418 91.063394 -446.302902
1 -1344.495477 0.602954 79.826800 0.785495 942.396774 4.069178 473.535342 0.553870 68.789998 18.908179 112.197274 0.460470 97.352178 -446.302902
1 -1337.962764 0.604467 79.974626 0.764681 948.698517 1.182446 184.811192 0.071642 79.526390 16.961929 177.743626 0.462302 92.535638 -471.464849
1 -1338.412139 0.604945 79.841709 0.767134 956.623039 2.691994 418.959521 0.223191 70.947358 13.244921 109.791959 0.495048 93.446668 -471.464849
1 -1326.377536 0.600742 79.920018 0.759353 953.868319 19.422428 311.956834 0.055302 78.660924 19.523112 122.988938 0.575061 97.803742 -471.464849
1 -1329.276606 0.602822 79.995115 0.770830 965.690241 13.101994 140.967781 0.399623 60.683356 18.906539 106.950870 0.492554 103.563018 -471.464849
1 -1337.953743 0.600537 79.888932 0.757185 956.947918 13.942823 522.805455 0.146044 54.177518 13.083729 111.023487 0.571427 95.530942 -471.464849
1 -1321.709255 0.605037 79.996605 0.763620 957.215772 4.732386 188.125907 0.182180 50.977424 21.817362 112.670294 0.574534 85.315393 -471.464849
1 -1332.120147 0.601443 79.734447 0.760170 949.657368 15.292807 487.092438 0.207396 72.296933 22.009645 100.734378 0.534180 84.638048 -471.464849
1 -1322.861629 0.603088 79.911716 0.754997 954.299203 4.798489 182.636879 0.392010 54.692246 21.991665 127.224905 0.480005 97.355093 -471.464849
1 -1343.341296 0.603315 79.710936 0.755039 961.348547 19.951376 370.100333 0.577478 57.797336 13.143032 102.577680 0.613699 86.900486 -471.464849
1 -1343.649187 0.604023 79.539655 0.759709 942.245944 4.699131 314.917245 0.479161 65.936947 19.935384 112.839304 0.505035 84.906720 -471.464849
1 -1335.505419 0.603426 79.772525 0.755184 943.814542 4.691665 277.227404 0.071212 52.033683 20.826090 167.450780 0.471942 86.509360 -496.353018
1 -1323.085860 0.600578 79.847323 0.755290 954.198732 1.550740 423.603777 0.226031 66.807437 20.561423 120.676072 0.503012 89.363866 -496.353018
1 -1320.425455 0.600418 79.981039 0.763990 949.223400 3.847393 180.476962 0.146896 77.001311 22.486772 128.233488 0.615190 90.275762 -496.353018
1 -1316.979361 0.602767 79.998360 0.755513 959.306699 13.342072 143.056469 0.086963 66.322412 20.015780 114.816893 0.482789 97.762027 -496.353018
1 -1343.139950 0.600310 79.826630 0.767552 950.344626 1.422419 585.959995 0.595734 61.675336 9.894155 108.026510 0.613268 95.619468 -496.353018
1 -1318.868324 0.605723 79.964152 0.755023 957.787067 1.450045 148.300320 0.221836 77.309940 21.073126 121.287470 0.491078 85.578592 -496.353018
1 -1327.084091 0.600378 79.728735 0.756712 949.619593 11.060691 385.668906 0.034529 74.623127 21.982864 109.988043 0.553846 86.639588 -496.353018
1 -1321.770501 0.601809 79.992690 0.755321 950.688234 5.272710 156.163147 0.491634 57.969922 22.165531 144.610501 0.465890 99.744453 -496.353018
1 -1352.847219 0.605120 79.732727 0.771184 969.929887 21.376552 204.401498 0.571079 53.887876 13.582080 101.954842 0.540714 95.376536 -496.353018
1 -1336.111863 0.607274 79.933964 0.776998 956.926983 6.061285 385.571140 0.013547 55.975511 20.435569 106.078793 0.541789 87.952006 -496.353018
1 -1334.558670 0.601294 79.787507 0.756858 966.551420 15.971511 188.986414 0.510914 52.751711 16.361686 104.350865 0.483514 111.081880 -521.534847
1 -1318.793155 0.601578 79.986475 0.758898 948.210974 2.464702 352.190868 0.180580 66.062805 20.950649 137.422937 0.486330 84.935039 -521.534847
1 -1324.256694 0.602908 79.907353 0.759721 951.870209 5.359816 158.513029 0.060187 75.645729 21.878775 116.804442 0.713876 86.587941 -521.534847
1 -1319.668209 0.600528 79.928816 0.759879 956.446792 13.129061 175.495282 0.576638 65.571871 20.300422 110.390346 0.564186 90.215564 -521.534847
1 -1325.384807 0.604552 79.999663 0.770417 963.298945 8.557739 165.588260 0.184415 75.861346 19.996630 103.798769 0.465933 92.430580 -521.534847
1 -1328.890963 0.608257 79.978507 0.760916 963.782569 19.100416 144.962879 0.577433 74.000517 20.399471 108.461131 0.470940 109.651596 -521.534847
1 -1334.014545 0.600485 79.729933 0.759150 949.242710 1.146989 450.053404 0.533189 79.275245 21.561967 102.076022 0.508351 114.609977 -521.534847
1 -1323.782410 0.600992 79.961756 0.757303 946.861987 17.190399 210.543837 0.418234 60.447974 21.411398 150.609421 0.494755 90.192552 -521.534847
1 -1345.553095 0.602469 79.592097 0.755671 965.704346 18.555325 213.938008 0.031960 61.220099 13.386423 115.883839 0.476985 93.556672 -521.534847
1 -1338.481347 0.606954 79.863251 0.773012 959.713188 5.026799 398.729397 0.042283 51.552772 19.397255 100.408826 0.504898 94.054174 -521.534847
1 -1335.284050 0.604450 79.917149 0.760523 967.039581 20.418857 319.935257 0.339299 77.014705 18.163254 104.860385 0.482158 112.875238 -549.630523
1 -1324.455531 0.603767 79.969820 0.755556 951.422212 17.859290 295.575642 0.424403 69.358226 17.293830 105.124011 0.593809 94.938639 -549.630523
1 -1324.432738 0.604007 79.939645 0.759557 949.501387 2.938635 270.345329 0.039877 69.100723 19.117799 104.299948 0.628387 89.929721 -549.630523
1 -1318.976256 0.601283 79.915814 0.758231 953.298818 10.537648 215.613628 0.531757 59.146829 20.550455 109.534898 0.545870 84.607856 -549.630523
1 -1319.466687 0.605092 79.978218 0.756600 960.464203 3.974667 233.916718 0.423145 76.136440 22.062846 107.058645 0.536612 90.229831 -549.630523
1 -1329.828282 0.609734 79.948034 0.758557 963.254832 22.506898 158.941490 0.431024 75.842469 21.054373 101.249094 0.490764 108.845088 -549.630523
1 -1325.533974 0.605801 79.981601 0.761396 948.870872 1.111985 425.213367 0.159189 61.844281 22.177590 137.050336 0.455855 89.545790 -549.630523
1 -1322.123306 0.601140 79.952068 0.760613 946.539559 21.036705 145.536043 0.337426 63.531810 20.452467 131.395719 0.571457 85.112317 -549.630523
1 -1332.667241 0.602625 79.992072 0.793020 958.459813 11.099747 117.183192 0.510075 76.974095 15.186293 100.754250 0.478661 88.258092 -549.630523
1 -1340.668787 0.600954 79.916101 0.767277 935.211695 1.772556 237.167061 0.442733 75.503585 19.919065 169.503638 0.559014 87.163867 -549.630523
1 -1321.145834 0.604646 79.909293 0.755456 960.556630 5.758347 207.593369 0.107725 70.589354 22.002013 112.907078 0.468975 86.705523 -579.619892
1 -1319.970968 0.603185 79.997885 0.760566 955.302678 3.425911 218.500514 0.042372 78.187736 17.980099 100.353317 0.667681 89.186876 -579.619892
1 -1323.115504 0.605225 79.959177 0.756618 952.340403 14.224188 312.533777 0.592133 72.832576 22.253108 107.526434 0.604398 88.943915 -579.619892
1 -1318.495325 0.601892 79.905573 0.755550 953.963270 10.819327 208.473815 0.410706 59.525546 19.977328 103.941527 0.540962 88.529649 -579.619892
1 -1327.573124 0.606934 79.975233 0.758581 965.381489 8.394531 120.919548 0.184464 52.611038 21.135064 102.598320 0.595790 104.326085 -579.619892
1 -1327.428034 0.607655 79.908865 0.755277 961.890831 5.106820 101.813811 0.112068 71.703574 18.977326 107.519606 0.471081 107.411916 -579.619892
1 -1333.353919 0.603131 79.849443 0.760748 946.004052 16.313502 271.287161 0.002214 77.422548 15.504029 129.436198 0.488917 90.933033 -579.619892
1 -1319.583900 0.601866 79.969157 0.757756 950.280883 19.480219 119.518118 0.425092 67.078038 21.595615 138.210485 0.519548 88.284633 -579.619892
1 -1328.589025 0.602979 79.742668 0.757707 952.156182 19.303893 112.320665 0.450977 72.503429 13.986744 101.499159 0.497537 89.420294 -579.619892
1 -1342.671129 0.602007 79.942952 0.767012 940.561430 22.226402 203.385174 0.453569 71.170132 17.719485 145.453651 0.544891 100.020065 -579.619892
1 -1325.837558 0.604661 79.942002 0.758464 956.138004 11.041523 203.682815 0.161664 61.133424 20.341969 119.554319 0.636932 90.974331 -607.770395
1 -1316.640208 0.600202 79.960158 0.758934 949.739738 5.010598 238.615374 0.215932 70.885620 15.915191 104.923101 0.540409 87.885345 -607.770395
1 -1324.997799 0.605108 79.900756 0.757240 950.942071 17.909256 262.895405 0.159372 75.114320 21.800788 113.965700 0.598598 85.887626 -607.770395
1 -1322.080823 0.600493 79.909960 0.755549 950.574000 11.101222 308.375101 0.433467 58.972827 18.577756 102.992540 0.552891 97.070539 -607.770395
1 -1324.721984 0.602037 79.879847 0.765170 951.440918 15.801998 139.806409 0.341568 73.880182 15.521910 101.165531 0.585488 85.743084 -607.770395
1 -1326.933441 0.607043 79.964883 0.755226 956.615099 11.820655 164.012131 0.377708 52.018139 20.757245 119.310428 0.465603 106.096955 -607.770395
1 -1326.787299 0.601949 79.905134 0.755041 948.315282 10.731536 253.244145 0.541923 64.713054 12.481992 115.352067 0.491902 90.211574 -607.770395
1 -1319.768988 0.600969 79.949660 0.760087 953.965776 20.965472 157.331197 0.442479 56.973929 22.547303 128.695488 0.536742 85.449339 -607.770395
1 -1332.795571 0.600666 79.754178 0.758506 954.055853 17.399068 101.661227 0.449120 64.646009 19.659761 115.633460 0.502626 112.066138 -607.770395
1 -1337.311289 0.601037 79.952474 0.768294 948.629579 2.744505 193.086412 0.438038 71.253225 21.247397 143.872567 0.583906 109.231623 -607.770395
1 -1329.500921 0.600316 79.983496 0.772418 953.872043 22.201216 238.644942 0.373471 61.397535 15.183923 107.045633 0.660156 92.727986 -636.980924
1 -1318.490498 0.601213 79.945089 0.755003 955.878574 11.685115 158.910669 0.243101 55.126392 18.475920 112.825930 0.584144 90.321083 -636.980924
1 -1320.997170 0.604515 79.970163 0.758044 952.377373 5.675464 276.773820 0.252536 79.672023 17.978899 101.341239 0.629217 86.827176 -636.980924
1 -1322.979940 0.603110 79.946767 0.756697 948.763048 21.163575 189.881504 0.543281 79.958061 12.829247 106.057560 0.575712 88.032964 -636.980924
1 -1320.731937 0.600260 79.841272 0.764740 952.098367 2.985282 124.495430 0.336602 70.730977 17.955148 100.111536 0.520603 85.624548 -636.980924
1 -1325.628499 0.606812 79.989542 0.759433 955.186864 2.227933 160.992056 0.331119 55.787521 22.550294 118.765281 0.460546 106.070753 -636.980924
1 -1323.729798 0.602939 79.968666 0.760609 960.623841 11.665987 157.619358 0.133321 68.194767 19.238068 107.510873 0.707287 92.052645 -636.980924
1 -1312.088239 0.600344 79.968923 0.756458 954.185639 11.423574 131.447244 0.538809 79.131725 19.124277 111.920069 0.464612 91.575152 -636.980924
1 -1319.575314 0.602041 79.952054 0.755799 948.709019 22.309173 241.116447 0.180569 77.426882 15.721890 103.883733 0.552182 88.483279 -636.980924
1 -1320.613147 0.603894 79.976449 0.755593 946.164240 15.953208 164.946393 0.489554 72.627362 21.968520 144.860567 0.479501 85.835322 -636.980924
1 -1322.226454 0.600092 79.943301 0.764769 949.694914 8.311277 269.455326 0.058577 75.979267 14.286176 102.782942 0.524361 92.578868 -675.064018
1 -1316.289165 0.601467 79.963827 0.756565 958.266532 15.358566 117.725277 0.313004 77.689254 19.174558 102.868750 0.618348 90.860894 -675.064018
1 -1320.121633 0.607433 79.992011 0.756666 953.122990 2.092648 284.049750 0.304563 53.583821 22.536999 110.465546 0.490388 86.039733 -675.064018
1 -1324.298893 0.601596 79.993131 0.757591 947.274551 15.526658 140.345048 0.278457 78.130724 10.725175 106.912246 0.613485 90.390595 -675.064018
1 -1323.463141 0.600523 79.670519 0.755466 951.726200 21.308866 133.981053 0.305488 69.630779 18.066450 100.326076 0.464358 84.712861 -675.064018
1 -1315.369397 0.601315 79.984271 0.758284 958.232260 17.187533 107.471279 0.520136 79.879853 21.323570 113.613161 0.561804 92.454547 -675.064018
1 -1335.893962 0.603747 79.985336 0.773344 965.007988 19.695745 128.279743 0.573968 60.391955 21.079988 115.734367 0.858040 90.350035 -675.064018
1 -1314.500178 0.600185 79.965059 0.756586 954.612144 11.214247 182.205402 0.378294 75.333640 16.424579 102.010107 0.503444 93.463661 -675.064018
1 -1319.401886 0.601879 79.988161 0.762583 948.858311 5.204366 157.089676 0.491301 67.079967 18.042069 110.973966 0.491667 91.767990 -675.064018
1 -1325.333217 0.603520 79.980787 0.757446 950.413707 13.004885 156.508860 0.139329 66.552885 17.547173 134.322182 0.642261 86.632854 -675.064018
1 -1318.576309 0.603019 79.935728 0.757270 951.123482 2.295337 271.019490 0.081037 78.494851 17.880677 110.543678 0.455980 90.469487 -710.220130
1 -1315.981377 0.600031 79.995728 0.760353 957.048429 4.496957 210.464804 0.492624 73.807268 20.879107 101.306457 0.595959 96.963378 -710.220130
1 -1322.138784 0.604589 79.949905 0.755627 954.361859 20.093663 229.364634 0.243794 52.840997 19.615226 115.746916 0.533837 87.201977 -710.220130
1 -1316.462244 0.600910 79.990299 0.755054 957.475010 6.441347 225.976798 0.241250 63.944760 20.963797 121.660268 0.520869 93.728354 -710.220130
1 -1313.672225 0.600091 79.922107 0.757475 953.296908 19.562692 132.432808 0.249290 66.869243 17.878064 104.049731 0.468258 85.071574 -710.220130
1 -1316.986506 0.604032 79.995810 0.757803 950.846162 17.876665 217.591743 0.281676 71.197618 21.914010 118.585527 0.462537 88.406047 -710.220130
1 -1330.184398 0.607037 79.842589 0.765383 932.378628 1.317785 992.496697 0.598782 62.408640 21.411350 105.233649 0.476672 89.185332 -710.220130
1 -1312.504105 0.600047 79.996090 0.756471 955.885848 4.590803 129.538918 0.350691 74.412708 16.429122 103.882814 0.475154 95.294441 -710.220130
1 -1320.189976 0.606761 79.996753 0.755505 963.003510 3.839297 176.673310 0.277700 58.263698 22.298335 106.895910 0.469171 87.827464 -710.220130
1 -1323.805421 0.601137 79.880237 0.757758 952.370318 12.509892 165.365692 0.253362 67.755060 18.121761 128.245466 0.597648 85.080821 -710.220130
1 -1314.702023 0.602249 79.985503 0.757646 955.251104 1.050329 153.823953 0.103148 79.019734 16.544565 104.708286 0.469570 89.592201 -743.708406
1 -1317.619041 0.600777 79.974779 0.761347 955.985503 5.922862 178.032157 0.539673 77.990726 22.619182 109.442949 0.627711 93.632397 -743.708406
1 -1314.908693 0.602284 79.983051 0.758415 955.492699 7.022679 110.380406 0.440933 75.048763 17.582170 106.638973 0.467848 89.895487 -743.708406
1 -1318.588024 0.600380 79.946283 0.758272 959.526570 5.212549 156.552488 0.247421 61.053973 22.274075 116.486239 0.614143 89.977149 -743.708406
1 -1316.140143 0.600088 79.951072 0.762408 952.803799 4.648395 190.777641 0.225581 53.123346 20.511810 115.813821 0.467094 86.014191 -743.708406
1 -1320.001459 0.603271 79.976452 0.757827 948.741624 18.029585 346.530369 0.218731 74.424995 22.514955 121.142874 0.454774 89.951905 -743.708406
1 -1333.798710 0.607153 79.836551 0.762815 930.385980 3.446495 926.010890 0.129490 61.922180 21.513952 107.395973 0.482215 87.912765 -743.708406
1 -1319.157667 0.600336 79.966142 0.764683 950.685299 12.103493 318.994100 0.138452 59.920963 17.126476 102.813630 0.455745 90.367478 -743.708406
1 -1321.041447 0.600202 79.973063 0.761389 945.386868 21.290618 181.942927 0.231251 50.282321 20.783907 132.810630 0.500259 89.283371 -743.708406
1 -1312.461604 0.600669 79.992114 0.755928 955.622543 5.964934 132.049945 0.349001 76.486162 16.289000 103.634205 0.456373 94.560047 -743.708406
1 -1313.449756 0.600883 79.982977 0.756422 954.836244 5.925808 125.254515 0.117722 64.729669 18.927801 113.247213 0.477147 91.200677 -775.396178
1 -1328.824874 0.602268 79.796234 0.763646 948.506924 10.141405 362.723283 0.135210 68.202742 22.518574 113.059995 0.540089 85.513763 -775.396178
1 -1314.558596 0.600687 79.968284 0.760625 954.271471 7.040704 107.935459 0.489780 79.793920 19.343045 116.333696 0.470022 90.184650 -775.396178
1 -1319.778892 0.602721 79.968603 0.758866 955.497315 7.709062 142.500441 0.305437 58.948370 22.518768 131.379268 0.547711 85.029112 -775.396178
1 -1317.947203 0.602736 79.979552 0.757533 948.065073 16.037238 178.050180 0.072249 64.613082 15.557150 104.550174 0.484374 89.218485 -775.396178
1 -1314.581175 0.601690 79.950422 0.757929 950.465312 7.303116 222.839084 0.464748 79.458192 16.652157 100.736223 0.479659 85.870902 -775.396178
1 -1321.195017 0.606890 79.936961 0.756761 932.328886 1.045748 937.353396 0.072436 54.881926 20.838139 103.904684 0.479564 87.964766 -775.396178
1 -1320.874645 0.600147 79.999519 0.767877 954.128124 14.057791 308.421372 0.110160 56.415315 16.574756 100.334217 0.505294 92.519582 -775.396178
1 -1319.703374 0.600512 79.996839 0.758243 943.757928 17.877842 176.360888 0.343086 50.278476 21.837252 139.012357 0.478459 88.028431 -775.396178
1 -1315.890968 0.600828 79.989488 0.762565 953.730031 7.882400 179.638049 0.290207 75.076542 17.285669 106.422766 0.456519 93.280796 -775.396178
1 -1318.890264 0.601968 79.981563 0.756938 948.301295 4.284431 310.279051 0.595344 64.963671 19.702701 115.509098 0.487937 92.041880 -809.919980
1 -1314.576869 0.601164 79.931715 0.756582 951.055095 3.851742 169.420031 0.062273 67.102880 22.258013 114.776429 0.537083 85.454117 -809.919980
1 -1320.132681 0.600127 79.902302 0.760983 955.571808 5.210650 149.200431 0.443728 50.975252 19.034167 110.729713 0.476456 90.649056 -809.919980
1 -1318.592032 0.603330 79.988309 0.755222 953.617256 8.441324 200.088236 0.189512 52.908805 21.641296 134.010192 0.510292 86.482540 -809.919980
1 -1317.674747 0.601989 79.965407 0.758299 952.105105 14.608208 142.645020 0.077133 71.170326 15.171853 104.344900 0.483837 92.459467 -809.919980
1 -1318.779038 0.601328 79.978988 0.764510 949.953990 7.004067 224.688196 0.510706 77.188563 17.750316 107.435799 0.586323 84.937188 -809.919980
1 -1322.412056 0.608371 79.974449 0.755850 936.982416 1.051853 985.356868 0.013005 51.285804 21.946970 105.962114 0.515957 89.300662 -809.919980
1 -1319.537281 0.600860 79.912600 0.756927 949.046729 2.206497 291.140475 0.207926 66.375218 18.526599 116.905417 0.513404 89.849967 -809.919980
1 -1324.613110 0.600641 79.926026 0.765749 945.138549 16.868132 216.453631 0.390706 79.071948 20.175966 137.924907 0.507186 87.630125 -809.919980
1 -1316.376372 0.601960 79.996716 0.759263 947.771668 5.510276 203.701145 0.068019 50.074398 21.747855 128.099578 0.478058 87.614340 -809.919980
1 -1312.899463 0.600082 79.983148 0.755513 951.330261 4.020787 352.231354 0.084145 65.572666 22.023688 112.727739 0.519719 88.294758 -861.515507
1 -1312.333219 0.600847 79.922594 0.755122 950.862497 17.194263 152.557426 0.521649 75.167660 21.539850 100.638083 0.532515 84.787641 -861.515507
1 -1318.985391 0.600984 79.886284 0.756146 957.640864 4.476390 111.469327 0.450025 53.843953 19.389783 107.810657 0.473951 91.830523 -861.515507
1 -1318.515859 0.600908 79.980738 0.760444 940.849384 3.386679 156.075510 0.123098 58.917913 18.851684 104.161585 0.459360 89.703271 -861.515507
1 -1319.609435 0.603015 79.976884 0.759701 954.845742 11.565387 145.366260 0.538035 75.041387 19.268840 123.400386 0.538904 87.143950 -861.515507
1 -1315.093018 0.600717 79.992531 0.762545 954.457876 7.973894 194.843310 0.046952 50.827354 18.312134 102.427698 0.554473 84.773903 -861.515507
1 -1319.990800 0.601278 79.931155 0.758065 941.885464 20.379794 106.643479 0.496334 69.933784 20.688073 118.579863 0.458703 88.087662 -861.515507
1 -1311.007506 0.600260 79.966199 0.756455 948.918853 4.725757 108.081130 0.124694 64.188095 21.997556 109.841608 0.493129 87.387239 -861.515507
1 -1316.080179 0.600942 79.971176 0.755600 946.486294 7.370434 103.050746 0.308269 73.978260 21.620341 138.534228 0.508973 86.755605 -861.515507
1 -1315.710181 0.601084 79.928425 0.755844 956.001268 3.940168 211.438044 0.583701 71.427992 19.517959 106.129599 0.465249 92.461886 -861.515507
1 -1319.847865 0.600981 79.906877 0.757364 952.994845 13.366674 321.837219 0.140703 76.681342 20.158265 109.061959 0.563013 86.186717 -906.740733
1 -1313.454107 0.600851 79.902089 0.755474 950.836045 16.457175 120.068515 0.035467 73.719159 21.217296 103.243114 0.507996 86.403230 -906.740733
1 -1314.813662 0.600691 79.965418 0.759285 949.091785 3.581424 215.110588 0.245742 55.308638 21.249982 111.740761 0.460531 90.627319 -906.740733
1 -1309.682931 0.600553 79.992642 0.756192 953.135401 0.831383 163.678250 0.027006 65.821383 21.325913 106.378820 0.475885 89.673808 -906.740733
1 -1313.378088 0.602050 79.987623 0.758611 957.913281 6.745246 112.353275 0.025381 64.570806 20.252290 102.970172 0.459565 89.773583 -906.740733
1 -1314.190597 0.600317 79.999042 0.764473 952.885591 7.028446 144.595649 0.054547 74.607770 18.653014 104.487172 0.524178 86.416174 -906.740733
1 -1314.410691 0.600885 79.932351 0.756414 954.092638 4.396732 170.617978 0.073654 63.825283 22.187894 114.264056 0.514808 87.816372 -906.740733
1 -1310.539741 0.600041 79.974513 0.756903 954.928428 1.176070 126.164044 0.183748 72.960010 21.402805 105.317328 0.541456 85.964165 -906.740733
1 -1315.642635 0.600663 79.977050 0.755564 946.186550 5.000126 157.101826 0.244518 73.030601 21.583426 136.053081 0.511410 87.137632 -906.740733
1 -1320.513635 0.600034 79.843503 0.759778 956.309652 11.220997 186.096662 0.040015 74.221273 18.083723 105.950760 0.471786 91.362878 -906.740733
1 -1322.497533 0.602720 79.996797 0.766453 958.661133 5.249498 274.781261 0.514108 77.592312 20.782899 113.726518 0.580809 87.924573 -960.501416
1 -1317.717604 0.600921 79.850960 0.756315 951.908451 5.792480 113.729473 0.445750 55.815855 20.696978 100.905332 0.531395 85.780509 -960.501416
1 -1314.794261 0.600398 79.944792 0.760450 948.652463 1.088334 212.892017 0.222041 51.227795 22.173530 106.541266 0.475982 89.294606 -960.501416
1 -1312.443086 0.600278 79.965752 0.755319 950.398331 19.219275 224.508365 0.263148 53.907672 18.766695 102.190555 0.484972 85.255295 -960.501416
1 -1313.615164 0.601357 79.988675 0.758797 954.059218 10.825644 143.402158 0.138574 79.174183 22.260725 118.823432 0.481366 90.099009 -960.501416
1 -1315.272050 0.601411 79.992571 0.757366 952.038914 7.508341 157.012123 0.295310 52.555267 17.798180 110.077183 0.536590 85.174555 -960.501416
1 -1313.572258 0.601722 79.965240 0.758116 949.670165 5.217515 206.330460 0.526298 79.841365 18.215675 109.714645 0.457970 85.641821 -960.501416
1 -1314.116373 0.600968 79.983162 0.762027 949.361806 2.213319 114.196129 0.197977 78.040689 21.794999 115.988815 0.487039 88.221904 -960.501416
1 -1321.660833 0.600932 79.958650 0.760572 947.271570 2.977134 182.800614 0.307005 51.237288 20.916187 139.766592 0.465758 89.603948 -960.501416
1 -1311.378092 0.600236 79.998027 0.759916 950.089511 5.006418 180.021506 0.286852 74.163275 21.110743 110.082217 0.494913 86.744204 -960.501416
1 -1319.843975 0.601469 79.980877 0.763734 961.517083 5.873785 218.701688 0.371688 78.220155 22.236983 113.340259 0.488004 89.704476 -1013.455159
1 -1310.136236 0.600053 79.985251 0.755010 949.675250 5.421394 242.044803 0.342563 66.386554 20.509473 104.169654 0.506301 85.729826 -1013.455159
1 -1314.639965 0.600691 79.977244 0.757161 954.870640 13.484460 271.310286 0.335643 59.876062 19.754694 101.217158 0.521990 85.227741 -1013.455159
1 -1317.442713 0.601369 79.908409 0.755593 948.951118 5.829833 238.462671 0.154703 59.048814 21.208176 110.033800 0.517863 89.336012 -1013.455159
1 -1311.563969 0.600969 79.991216 0.756251 951.320946 13.625465 100.498739 0.063877 68.725563 22.534060 120.240545 0.468203 90.686065 -1013.455159
1 -1318.993741 0.601229 79.999139 0.758595 955.244713 1.855807 230.412405 0.448286 59.887440 19.205331 120.230990 0.606567 86.077480 -1013.455159
1 -1316.333713 0.601295 79.984021 0.763443 949.911776 9.153626 226.761321 0.532464 75.363448 17.909753 112.834488 0.454929 84.952178 -1013.455159
1 -1311.515898 0.600270 79.996322 0.761004 948.321289 6.227394 131.548126 0.198191 64.871977 19.035731 100.685243 0.491210 85.139360 -1013.455159
1 -1318.116983 0.600085 79.971785 0.757030 945.455723 15.365821 224.817094 0.345479 77.183855 21.923943 136.322560 0.544340 88.855988 -1013.455159
1 -1310.002017 0.600287 79.996998 0.758426 948.586687 8.508487 192.678930 0.354708 71.166089 19.494537 103.517334 0.453728 85.291997 -1013.455159
1 -1312.816846 0.601003 79.998289 0.759525 949.266592 10.440466 112.414211 0.079581 69.741518 19.270635 111.511849 0.480945 86.984885 -1074.860336
1 -1310.136564 0.600369 79.996439 0.757814 948.298158 3.789167 231.182094 0.456888 68.958180 19.145140 100.145891 0.468878 84.680283 -1074.860336
1 -1307.687834 0.600023 79.999215 0.755749 950.262033 1.000767 165.299597 0.131565 70.289059 20.778587 106.709923 0.458764 86.314126 -1074.860336
1 -1314.494028 0.600827 79.917236 0.755024 944.796070 5.030997 225.183485 0.026741 63.266484 21.991407 104.420122 0.466998 88.686423 -1074.860336
1 -1311.080345 0.600828 79.999035 0.755655 954.363120 7.736035 154.317284 0.185746 66.087400 21.525069 115.026995 0.474024 88.963871 -1074.860336
1 -1317.981022 0.601314 79.974651 0.759206 959.437557 5.927797 227.969589 0.528456 79.975114 21.048099 112.740873 0.614733 87.876633 -1074.860336
1 -1318.229168 0.601562 79.984589 0.762473 953.957670 10.187382 276.598503 0.469472 64.272185 18.407300 105.601099 0.480949 85.751316 -1074.860336
1 -1314.758197 0.601280 79.989943 0.757202 953.707541 9.109432 129.841448 0.218974 69.993431 22.216159 122.608915 0.535755 90.602252 -1074.860336
1 -1314.144871 0.600997 79.995680 0.755934 943.773037 1.865375 249.237314 0.415350 79.469809 18.878619 124.704727 0.482075 84.702665 -1074.860336
1 -1309.705751 0.600005 79.979259 0.759447 950.705202 9.783614 180.210044 0.005582 62.617087 21.420834 100.333748 0.457743 86.502655 -1074.860336
1 -1311.345112 0.601064 79.990639 0.755730 948.985707 17.061391 122.376104 0.405133 65.963161 19.044545 105.664540 0.461200 87.510138 -1135.902933
1 -1311.271311 0.600160 79.991165 0.761029 949.686988 1.678338 215.991393 0.495376 66.508256 20.447276 100.940395 0.460706 86.312015 -1135.902933
1 -1311.965666 0.600396 79.973548 0.757014 949.676939 19.765108 234.971566 0.026268 67.930985 22.066295 108.909883 0.467423 87.391681 -1135.902933
1 -1313.343156 0.600873 79.937916 0.756892 947.152482 9.105216 264.637550 0.022459 58.304525 22.442810 100.391478 0.455537 89.023359 -1135.902933
1 -1311.057786 0.600769 79.993051 0.756438 957.620693 18.094831 101.823046 0.138862 59.927374 21.945326 104.747797 0.482640 90.530819 -1135.902933
1 -1321.611486 0.602578 79.907559 0.757144 955.344335 5.732252 306.390896 0.009615 72.168278 22.229193 108.878223 0.603429 90.849935 -1135.902933
1 -1308.251523 0.600206 79.998807 0.755152 951.333292 0.993863 189.349364 0.460844 68.478930 21.002390 100.739878 0.491337 86.934673 -1135.902933
1 -1314.203741 0.601178 79.983274 0.755149 953.129930 6.647122 107.104970 0.166805 74.869380 22.642921 132.978975 0.506971 91.006284 -1135.902933
1 -1315.261785 0.601326 79.997741 0.756036 943.480032 2.309581 218.104770 0.567762 79.483835 18.220156 128.160511 0.480901 85.003670 -1135.902933
1 -1309.618323 0.600296 79.994520 0.758845 950.887927 12.564070 122.009692 0.080024 64.744482 21.396105 104.809216 0.459963 87.813476 -1135.902933
1 -1310.388425 0.600059 79.992985 0.756168 945.890561 6.954845 228.292309 0.446865 78.501199 19.066110 109.845497 0.475851 84.667939 -1192.666871
1 -1311.822470 0.600454 79.995887 0.758221 946.611195 18.026550 216.755824 0.058242 69.115029 20.157022 105.442662 0.465059 86.527592 -1192.666871
1 -1313.176557 0.600084 79.954395 0.757232 950.028784 18.194230 262.872946 0.224309 69.188639 20.240296 105.937744 0.465814 85.786156 -1192.666871
1 -1311.758277 0.600461 79.965295 0.757541 945.723142 6.257380 261.478535 0.007821 64.296190 22.392255 102.886930 0.454184 87.505313 -1192.666871
1 -1309.872232 0.600598 79.986441 0.756645 953.811191 15.576719 137.979475 0.179295 61.150040 20.844141 100.493082 0.462910 88.781998 -1192.666871
1 -1308.903707 0.600177 79.983675 0.755600 952.563805 1.067127 154.935342 0.022103 69.313938 20.821135 109.256769 0.459931 86.739187 -1192.666871
1 -1308.169155 0.600208 79.999529 0.754993 950.968221 1.628746 187.789388 0.430297 69.149398 21.182861 101.563067 0.491486 87.113318 -1192.666871
1 -1316.560272 0.601800 79.974662 0.755932 950.085391 12.553584 112.475009 0.545148 70.925958 21.842170 130.054582 0.492029 91.048197 -1192.666871
1 -1319.126644 0.601012 79.919326 0.757912 947.447899 6.891562 166.512605 0.539429 77.597158 18.527621 127.168069 0.505195 86.879132 -1192.666871
1 -1315.450413 0.600343 79.958329 0.763520 953.152231 3.351038 167.042270 0.168389 74.407855 21.181365 113.952935 0.489946 87.608102 -1192.666871
1 -1310.630044 0.600171 79.996209 0.760629 947.335563 0.901375 243.831750 0.454634 77.038048 20.288978 102.570413 0.483461 84.788490 -1250.422971
1 -1310.402520 0.600005 79.989865 0.756417 954.279134 20.543934 202.801563 0.242764 74.022212 22.281131 108.139725 0.474666 87.920147 -1250.422971
1 -1311.105531 0.600862 79.997866 0.756646 953.880427 15.596633 112.616401 0.517162 65.813477 20.857000 105.950479 0.471240 89.671969 -1250.422971
1 -1311.874221 0.600183 79.962634 0.755032 941.495759 0.915708 339.012952 0.065247 67.693236 22.458539 104.832125 0.458201 85.941091 -1250.422971
1 -1311.082420 0.600466 79.992316 0.755841 950.571968 8.552320 202.247783 0.341734 70.883724 20.025176 113.366194 0.461306 87.465173 -1250.422971
1 -1310.994996 0.600097 79.964714 0.756770 951.513816 16.974382 202.721630 0.156179 76.214575 20.793364 109.163329 0.462397 84.993508 -1250.422971
1 -1310.220015 0.600220 79.977847 0.756082 951.000295 4.741951 230.709492 0.554261 68.936196 21.878221 100.512670 0.499477 86.814954 -1250.422971
1 -1314.018837 0.601289 79.974255 0.756189 953.514786 16.606187 103.092244 0.228501 70.919114 22.048202 126.320734 0.477465 89.783839 -1250.422971
1 -1312.031916 0.601271 79.956842 0.756108 954.625771 17.151312 127.861470 0.211759 64.322607 20.440740 103.450673 0.454145 88.171867 -1250.422971
1 -1312.279013 0.601466 79.969225 0.758958 952.586539 2.342107 178.384169 0.517834 66.850118 21.866767 101.136973 0.454262 87.615142 -1250.422971
